date,signal_date,strategy,model,features,feature_count,stress_probability,predicted_stress,actual_stress,train_stress_rate,return_threshold,rv_threshold,equity_weight,bond_weight,turnover,gross_return,net_return,next_equity_return,next_realized_variance,train_obs,fit_status,error_message
2015-09-30,2015-08-31,ML Logistic Base,Logistic,equity_ret + bond_ret + log_rv_ann + log_iv_ann,4,0.6185269460781615,1,1,0.3333333333333333,-0.039138686812436554,0.17734830506009946,0.4288838323531031,0.5711161676468969,1.0,-0.03915626579851713,-0.04015626579851713,-0.085084699613786,0.238243255816149,72,fitted,
2015-10-31,2015-09-30,ML Logistic Base,Logistic,equity_ret + bond_ret + log_rv_ann + log_iv_ann,4,0.7010755127930062,1,1,0.3194444444444444,-0.04125685610582278,0.17734830506009946,0.3793546923241963,0.6206453076758037,0.0990582800578137,0.010080714130601114,0.009981655850543301,0.0186296284780547,0.2124503847496051,72,fitted,
2015-11-30,2015-10-31,ML Logistic Base,Logistic,equity_ret + bond_ret + log_rv_ann + log_iv_ann,4,0.6446352730556374,1,1,0.3194444444444444,-0.04125685610582278,0.17734830506009946,0.4132188361666176,0.5867811638333824,0.06772828768484263,0.01986609753785757,0.019798369250172726,0.0432262411488284,0.199286770764137,72,fitted,
2015-12-31,2015-11-30,ML Logistic Base,Logistic,equity_ret + bond_ret + log_rv_ann + log_iv_ann,4,0.6504775185134555,1,1,0.3194444444444444,-0.04125685610582278,0.1818683923297215,0.4097134888919267,0.5902865111080733,0.007010694549381746,-0.020009307068700726,-0.020016317763250108,-0.0544587752438217,0.1165629505598818,72,fitted,
2016-03-31,2015-12-31,ML Logistic Base,Logistic,equity_ret + bond_ret + log_rv_ann + log_iv_ann,4,0.5688789590592334,1,1,0.3194444444444444,-0.04159916904096428,0.1818683923297215,0.45867262456446,0.54132737543554,0.09791827134506659,0.013559312174972872,0.013461393903627805,0.0238121153163179,0.1993434710798268,72,fitted,
2016-04-30,2016-03-31,ML Logistic Base,Logistic,equity_ret + bond_ret + log_rv_ann + log_iv_ann,4,0.7501767385913629,1,0,0.3333333333333333,-0.04159916904096428,0.1958653728346217,0.34989395684518226,0.6501060431548178,0.21755733543855554,-0.0009205294514467227,-0.0011380867868852782,-0.0227851342852654,0.193588840985697,72,fitted,
2016-05-31,2016-04-30,ML Logistic Base,Logistic,equity_ret + bond_ret + log_rv_ann + log_iv_ann,4,0.7546148786719701,1,0,0.3333333333333333,-0.04125685610582278,0.19814718480844903,0.347231072796818,0.652768927203182,0.005325768096728523,0.004709253680900184,0.004703927912803456,0.0268582957161227,0.1810239335235844,72,fitted,
2016-06-30,2016-05-31,ML Logistic Base,Logistic,equity_ret + bond_ret + log_rv_ann + log_iv_ann,4,0.6367286782483738,1,0,0.3333333333333333,-0.04125685610582278,0.19814718480844903,0.4179627930509757,0.5820372069490243,0.1414634405083155,0.00518683056168191,0.005045367121173595,0.0020345319779446,0.1810275182397165,72,fitted,
2016-07-31,2016-06-30,ML Logistic Base,Logistic,equity_ret + bond_ret + log_rv_ann + log_iv_ann,4,0.676870963983098,1,1,0.3333333333333333,-0.04125685610582278,0.19814718480844903,0.3938774216101412,0.6061225783898587,0.04817074288166895,-0.0082130015014796,-0.00826117224436127,-0.0512411139825313,0.2142269845827345,72,fitted,
2016-08-31,2016-07-31,ML Logistic Base,Logistic,equity_ret + bond_ret + log_rv_ann + log_iv_ann,4,0.8492343585497202,1,1,0.3333333333333333,-0.04125685610582278,0.19814718480844903,0.2904593848701679,0.709540615129832,0.2068360734799466,0.004269048196282219,0.004062212122802273,0.0082967130024573,0.2143105279851575,72,fitted,
2016-09-30,2016-08-31,ML Logistic Base,Logistic,equity_ret + bond_ret + log_rv_ann + log_iv_ann,4,0.739198505303437,1,1,0.3472222222222222,-0.039138686812436554,0.19814718480844903,0.3564808968179378,0.6435191031820622,0.13204302389553974,0.02159718296320449,0.02146513993930895,0.0594293771977636,0.2542940759341728,72,fitted,
2016-12-31,2016-09-30,ML Logistic Base,Logistic,equity_ret + bond_ret + log_rv_ann + log_iv_ann,4,0.6978255709349566,1,1,0.3472222222222222,-0.039138686812436554,0.19814718480844903,0.3813046574390261,0.6186953425609739,0.04964752124217653,-0.004286847011434625,-0.004336494532676802,0.0117308616132547,0.2264358220577079,72,fitted,
2017-01-31,2016-12-31,ML Logistic Base,Logistic,equity_ret + bond_ret + log_rv_ann + log_iv_ann,4,0.6890410070214611,1,1,0.3472222222222222,-0.039138686812436554,0.19933213101668884,0.38657539578712335,0.6134246042128766,0.010541476696194596,0.035322677803848346,0.035312136327152154,0.090069111087863,0.3190838438320685,72,fitted,
2017-02-28,2017-01-31,ML Logistic Base,Logistic,equity_ret + bond_ret + log_rv_ann + log_iv_ann,4,0.43511637087311644,0,1,0.3472222222222222,-0.039138686812436554,0.20159483331923272,0.5389301774761301,0.46106982252386985,0.3047095633780135,-0.006938293076193371,-0.007243002639571385,-0.0048285128799836,0.2117248957589671,72,fitted,
2017-03-31,2017-02-28,ML Logistic Base,Logistic,equity_ret + bond_ret + log_rv_ann + log_iv_ann,4,0.3597109788673464,0,0,0.3472222222222222,-0.039138686812436554,0.20396247089832828,0.5841734126795922,0.4158265873204078,0.09048647040692415,0.023205345213701236,0.023114858743294314,0.0444657588234065,0.1397744607729905,72,fitted,
2017-04-30,2017-03-31,ML Logistic Base,Logistic,equity_ret + bond_ret + log_rv_ann + log_iv_ann,4,0.247855906503656,0,0,0.3472222222222222,-0.039138686812436554,0.20396247089832828,0.6512864560978066,0.34871354390219345,0.13422608683642867,0.015279929784558336,0.015145703697721908,0.0152915284610737,0.026838141827396,72,fitted,
2017-05-31,2017-04-30,ML Logistic Base,Logistic,equity_ret + bond_ret + log_rv_ann + log_iv_ann,4,0.17558413011783805,0,0,0.3472222222222222,-0.039138686812436554,0.20396247089832828,0.6946495219292972,0.3053504780707028,0.08672613166298127,0.03349518569822744,0.03340845956656446,0.0487269776618131,0.0505076598014562,72,fitted,
2017-06-30,2017-05-31,ML Logistic Base,Logistic,equity_ret + bond_ret + log_rv_ann + log_iv_ann,4,0.16354993551923924,0,0,0.3472222222222222,-0.039138686812436554,0.20396247089832828,0.7018700386884565,0.29812996131154346,0.014441033518318713,-0.015220245308924298,-0.015234686342442617,-0.0257235885595024,0.0415530659489305,72,fitted,
2017-07-31,2017-06-30,ML Logistic Base,Logistic,equity_ret + bond_ret + log_rv_ann + log_iv_ann,4,0.21449542828227472,0,0,0.3472222222222222,-0.039138686812436554,0.20396247089832828,0.6713027430306352,0.3286972569693648,0.061134591315642695,-0.00937023648002458,-0.009431371071340223,-0.0081039436501151,0.0413694048537509,72,fitted,
2017-08-31,2017-07-31,ML Logistic Base,Logistic,equity_ret + bond_ret + log_rv_ann + log_iv_ann,4,0.15264224049504393,0,0,0.3472222222222222,-0.0350163094830188,0.20396247089832828,0.7084146557029737,0.2915853442970263,0.07422382534467697,-0.018316065373309258,-0.018390289198653934,-0.0309766055658198,0.0277954860835847,72,fitted,
2017-09-30,2017-08-31,ML Logistic Base,Logistic,equity_ret + bond_ret + log_rv_ann + log_iv_ann,4,0.1915379855779895,0,0,0.3472222222222222,-0.0350163094830188,0.20396247089832828,0.6850772086532064,0.3149227913467936,0.046674894099534514,0.018335961938105834,0.0182892870440063,0.0260836708088783,0.0267739017087609,72,fitted,
2017-10-31,2017-09-30,ML Logistic Base,Logistic,equity_ret + bond_ret + log_rv_ann + log_iv_ann,4,0.14755197794782576,0,0,0.3472222222222222,-0.0350163094830188,0.20396247089832828,0.7114688132313045,0.2885311867686955,0.052783209156196165,0.021273751637635317,0.02122096842847912,0.0321012457270728,0.0309393883374153,72,fitted,
2017-11-30,2017-10-31,ML Logistic Base,Logistic,equity_ret + bond_ret + log_rv_ann + log_iv_ann,4,0.13330826511816496,0,0,0.3472222222222222,-0.033895692261528436,0.20396247089832828,0.7200150409291011,0.27998495907089893,0.01709245539559312,-0.000753603567031498,-0.0007706960224270911,-0.0037783226150691,0.0385398529805913,72,fitted,
2017-12-31,2017-11-30,ML Logistic Base,Logistic,equity_ret + bond_ret + log_rv_ann + log_iv_ann,4,0.17402871256047933,0,0,0.3472222222222222,-0.033895692261528436,0.20396247089832828,0.6955827724637125,0.3044172275362875,0.04886453693077719,0.003124265508410681,0.0030754009714799037,0.001833758479341,0.032792270443252,72,fitted,
2018-01-31,2017-12-31,ML Logistic Base,Logistic,equity_ret + bond_ret + log_rv_ann + log_iv_ann,4,0.168083366693567,0,0,0.3611111111111111,-0.03056184931653722,0.20159483331923272,0.6991499799838599,0.30085002001614014,0.007134415040294773,-0.004489565230483717,-0.004496699645524012,-0.0014193362543274,0.0483842570704571,72,fitted,
2018-02-28,2018-01-31,ML Logistic Base,Logistic,equity_ret + bond_ret + log_rv_ann + log_iv_ann,4,0.30863292524196145,0,1,0.375,-0.028266977167426,0.19933213101668884,0.614820244854823,0.385179755145177,0.1686594702580737,-0.03829241119071405,-0.038461070660972124,-0.0606190245987007,0.048475670166582,72,fitted,
2018-03-31,2018-02-28,ML Logistic Base,Logistic,equity_ret + bond_ret + log_rv_ann + log_iv_ann,4,0.2916726810132495,0,0,0.375,-0.03056184931653722,0.19814718480844903,0.6249963913920503,0.3750036086079497,0.02035229307445463,0.01162159326013784,0.011601240967063385,0.0154501912433664,0.042328151215129,72,fitted,
2018-04-30,2018-03-31,ML Logistic Base,Logistic,equity_ret + bond_ret + log_rv_ann + log_iv_ann,4,0.2802474083620959,0,0,0.375,-0.03056184931653722,0.1913070290118697,0.6318515549827426,0.3681484450172574,0.01371032718138454,0.005046045817364127,0.005032335490182742,0.0042251275169695,0.0528805350904335,72,fitted,
2018-05-31,2018-04-30,ML Logistic Base,Logistic,equity_ret + bond_ret + log_rv_ann + log_iv_ann,4,0.3367387346531498,0,0,0.3611111111111111,-0.03056184931653722,0.1819493285411914,0.5979567592081101,0.4020432407918899,0.067789591549265,0.020343702658324293,0.020275913066775026,0.0352935855603029,0.044122164842242,72,fitted,
2018-06-30,2018-05-31,ML Logistic Base,Logistic,equity_ret + bond_ret + log_rv_ann + log_iv_ann,4,0.29657575292586474,0,0,0.3611111111111111,-0.03056184931653722,0.1819493285411914,0.622054548244481,0.37794545175551897,0.048195578072741885,-0.020143552925676662,-0.020191748503749406,-0.0252249155560972,0.0426956959936459,72,fitted,
2018-07-31,2018-06-30,ML Logistic Base,Logistic,equity_ret + bond_ret + log_rv_ann + log_iv_ann,4,0.4768799079203093,0,0,0.3611111111111111,-0.03056184931653722,0.1819493285411914,0.5138720552478144,0.48612794475218557,0.2163649859933332,0.0009613423148820601,0.0007449773288887269,-0.0086575728984089,0.0395476525110247,72,fitted,
2018-08-31,2018-07-31,ML Logistic Base,Logistic,equity_ret + bond_ret + log_rv_ann + log_iv_ann,4,0.39500842715342915,0,0,0.3611111111111111,-0.03056184931653722,0.1819493285411914,0.5629949437079426,0.43700505629205744,0.09824577692025627,-0.003863297709357217,-0.003961543486277473,-0.0055753930477079,0.0314738547115443,72,fitted,
2018-09-30,2018-08-31,ML Logistic Base,Logistic,equity_ret + bond_ret + log_rv_ann + log_iv_ann,4,0.2546234748614757,0,1,0.3611111111111111,-0.028266977167426,0.1819493285411914,0.6472259150831146,0.35277408491688544,0.16846194275034398,-0.02294020238498737,-0.023108664327737716,-0.0334532251326292,0.0274818107195285,72,fitted,
2018-10-31,2018-09-30,ML Logistic Base,Logistic,equity_ret + bond_ret + log_rv_ann + log_iv_ann,4,0.2498191356013353,0,1,0.3611111111111111,-0.028266977167426,0.1819493285411914,0.6501085186391988,0.34989148136080117,0.005765207112168547,-0.02651529525667287,-0.02652106046378504,-0.0354052055802183,0.0373719218139833,72,fitted,
2018-11-30,2018-10-31,ML Logistic Base,Logistic,equity_ret + bond_ret + log_rv_ann + log_iv_ann,4,0.5509216437842347,1,0,0.375,-0.028266977167426,0.18102680129649007,0.4694470137294592,0.5305529862705408,0.3613230098194793,0.0025857627776568106,0.0022244397678373314,-0.0001032534939002,0.0384106237566746,72,fitted,
2018-12-31,2018-11-30,ML Logistic Base,Logistic,equity_ret + bond_ret + log_rv_ann + log_iv_ann,4,0.4627931361077439,0,0,0.375,-0.028266977167426,0.18094371425534092,0.5223241183353536,0.47767588166464636,0.10575420921178891,-0.011161446360951418,-0.011267200570163206,-0.0269592825839305,0.0630481651869297,72,fitted,
2019-01-31,2018-12-31,ML Logistic Base,Logistic,equity_ret + bond_ret + log_rv_ann + log_iv_ann,4,0.46706573850857164,0,0,0.375,-0.02851411597231162,0.17734830506009946,0.519760556894857,0.480239443105143,0.005127122880993262,-0.0048644468607525835,-0.004869573983633577,-0.0122040856244322,0.0899505509701786,72,fitted,
2019-02-28,2019-01-31,ML Logistic Base,Logistic,equity_ret + bond_ret + log_rv_ann + log_iv_ann,4,0.19434795516135378,0,0,0.375,-0.02851411597231162,0.17734830506009946,0.6833912269031877,0.31660877309681235,0.3272613400166613,0.02961416906876263,0.029286907728745967,0.0393186927211415,0.1027997660392212,72,fitted,
2019-03-31,2019-02-28,ML Logistic Base,Logistic,equity_ret + bond_ret + log_rv_ann + log_iv_ann,4,0.35501555628087644,0,0,0.375,-0.026712143779044878,0.17734830506009946,0.5869906662314742,0.4130093337685258,0.19280112134342686,0.02417079565866694,0.02397799453732351,0.0354775369965916,0.0913299563139267,72,fitted,
2019-04-30,2019-03-31,ML Logistic Base,Logistic,equity_ret + bond_ret + log_rv_ann + log_iv_ann,4,0.38979355884388867,0,0,0.375,-0.026712143779044878,0.17734830506009946,0.5661238646936668,0.4338761353063332,0.0417336030756148,0.027748854140484922,0.027707120537409306,0.0435479135820724,0.0514406814597425,72,fitted,
2019-05-31,2019-04-30,ML Logistic Base,Logistic,equity_ret + bond_ret + log_rv_ann + log_iv_ann,4,0.2757040238628195,0,1,0.375,-0.026712143779044878,0.17734830506009946,0.6345775856823084,0.3654224143176916,0.1369074419772831,-0.01668498355464758,-0.01682189099662486,-0.0281684755300689,0.0428730592917657,72,fitted,
2019-06-30,2019-05-31,ML Logistic Base,Logistic,equity_ret + bond_ret + log_rv_ann + log_iv_ann,4,0.26232020434532155,0,0,0.375,-0.02792663694084122,0.17734830506009946,0.6426078773928071,0.3573921226071929,0.016060583420997476,0.012225653386100675,0.012209592802679678,0.0107200928441295,0.0312228560914626,72,fitted,
2019-07-31,2019-06-30,ML Logistic Base,Logistic,equity_ret + bond_ret + log_rv_ann + log_iv_ann,4,0.23339904070649636,0,0,0.375,-0.02792663694084122,0.17734830506009946,0.6599605755761022,0.3400394244238978,0.0347053963665902,0.02535718633638071,0.025322480940014117,0.0325102244609072,0.0356824711357968,72,fitted,
2019-08-31,2019-07-31,ML Logistic Base,Logistic,equity_ret + bond_ret + log_rv_ann + log_iv_ann,4,0.18856069136221337,0,1,0.375,-0.02792663694084122,0.17734830506009946,0.6868635851826721,0.3131364148173279,0.053806019213139766,-0.017398104818234016,-0.017451910837447158,-0.0347038800061944,0.0576066691497176,72,fitted,
2019-09-30,2019-08-31,ML Logistic Base,Logistic,equity_ret + bond_ret + log_rv_ann + log_iv_ann,4,0.41848554038875585,0,0,0.375,-0.02792663694084122,0.17734830506009946,0.5489086757667465,0.4510913242332535,0.2759098188318512,0.02788367635428933,0.02760776653545748,0.0484331335390779,0.0557517645539162,72,fitted,
2019-10-31,2019-09-30,ML Logistic Base,Logistic,equity_ret + bond_ret + log_rv_ann + log_iv_ann,4,0.3273278784445512,0,0,0.375,-0.02792663694084122,0.17734830506009946,0.6036032729332692,0.3963967270667308,0.10938919433304539,-0.008765277767950207,-0.008874666962283253,-0.0126877426972058,0.0540597880257949,72,fitted,
2019-11-30,2019-10-31,ML Logistic Base,Logistic,equity_ret + bond_ret + log_rv_ann + log_iv_ann,4,0.37192557321758263,0,0,0.375,-0.026712143779044878,0.17734830506009946,0.5768446560694505,0.42315534393054954,0.0535172337276375,0.030073349011939296,0.03001983177821166,0.0624620753169182,0.0583813006187289,72,fitted,
2019-12-31,2019-11-30,ML Logistic Base,Logistic,equity_ret + bond_ret + log_rv_ann + log_iv_ann,4,0.31569572787348593,0,0,0.375,-0.026712143779044878,0.17734830506009946,0.6105825632759083,0.3894174367240917,0.06747581441291572,-0.0004091625557708724,-0.0004766383701837881,-0.0015758454804618,0.0381458968124907,72,fitted,
2020-01-31,2019-12-31,ML Logistic Base,Logistic,equity_ret + bond_ret + log_rv_ann + log_iv_ann,4,0.25120542415031955,0,0,0.375,-0.026712143779044878,0.17734830506009946,0.6492767455098083,0.3507232544901917,0.07738836446779995,0.014127506764865983,0.014050118400398184,0.0224398450452896,0.0391153580316663,72,fitted,
2020-02-29,2020-01-31,ML Logistic Base,Logistic,equity_ret + bond_ret + log_rv_ann + log_iv_ann,4,0.6817331267503927,1,0,0.375,-0.026712143779044878,0.17734830506009946,0.3909601239497644,0.6090398760502356,0.5166332431200877,0.015927533764934127,0.01541090052181404,0.0171287951441945,0.0391471244686928,72,fitted,
2020-03-31,2020-02-29,ML Logistic Base,Logistic,equity_ret + bond_ret + log_rv_ann + log_iv_ann,4,0.5166196453381817,1,1,0.375,-0.026712143779044878,0.17734830506009946,0.49002821279709097,0.509971787202909,0.19813617769465308,-0.1677556970514449,-0.16795383322913957,-0.3396611105639215,0.6261785661694548,72,fitted,
2020-04-30,2020-03-31,ML Logistic Base,Logistic,equity_ret + bond_ret + log_rv_ann + log_iv_ann,4,0.5346891259396446,1,1,0.3611111111111111,-0.02792663694084122,0.18094371425534092,0.4791865244362133,0.5208134755637868,0.02168337672175541,0.05273176299047011,0.05271007961374836,0.1365534986075169,0.6960988327427069,72,fitted,
2020-05-31,2020-04-30,ML Logistic Base,Logistic,equity_ret + bond_ret + log_rv_ann + log_iv_ann,4,0.8460388926634148,1,1,0.3611111111111111,-0.026712143779044878,0.18102680129649007,0.29237666440195115,0.7076233355980488,0.3736197200685242,0.0007305739500812092,0.00035695423001268504,-0.0031250242639212,0.685069415593999,72,fitted,
2020-06-30,2020-05-31,ML Logistic Base,Logistic,equity_ret + bond_ret + log_rv_ann + log_iv_ann,4,0.7702965795402915,1,1,0.3611111111111111,-0.026712143779044878,0.19107657643650097,0.3378220522758251,0.6621779477241749,0.09089077574774784,0.03743594447195591,0.037345053696208164,0.0904447571250541,0.5924640544289772,72,fitted,
2020-07-31,2020-06-30,ML Logistic Base,Logistic,equity_ret + bond_ret + log_rv_ann + log_iv_ann,4,0.7128674480136626,1,1,0.3611111111111111,-0.026712143779044878,0.19814718480844903,0.37227953119180246,0.6277204688081975,0.06891495783195473,0.025552457258367633,0.025483542300535678,0.0482259574590655,0.22881979648679,72,fitted,
2020-08-31,2020-07-31,ML Logistic Base,Logistic,equity_ret + bond_ret + log_rv_ann + log_iv_ann,4,0.6555572598376834,1,1,0.3611111111111111,-0.026712143779044878,0.19933213101668884,0.4066656440973899,0.5933343559026101,0.06877222581117493,0.011593754383603681,0.011524982157792506,0.0203141663883605,0.2052201498167803,72,fitted,
2020-09-30,2020-08-31,ML Logistic Base,Logistic,equity_ret + bond_ret + log_rv_ann + log_iv_ann,4,0.5776862965414986,1,0,0.3611111111111111,-0.026712143779044878,0.20339963033847683,0.4533882220751009,0.5466117779248991,0.09344515595542191,-0.005661378949379436,-0.0057548241053348576,-0.0140848464874631,0.0820138272830166,72,fitted,
2020-10-31,2020-09-30,ML Logistic Base,Logistic,equity_ret + bond_ret + log_rv_ann + log_iv_ann,4,0.5687694424427958,1,0,0.3611111111111111,-0.026712143779044878,0.20339963033847683,0.45873833453432256,0.5412616654656774,0.010700224918443357,0.0022306836943842183,0.002219983469465775,-0.005335028573305,0.0512358756615979,72,fitted,
2020-11-30,2020-10-31,ML Logistic Base,Logistic,equity_ret + bond_ret + log_rv_ann + log_iv_ann,4,0.46756003939326923,0,1,0.3611111111111111,-0.026712143779044878,0.20339963033847683,0.5194639763640384,0.4805360236359616,0.1214512836594317,0.021081509485014874,0.020960058201355443,0.0394405992997313,0.20371063930144,72,fitted,
2020-12-31,2020-11-30,ML Logistic Base,Logistic,equity_ret + bond_ret + log_rv_ann + log_iv_ann,4,0.6316186679904191,1,0,0.3611111111111111,-0.02562385395882136,0.20427306398279946,0.42102879920574854,0.5789712007942515,0.19687035431657973,0.012480343294038285,0.012283472939721705,0.0168135282479793,0.1995487117329469,72,fitted,
2021-01-31,2020-12-31,ML Logistic Base,Logistic,equity_ret + bond_ret + log_rv_ann + log_iv_ann,4,0.6053105179841388,1,0,0.3611111111111111,-0.024736959301930837,0.20427306398279946,0.43681368920951674,0.5631863107904833,0.03156978000753635,0.010921135302487063,0.010889565522479527,0.0362293713244592,0.1886738194451048,72,fitted,
2021-02-28,2021-01-31,ML Logistic Base,Logistic,equity_ret + bond_ret + log_rv_ann + log_iv_ann,4,0.6573218713145298,1,0,0.3611111111111111,-0.024736959301930837,0.20427306398279946,0.40560687721128214,0.5943931227887178,0.0624136239964691,0.007490598144565784,0.007428184520569315,0.0231110805307961,0.0898000407082918,72,fitted,
2021-03-31,2021-02-28,ML Logistic Base,Logistic,equity_ret + bond_ret + log_rv_ann + log_iv_ann,4,0.6221341919813241,1,0,0.3611111111111111,-0.022228758665688117,0.20427306398279946,0.42671948481120553,0.5732805151887945,0.04222521519984668,0.009907959201209196,0.009865733986009349,0.0372739536899082,0.0267005559612106,72,fitted,
2021-04-30,2021-03-31,ML Logistic Base,Logistic,equity_ret + bond_ret + log_rv_ann + log_iv_ann,4,0.4928924558219084,0,0,0.3611111111111111,-0.022228758665688117,0.20427306398279946,0.504264526506855,0.49573547349314495,0.1550900833912991,0.019625587463437084,0.019470497380045786,0.0376875552138742,0.0374479910922146,72,fitted,
2021-05-31,2021-04-30,ML Logistic Base,Logistic,equity_ret + bond_ret + log_rv_ann + log_iv_ann,4,0.37286960228872423,0,0,0.3611111111111111,-0.022228758665688117,0.20427306398279946,0.5762782386267654,0.4237217613732346,0.14402742423982073,-0.009839026580885977,-0.009983054005125797,-0.007986771407346,0.033252845739336,72,fitted,
2021-06-30,2021-05-31,ML Logistic Base,Logistic,equity_ret + bond_ret + log_rv_ann + log_iv_ann,4,0.310917207173552,0,0,0.3611111111111111,-0.022228758665688117,0.20427306398279946,0.6134496756958688,0.38655032430413117,0.07434287413820684,0.02592239569027488,0.025848052816136672,0.03801507412395,0.0416415059371039,72,fitted,
2021-07-31,2021-06-30,ML Logistic Base,Logistic,equity_ret + bond_ret + log_rv_ann + log_iv_ann,4,0.4527440563699067,0,0,0.3611111111111111,-0.022228758665688117,0.20427306398279946,0.528353566178056,0.47164643382194404,0.17019221903562576,0.0019905118694408135,0.0018203196504051878,-0.0006567127811994,0.0400979050478682,72,fitted,
2021-08-31,2021-07-31,ML Logistic Base,Logistic,equity_ret + bond_ret + log_rv_ann + log_iv_ann,4,0.43660368671226574,0,0,0.3611111111111111,-0.022228758665688117,0.20427306398279946,0.5380377879726406,0.46196221202735943,0.019368443589169226,0.022908069862872346,0.02288870141928318,0.0324793200530295,0.0199671051065084,72,fitted,
2021-09-30,2021-08-31,ML Logistic Base,Logistic,equity_ret + bond_ret + log_rv_ann + log_iv_ann,4,0.3537890222551315,0,0,0.3611111111111111,-0.022228758665688117,0.20427306398279946,0.5877265866469212,0.41227341335307877,0.09937759734856133,-0.010264923242965856,-0.010364300840314417,-0.0116460886712347,0.0056608717122773,72,fitted,
2021-10-31,2021-09-30,ML Logistic Base,Logistic,equity_ret + bond_ret + log_rv_ann + log_iv_ann,4,0.13534533133387458,0,1,0.375,-0.018819574247395814,0.2028782537877414,0.7187928011996754,0.28120719880032463,0.26213242910550827,-0.025635820683881275,-0.025897953112986784,-0.0292115312702775,0.01468795822287,72,fitted,
2021-11-30,2021-10-31,ML Logistic Base,Logistic,equity_ret + bond_ret + log_rv_ann + log_iv_ann,4,0.35057185705923516,0,0,0.375,-0.02104507672570493,0.2028782537877414,0.589656885764459,0.41034311423554104,0.2582718308704328,0.04789564334311196,0.047637371512241525,0.0746986886959502,0.0507828908660839,72,fitted,
2021-12-31,2021-11-30,ML Logistic Base,Logistic,equity_ret + bond_ret + log_rv_ann + log_iv_ann,4,0.4060637100458117,0,1,0.375,-0.02104507672570493,0.2028782537877414,0.556361773972513,0.44363822602748704,0.066590223583892,-0.01790247878250571,-0.017969069006089602,-0.0364478760325837,0.1025522841544392,72,fitted,
2022-01-31,2021-12-31,ML Logistic Base,Logistic,equity_ret + bond_ret + log_rv_ann + log_iv_ann,4,0.5287420796179474,1,0,0.375,-0.024736959301930837,0.2028782537877414,0.4827547522292316,0.5172452477707684,0.14721404348656275,0.003591040400515241,0.0034438263570286784,0.0279174825695243,0.1061573024259542,72,fitted,
2022-02-28,2022-01-31,ML Logistic Base,Logistic,equity_ret + bond_ret + log_rv_ann + log_iv_ann,4,0.5740634443965426,1,1,0.3888888888888889,-0.02104507672570493,0.19950766360232286,0.4555619333620745,0.5444380666379255,0.05438563773431415,-0.03502983015108549,-0.0350842157888198,-0.0373367909631336,0.0865246762476978,72,fitted,
2022-03-31,2022-02-28,ML Logistic Base,Logistic,equity_ret + bond_ret + log_rv_ann + log_iv_ann,4,0.6344149322996935,1,1,0.3888888888888889,-0.024736959301930837,0.19933213101668884,0.4193510406201839,0.5806489593798161,0.0724217854837812,-0.04915115592588414,-0.04922357771136792,-0.1127374305089676,0.2561278421728654,72,fitted,
2022-04-30,2022-03-31,ML Logistic Base,Logistic,equity_ret + bond_ret + log_rv_ann + log_iv_ann,4,0.6479587375299372,1,1,0.375,-0.02562385395882136,0.19950766360232286,0.4112247574820377,0.5887752425179623,0.016252566276292457,-0.002315586656587657,-0.0023318392228639496,0.0414562536077787,0.2747307422393871,72,fitted,
2022-05-31,2022-04-30,ML Logistic Base,Logistic,equity_ret + bond_ret + log_rv_ann + log_iv_ann,4,0.7958234833118077,1,1,0.375,-0.024736959301930837,0.2028782537877414,0.3225059100129154,0.6774940899870846,0.17743769493824457,-0.0267365091793701,-0.026913946874308346,-0.058909521943165,0.3085079239302221,72,fitted,
2022-06-30,2022-05-31,ML Logistic Base,Logistic,equity_ret + bond_ret + log_rv_ann + log_iv_ann,4,0.7314204566380189,1,1,0.3611111111111111,-0.02562385395882136,0.20491824771371225,0.3611477260171887,0.6388522739828113,0.0772836320085466,-0.03172215367381461,-0.03179943730582316,-0.0039380811965237,0.3388890657620975,72,fitted,
2022-07-31,2022-06-30,ML Logistic Base,Logistic,equity_ret + bond_ret + log_rv_ann + log_iv_ann,4,0.9301713025842779,1,1,0.3611111111111111,-0.02562385395882136,0.21042394657052976,0.24189721844943324,0.7581027815505668,0.23850101513551092,0.011612092875116085,0.011373591859980573,-0.0311596754459931,0.1706807663290468,72,fitted,
2022-08-31,2022-07-31,ML Logistic Base,Logistic,equity_ret + bond_ret + log_rv_ann + log_iv_ann,4,0.4292693102323182,0,0,0.3611111111111111,-0.026712143779044878,0.21042394657052976,0.5424384138606091,0.4575615861393909,0.6010823908223517,0.05078381062828489,0.05018272823746254,0.0830960283644346,0.1418416885740734,72,fitted,
2022-09-30,2022-08-31,ML Logistic Base,Logistic,equity_ret + bond_ret + log_rv_ann + log_iv_ann,4,0.4392995972396404,0,1,0.3611111111111111,-0.026712143779044878,0.21042394657052976,0.5364202416562158,0.4635797583437842,0.012036344408786537,-0.03885221090462055,-0.038864247249029336,-0.0345000269557216,0.1500344624823598,72,fitted,
2022-10-31,2022-09-30,ML Logistic Base,Logistic,equity_ret + bond_ret + log_rv_ann + log_iv_ann,4,0.8515375117621183,1,1,0.375,-0.026712143779044878,0.20491824771371225,0.289077492942729,0.710922507057271,0.49468549742697365,-0.05605240705143546,-0.056547092548862435,-0.0839597070320542,0.2166304099760133,72,fitted,
2022-11-30,2022-10-31,ML Logistic Base,Logistic,equity_ret + bond_ret + log_rv_ann + log_iv_ann,4,0.9138008880922481,1,1,0.3611111111111111,-0.02792663694084122,0.20491824771371225,0.25171946714465115,0.7482805328553488,0.07471605159615563,0.05322915163440472,0.053154435582808565,0.1581121400161993,0.2870610773444056,72,fitted,
2022-12-31,2022-11-30,ML Logistic Base,Logistic,equity_ret + bond_ret + log_rv_ann + log_iv_ann,4,0.5160447686783887,1,1,0.3611111111111111,-0.02792663694084122,0.20491824771371225,0.49037313879296685,0.5096268612070332,0.4773073432966313,0.019125098320259968,0.018647790976963338,0.0137831377431498,0.246452643289683,72,fitted,
2023-01-31,2022-12-31,ML Logistic Base,Logistic,equity_ret + bond_ret + log_rv_ann + log_iv_ann,4,0.4477000861549068,0,0,0.3611111111111111,-0.02792663694084122,0.20491824771371225,0.531379948307056,0.46862005169294396,0.08201361902817839,0.021223820645723056,0.021141807026694878,0.0522359781558194,0.153399759564035,72,fitted,
2023-02-28,2023-01-31,ML Logistic Base,Logistic,equity_ret + bond_ret + log_rv_ann + log_iv_ann,4,0.6704527968769554,1,0,0.3611111111111111,-0.02792663694084122,0.2028782537877414,0.3977283218738268,0.6022716781261732,0.2673032528664585,0.002210658571994143,0.0019433553191276845,0.0172680611507551,0.0491939514786028,72,fitted,
2023-03-31,2023-02-28,ML Logistic Base,Logistic,equity_ret + bond_ret + log_rv_ann + log_iv_ann,4,0.48261771696717093,0,0,0.3611111111111111,-0.02792663694084122,0.19737373327537852,0.5104293698196974,0.48957063018030256,0.22540209589174132,-0.00034654383229680563,-0.000571945928188547,0.0075250823477521,0.0320476441231087,72,fitted,
2023-04-30,2023-03-31,ML Logistic Base,Logistic,equity_ret + bond_ret + log_rv_ann + log_iv_ann,4,0.43269962184481164,0,0,0.3611111111111111,-0.02792663694084122,0.19737373327537852,0.540380226893113,0.45961977310688695,0.05990171414683121,0.016787882749038138,0.016727981034891308,0.0247072382293531,0.0365561602926632,72,fitted,
2023-05-31,2023-04-30,ML Logistic Base,Logistic,equity_ret + bond_ret + log_rv_ann + log_iv_ann,4,0.2788396578435248,0,0,0.3611111111111111,-0.02792663694084122,0.19737373327537852,0.6326962052938851,0.36730379470611485,0.1846319568015442,-0.00026070555943417083,-0.00044533751623571506,-0.0037263016509628,0.0219755313942162,72,fitted,
2023-06-30,2023-05-31,ML Logistic Base,Logistic,equity_ret + bond_ret + log_rv_ann + log_iv_ann,4,0.21859491689874666,0,0,0.3611111111111111,-0.02792663694084122,0.19737373327537852,0.668843049860752,0.33115695013924795,0.0722936891337338,-0.0006851616971206639,-0.0007574553862543977,-0.0003218358257327,0.0209168767684267,72,fitted,
2023-07-31,2023-06-30,ML Logistic Base,Logistic,equity_ret + bond_ret + log_rv_ann + log_iv_ann,4,0.2627453965857143,0,0,0.3611111111111111,-0.02792663694084122,0.19737373327537852,0.6423527620485714,0.3576472379514286,0.052980575624361315,0.0037647609973288742,0.003711780421704513,0.0101864533857485,0.0473916081964935,72,fitted,
2023-08-31,2023-07-31,ML Logistic Base,Logistic,equity_ret + bond_ret + log_rv_ann + log_iv_ann,4,0.44324113367167506,0,0,0.3611111111111111,-0.02792663694084122,0.19737373327537852,0.5340553197969949,0.46594468020300506,0.2165948845031529,-0.004070159651423923,-0.0042867545359270755,-0.0089737970679788,0.0409065797422744,72,fitted,
2023-09-30,2023-08-31,ML Logistic Base,Logistic,equity_ret + bond_ret + log_rv_ann + log_iv_ann,4,0.33030703006333917,0,0,0.3611111111111111,-0.026612409178363838,0.19737373327537852,0.6018157819619966,0.3981842180380034,0.1355209243300033,-0.009598515509046154,-0.009734036433376158,-0.0155044856071422,0.039116430241608,72,fitted,
2023-10-31,2023-09-30,ML Logistic Base,Logistic,equity_ret + bond_ret + log_rv_ann + log_iv_ann,4,0.3306221740114017,0,0,0.3611111111111111,-0.026612409178363838,0.19737373327537852,0.6016266955931591,0.39837330440684093,0.0003781727376750421,-0.009560530861822302,-0.009560909034559978,-0.0125825388379577,0.0516818403453746,72,fitted,
2023-11-30,2023-10-31,ML Logistic Base,Logistic,equity_ret + bond_ret + log_rv_ann + log_iv_ann,4,0.4020467378754846,0,0,0.3611111111111111,-0.026612409178363838,0.19737373327537852,0.5587719572747092,0.4412280427252908,0.08570947663689976,0.002056472706851743,0.0019707632302148432,-0.0008188777295246,0.0392966989771129,72,fitted,
2023-12-31,2023-11-30,ML Logistic Base,Logistic,equity_ret + bond_ret + log_rv_ann + log_iv_ann,4,0.32278762383768606,0,0,0.3611111111111111,-0.026612409178363838,0.19737373327537852,0.6063274256973883,0.3936725743026117,0.09511093684535821,0.06265281339221651,0.06255770245537115,0.0808246161992873,0.0695418014743718,72,fitted,
2024-01-31,2023-12-31,ML Logistic Base,Logistic,equity_ret + bond_ret + log_rv_ann + log_iv_ann,4,0.19973337464028723,0,0,0.3611111111111111,-0.026612409178363838,0.19737373327537852,0.6801599752158278,0.31984002478417217,0.14766509903687908,-0.012256686812678814,-0.012404351911715693,-0.0207930769821085,0.0739061400281641,72,fitted,
2024-02-29,2024-01-31,ML Logistic Base,Logistic,equity_ret + bond_ret + log_rv_ann + log_iv_ann,4,0.44963682150478607,0,0,0.3611111111111111,-0.026612409178363838,0.19737373327537852,0.5302179070971283,0.46978209290287165,0.29988413623739896,0.03423698888241845,0.03393710474618105,0.0684491583614437,0.0710634131786018,72,fitted,
2024-03-31,2024-02-29,ML Logistic Base,Logistic,equity_ret + bond_ret + log_rv_ann + log_iv_ann,4,0.5005887901551312,1,0,0.3611111111111111,-0.024338547841299456,0.19737373327537852,0.4996467259069213,0.5003532740930787,0.06114236238041415,0.029659634765414167,0.029598492403033753,0.049901522808696,0.0475982938777777,72,fitted,
2024-04-30,2024-03-31,ML Logistic Base,Logistic,equity_ret + bond_ret + log_rv_ann + log_iv_ann,4,0.3274458205666725,0,0,0.3611111111111111,-0.024338547841299456,0.19737373327537852,0.6035325076599966,0.39646749234000345,0.20777156350615056,-0.003230585288517898,-0.0034383568520240486,-0.0056570935508506,0.0455031035282115,72,fitted,
2024-05-31,2024-04-30,ML Logistic Base,Logistic,equity_ret + bond_ret + log_rv_ann + log_iv_ann,4,0.35756574892760923,0,0,0.3611111111111111,-0.024338547841299456,0.19737373327537852,0.5854605506434345,0.4145394493565655,0.036143914033124114,0.008827646403184572,0.008791502489151448,0.0167830458835656,0.0273933170442783,72,fitted,
2024-06-30,2024-05-31,ML Logistic Base,Logistic,equity_ret + bond_ret + log_rv_ann + log_iv_ann,4,0.4534655540429052,0,0,0.3611111111111111,-0.024338547841299456,0.19737373327537852,0.5279206675742569,0.47207933242574307,0.11507976613835513,-0.0024077500344069835,-0.0025228298005453387,-0.000742282644639,0.0236814988852357,72,fitted,
2024-07-31,2024-06-30,ML Logistic Base,Logistic,equity_ret + bond_ret + log_rv_ann + log_iv_ann,4,0.2908777611095756,0,0,0.3611111111111111,-0.019735358707115232,0.19737373327537852,0.6254733433342545,0.37452665666574547,0.1951053515199952,-0.004589504368010923,-0.004784609719530919,-0.0115803161297599,0.0278732037519852,72,fitted,
2024-08-31,2024-07-31,ML Logistic Base,Logistic,equity_ret + bond_ret + log_rv_ann + log_iv_ann,4,0.2779191484637426,0,1,0.3611111111111111,-0.019735358707115232,0.19737373327537852,0.6332485109217545,0.3667514890782455,0.01555033517499993,-0.034149820980092144,-0.034165371315267146,-0.0617728346479099,0.0911844078850842,72,fitted,
2024-09-30,2024-08-31,ML Logistic Base,Logistic,equity_ret + bond_ret + log_rv_ann + log_iv_ann,4,0.461685454772212,0,0,0.3611111111111111,-0.025726041463566093,0.19737373327537852,0.5229887271366728,0.47701127286332723,0.22051956757016344,0.021695963107179757,0.021475443539609593,0.0311304198678461,0.1457928228026169,72,fitted,
2024-10-31,2024-09-30,ML Logistic Base,Logistic,equity_ret + bond_ret + log_rv_ann + log_iv_ann,4,0.5350115694317714,1,0,0.3611111111111111,-0.019735358707115232,0.19737373327537852,0.4789930583409372,0.5210069416590628,0.08799133759147115,0.014881931263584315,0.014793939925992844,0.0324589045236365,0.1468704909168978,72,fitted,
2024-11-30,2024-10-31,ML Logistic Base,Logistic,equity_ret + bond_ret + log_rv_ann + log_iv_ann,4,0.6056955917028997,1,1,0.3611111111111111,-0.015220557783206377,0.19737373327537852,0.4365826449782602,0.5634173550217398,0.08482082672535401,-0.019460139579891633,-0.019544960406616987,-0.0453992904785968,0.1503492990097555,72,fitted,
2024-12-31,2024-11-30,ML Logistic Base,Logistic,equity_ret + bond_ret + log_rv_ann + log_iv_ann,4,0.5180777825816403,1,0,0.3611111111111111,-0.019735358707115232,0.19737373327537852,0.48915333045101583,0.5108466695489842,0.10514137094551129,0.030324452454520416,0.030219311083574906,0.046544631256673,0.0360630834838487,72,fitted,
2025-01-31,2024-12-31,ML Logistic Base,Logistic,equity_ret + bond_ret + log_rv_ann + log_iv_ann,4,0.2728549486036048,0,0,0.3611111111111111,-0.015220557783206377,0.19737373327537852,0.6362870308378371,0.3637129691621629,0.29426740077364255,-0.006515382869064626,-0.0068096502698382685,0.0023622817657473,0.0247885078015251,72,fitted,
2025-02-28,2025-01-31,ML Logistic Base,Logistic,equity_ret + bond_ret + log_rv_ann + log_iv_ann,4,0.3559924601618592,0,0,0.3611111111111111,-0.015220557783206377,0.19737373327537852,0.5864045239028846,0.41359547609711544,0.0997650138699051,0.055717543925915915,0.05561777891204601,0.0860694753521582,0.0626712711363506,72,fitted,
2025-03-31,2025-02-28,ML Logistic Base,Logistic,equity_ret + bond_ret + log_rv_ann + log_iv_ann,4,0.4083490052178824,0,0,0.3611111111111111,-0.015220557783206377,0.19737373327537852,0.5549905968692705,0.44500940313072945,0.06282785406722802,-0.012395659512120436,-0.012458487366187664,-0.0085521595560056,0.0781737201066187,72,fitted,
2025-04-30,2025-03-31,ML Logistic Base,Logistic,equity_ret + bond_ret + log_rv_ann + log_iv_ann,4,0.5320185299828704,1,1,0.3611111111111111,-0.015220557783206377,0.19737373327537852,0.4807888820102778,0.5192111179897222,0.14840342971798548,-0.0439979990455519,-0.04414640247526989,-0.1067634090530582,0.1793633188674125,72,fitted,
2025-05-31,2025-04-30,ML Logistic Base,Logistic,equity_ret + bond_ret + log_rv_ann + log_iv_ann,4,0.5280951265656341,1,1,0.3611111111111111,-0.019735358707115232,0.19737373327537852,0.4831429240606196,0.5168570759393805,0.004708084100683518,0.06269236652562951,0.06268765844152883,0.1264050161118952,0.2577846268870902,72,fitted,
2025-06-30,2025-05-31,ML Logistic Base,Logistic,equity_ret + bond_ret + log_rv_ann + log_iv_ann,4,0.6592949795236752,1,1,0.3611111111111111,-0.015220557783206377,0.2028782537877414,0.40442301228579486,0.5955769877142052,0.15743982354964947,0.005534808594326869,0.00537736877077722,0.00014651081948,0.2308426790401719,72,fitted,
2025-07-31,2025-06-30,ML Logistic Base,Logistic,equity_ret + bond_ret + log_rv_ann + log_iv_ann,4,0.6482056930511019,1,0,0.3611111111111111,-0.015220557783206377,0.20491824771371225,0.4110765841693389,0.5889234158306611,0.013307143767088137,-0.003526856873131668,-0.0035401640168987564,-0.0017930007602416,0.1493033883768388,72,fitted,
2025-08-31,2025-07-31,ML Logistic Base,Logistic,equity_ret + bond_ret + log_rv_ann + log_iv_ann,4,0.6115488835298242,1,0,0.3611111111111111,-0.015220557783206377,0.20491824771371225,0.4330706698821055,0.5669293301178945,0.04398817142553324,-0.0027531354551231053,-0.0027971236265486384,-0.0088251030555264,0.0281379367631093,72,fitted,
2025-09-30,2025-08-31,ML Logistic Base,Logistic,equity_ret + bond_ret + log_rv_ann + log_iv_ann,4,0.24043231421367145,0,0,0.3611111111111111,-0.013805425729411638,0.20491824771371225,0.6557406114717972,0.3442593885282028,0.44533988317938333,0.00758631125246777,0.007140971369288387,0.0102586303689389,0.0260820029788217,72,fitted,
2025-10-31,2025-09-30,ML Logistic Base,Logistic,equity_ret + bond_ret + log_rv_ann + log_iv_ann,4,0.2273688199396248,0,0,0.3611111111111111,-0.013805425729411638,0.20491824771371225,0.6635787080362252,0.3364212919637748,0.015676193128856042,0.019170023150216025,0.01915434695708717,0.0260837374483409,0.0372170127061661,72,fitted,
2025-11-30,2025-10-31,ML Logistic Base,Logistic,equity_ret + bond_ret + log_rv_ann + log_iv_ann,4,0.2853877707260832,0,0,0.3611111111111111,-0.013784384957562018,0.20491824771371225,0.6287673375643501,0.3712326624356499,0.0696227409437502,0.03039317456915209,0.03032355182820834,0.0462801361176319,0.0434625634835228,72,fitted,
2025-12-31,2025-11-30,ML Logistic Base,Logistic,equity_ret + bond_ret + log_rv_ann + log_iv_ann,4,0.3175217201033204,0,0,0.3611111111111111,-0.013784384957562018,0.20491824771371225,0.6094869679380077,0.3905130320619923,0.03856073925268477,-0.0108684106543722,-0.010906971393624886,-0.0115079539513099,0.0462365539373476,72,fitted,
2026-01-31,2025-12-31,ML Logistic Base,Logistic,equity_ret + bond_ret + log_rv_ann + log_iv_ann,4,0.3931813236658875,0,0,0.3611111111111111,-0.013784384957562018,0.20491824771371225,0.5640912058004676,0.43590879419953243,0.0907915242750803,0.022779260884739333,0.02268846936046425,0.0354606097261407,0.047185894866654,72,fitted,
2026-02-28,2026-01-31,ML Logistic Base,Logistic,equity_ret + bond_ret + log_rv_ann + log_iv_ann,4,0.3235708218095817,0,0,0.3611111111111111,-0.013784384957562018,0.20491824771371225,0.6058575069142511,0.3941424930857489,0.08353260222756709,0.00922924691795541,0.009145714315727842,0.0126325983056794,0.0481916911852781,72,fitted,
2026-03-31,2026-02-28,ML Logistic Base,Logistic,equity_ret + bond_ret + log_rv_ann + log_iv_ann,4,0.339348750418866,0,1,0.3611111111111111,-0.013784384957562018,0.20491824771371225,0.5963907497486804,0.40360925025131955,0.01893351433114132,-0.028847524914608985,-0.028866458428940128,-0.0464290485019482,0.0534549078400147,72,fitted,
2026-04-30,2026-03-31,ML Logistic Base,Logistic,equity_ret + bond_ret + log_rv_ann + log_iv_ann,4,0.3952009410045392,0,0,0.375,-0.013784384957562018,0.2028782537877414,0.5628794353972765,0.4371205646027235,0.06702262870280795,-0.006270817613075628,-0.006337840241778436,-0.004727362283284,0.0535888878229993,72,fitted,
2026-05-31,2026-04-30,ML Logistic Base,Logistic,equity_ret + bond_ret + log_rv_ann + log_iv_ann,4,0.4215815835244357,0,0,0.375,-0.013784384957562018,0.19737373327537852,0.5470510498853387,0.4529489501146613,0.03165677102387554,0.03504559955762512,0.03501394278660125,0.0587174157732706,0.0715497098939358,72,fitted,
2026-06-30,2026-05-31,ML Logistic Base,Logistic,equity_ret + bond_ret + log_rv_ann + log_iv_ann,4,0.45967191624505366,0,0,0.375,-0.013784384957562018,0.1868117193295664,0.5241968502529678,0.4758031497470322,0.045708399264741795,0.0026849636197226975,0.002639255220457956,0.0057971110770131,0.0596109071575914,72,fitted,
2026-07-31,2026-06-30,ML Logistic Base,Logistic,equity_ret + bond_ret + log_rv_ann + log_iv_ann,4,0.4354394508080728,0,0,0.3611111111111111,-0.013784384957562018,0.1776268083597394,0.5387363295151564,0.4612636704848436,0.02907895852437714,0.024009592016576417,0.02398051305805204,0.0363621967699221,0.0746015252107158,72,fitted,
2015-09-30,2015-08-31,ML Logistic + VRP,Logistic,equity_ret + bond_ret + log_rv_ann + log_iv_ann + vrp_proxy + log_iv_rv,6,0.5929808446602851,1,1,0.3333333333333333,-0.039138686812436554,0.17734830506009946,0.44421149320382897,0.555788506796171,1.0,-0.04038889673562745,-0.04138889673562745,-0.085084699613786,0.238243255816149,72,fitted,
2015-10-31,2015-09-30,ML Logistic + VRP,Logistic,equity_ret + bond_ret + log_rv_ann + log_iv_ann + vrp_proxy + log_iv_rv,6,0.7198441702030497,1,1,0.3194444444444444,-0.04125685610582278,0.17734830506009946,0.3680934978781702,0.6319065021218297,0.15223599065131754,0.009925599791414998,0.009773363800763681,0.0186296284780547,0.2124503847496051,72,fitted,
2015-11-30,2015-10-31,ML Logistic + VRP,Logistic,equity_ret + bond_ret + log_rv_ann + log_iv_ann + vrp_proxy + log_iv_rv,6,0.6574755653852054,1,1,0.3194444444444444,-0.04125685610582278,0.17734830506009946,0.40551466076887677,0.5944853392311232,0.07484232578141309,0.019559389254108984,0.01948454692832757,0.0432262411488284,0.199286770764137,72,fitted,
2015-12-31,2015-11-30,ML Logistic + VRP,Logistic,equity_ret + bond_ret + log_rv_ann + log_iv_ann + vrp_proxy + log_iv_rv,6,0.6727935566636136,1,1,0.3194444444444444,-0.04125685610582278,0.1818683923297215,0.39632386600183184,0.6036761339981682,0.018381589534089915,-0.019227880796968178,-0.019246262386502268,-0.0544587752438217,0.1165629505598818,72,fitted,
2016-03-31,2015-12-31,ML Logistic + VRP,Logistic,equity_ret + bond_ret + log_rv_ann + log_iv_ann + vrp_proxy + log_iv_rv,6,0.541024350757916,1,1,0.3194444444444444,-0.04159916904096428,0.1818683923297215,0.47538538954525045,0.5246146104547496,0.15812304708683728,0.013875853877963123,0.013717730830876285,0.0238121153163179,0.1993434710798268,72,fitted,
2016-04-30,2016-03-31,ML Logistic + VRP,Logistic,equity_ret + bond_ret + log_rv_ann + log_iv_ann + vrp_proxy + log_iv_rv,6,0.7610311710044856,1,0,0.3333333333333333,-0.04159916904096428,0.1958653728346217,0.34338129739730866,0.6566187026026913,0.2640081842958835,-0.0007014933007381818,-0.0009655014850340653,-0.0227851342852654,0.193588840985697,72,fitted,
2016-05-31,2016-04-30,ML Logistic + VRP,Logistic,equity_ret + bond_ret + log_rv_ann + log_iv_ann + vrp_proxy + log_iv_rv,6,0.765712087946986,1,0,0.3333333333333333,-0.04125685610582278,0.19814718480844903,0.3405727472318084,0.6594272527681916,0.005617100331000546,0.004483330652585311,0.00447771355225431,0.0268582957161227,0.1810239335235844,72,fitted,
2016-06-30,2016-05-31,ML Logistic + VRP,Logistic,equity_ret + bond_ret + log_rv_ann + log_iv_ann + vrp_proxy + log_iv_rv,6,0.6381993977986938,1,0,0.3333333333333333,-0.04125685610582278,0.19814718480844903,0.4170803613207837,0.5829196386792164,0.1530152281779505,0.005191609789298493,0.005038594561120542,0.0020345319779446,0.1810275182397165,72,fitted,
2016-07-31,2016-06-30,ML Logistic + VRP,Logistic,equity_ret + bond_ret + log_rv_ann + log_iv_ann + vrp_proxy + log_iv_rv,6,0.6826372759757521,1,1,0.3333333333333333,-0.04125685610582278,0.19814718480844903,0.39041763441454874,0.6095823655854513,0.05332545381246989,-0.007967394230079285,-0.008020719683891755,-0.0512411139825313,0.2142269845827345,72,fitted,
2016-08-31,2016-07-31,ML Logistic + VRP,Logistic,equity_ret + bond_ret + log_rv_ann + log_iv_ann + vrp_proxy + log_iv_rv,6,0.8584818906745094,1,1,0.3333333333333333,-0.04125685610582278,0.19814718480844903,0.2849108655952944,0.7150891344047057,0.21101353763850872,0.004237552358928775,0.004026538821290266,0.0082967130024573,0.2143105279851575,72,fitted,
2016-09-30,2016-08-31,ML Logistic + VRP,Logistic,equity_ret + bond_ret + log_rv_ann + log_iv_ann + vrp_proxy + log_iv_rv,6,0.7477832333033236,1,1,0.3472222222222222,-0.039138686812436554,0.19814718480844903,0.3513300600180058,0.6486699399819942,0.13283838884542293,0.02129436761969415,0.021161529230848727,0.0594293771977636,0.2542940759341728,72,fitted,
2016-12-31,2016-09-30,ML Logistic + VRP,Logistic,equity_ret + bond_ret + log_rv_ann + log_iv_ann + vrp_proxy + log_iv_rv,6,0.7298643109820692,1,1,0.3472222222222222,-0.039138686812436554,0.19814718480844903,0.3620814134107585,0.6379185865892415,0.021502706785505366,-0.004784527049547638,-0.0048060297563331435,0.0117308616132547,0.2264358220577079,72,fitted,
2017-01-31,2016-12-31,ML Logistic + VRP,Logistic,equity_ret + bond_ret + log_rv_ann + log_iv_ann + vrp_proxy + log_iv_rv,6,0.7074948558329791,1,1,0.3472222222222222,-0.039138686812436554,0.19933213101668884,0.3755030865002126,0.6244969134997874,0.026843346178908156,0.03433450511316593,0.03430766176698702,0.090069111087863,0.3190838438320685,72,fitted,
2017-02-28,2017-01-31,ML Logistic + VRP,Logistic,equity_ret + bond_ret + log_rv_ann + log_iv_ann + vrp_proxy + log_iv_rv,6,0.5719916719916701,1,1,0.3472222222222222,-0.039138686812436554,0.20159483331923272,0.456804996804998,0.543195003195002,0.1626038206095708,-0.007314084488525793,-0.007476688309135364,-0.0048285128799836,0.2117248957589671,72,fitted,
2017-03-31,2017-02-28,ML Logistic + VRP,Logistic,equity_ret + bond_ret + log_rv_ann + log_iv_ann + vrp_proxy + log_iv_rv,6,0.32975791379933234,0,0,0.3472222222222222,-0.039138686812436554,0.20396247089832828,0.6021452517204007,0.3978547482795993,0.2906805098308054,0.024124210776860198,0.023833530267029394,0.0444657588234065,0.1397744607729905,72,fitted,
2017-04-30,2017-03-31,ML Logistic + VRP,Logistic,equity_ret + bond_ret + log_rv_ann + log_iv_ann + vrp_proxy + log_iv_rv,6,0.18331723454868287,0,0,0.3472222222222222,-0.039138686812436554,0.20396247089832828,0.6900096592707903,0.3099903407292097,0.1757288151007792,0.015281217769826175,0.015105488954725396,0.0152915284610737,0.026838141827396,72,fitted,
2017-05-31,2017-04-30,ML Logistic + VRP,Logistic,equity_ret + bond_ret + log_rv_ann + log_iv_ann + vrp_proxy + log_iv_rv,6,0.20262437545396417,0,0,0.3472222222222222,-0.039138686812436554,0.20396247089832828,0.6784253747276215,0.32157462527237846,0.023168569086337465,0.03268587687865751,0.03266270830957117,0.0487269776618131,0.0505076598014562,72,fitted,
2017-06-30,2017-05-31,ML Logistic + VRP,Logistic,equity_ret + bond_ret + log_rv_ann + log_iv_ann + vrp_proxy + log_iv_rv,6,0.1404699702822539,0,0,0.3472222222222222,-0.039138686812436554,0.20396247089832828,0.7157180178306477,0.2842819821693523,0.07458528620605231,-0.01570812005193037,-0.015782705338136423,-0.0257235885595024,0.0415530659489305,72,fitted,
2017-07-31,2017-06-30,ML Logistic + VRP,Logistic,equity_ret + bond_ret + log_rv_ann + log_iv_ann + vrp_proxy + log_iv_rv,6,0.2060820694821005,0,0,0.3472222222222222,-0.039138686812436554,0.20396247089832828,0.6763507583107397,0.32364924168926035,0.0787345190398161,-0.00935078920622191,-0.009429523725261726,-0.0081039436501151,0.0413694048537509,72,fitted,
2017-08-31,2017-07-31,ML Logistic + VRP,Logistic,equity_ret + bond_ret + log_rv_ann + log_iv_ann + vrp_proxy + log_iv_rv,6,0.14926154809131298,0,0,0.3472222222222222,-0.0350163094830188,0.20396247089832828,0.7104430711452122,0.2895569288547878,0.06818462566894512,-0.018404138507764914,-0.01847232313343386,-0.0309766055658198,0.0277954860835847,72,fitted,
2017-09-30,2017-08-31,ML Logistic + VRP,Logistic,equity_ret + bond_ret + log_rv_ann + log_iv_ann + vrp_proxy + log_iv_rv,6,0.21618317474832824,0,0,0.3472222222222222,-0.0350163094830188,0.20396247089832828,0.6702900951510031,0.32970990484899687,0.08030595198841817,0.017972170387916063,0.017891864435927645,0.0260836708088783,0.0267739017087609,72,fitted,
2017-10-31,2017-09-30,ML Logistic + VRP,Logistic,equity_ret + bond_ret + log_rv_ann + log_iv_ann + vrp_proxy + log_iv_rv,6,0.17802398653423585,0,0,0.3472222222222222,-0.0350163094830188,0.20396247089832828,0.6931856080794585,0.3068143919205415,0.04579102585691075,0.020587651469627193,0.020541860443770283,0.0321012457270728,0.0309393883374153,72,fitted,
2017-11-30,2017-10-31,ML Logistic + VRP,Logistic,equity_ret + bond_ret + log_rv_ann + log_iv_ann + vrp_proxy + log_iv_rv,6,0.14925053827671889,0,0,0.3472222222222222,-0.033895692261528436,0.20396247089832828,0.7104496770339688,0.2895503229660312,0.03452813790902054,-0.0006502675218702596,-0.0006847956597792801,-0.0037783226150691,0.0385398529805913,72,fitted,
2017-12-31,2017-11-30,ML Logistic + VRP,Logistic,equity_ret + bond_ret + log_rv_ann + log_iv_ann + vrp_proxy + log_iv_rv,6,0.16502797634339766,0,0,0.3472222222222222,-0.033895692261528436,0.20396247089832828,0.7009832141939614,0.29901678580603863,0.01893292568001481,0.003101371574091091,0.003082438648411076,0.001833758479341,0.032792270443252,72,fitted,
2018-01-31,2017-12-31,ML Logistic + VRP,Logistic,equity_ret + bond_ret + log_rv_ann + log_iv_ann + vrp_proxy + log_iv_rv,6,0.17265006886338685,0,0,0.3611111111111111,-0.03056184931653722,0.20159483331923272,0.696409958681968,0.303590041318032,0.00914651102398678,-0.004517527644433042,-0.004526674155457029,-0.0014193362543274,0.0483842570704571,72,fitted,
2018-02-28,2018-01-31,ML Logistic + VRP,Logistic,equity_ret + bond_ret + log_rv_ann + log_iv_ann + vrp_proxy + log_iv_rv,6,0.3041228409907818,0,1,0.375,-0.028266977167426,0.19933213101668884,0.617526295405531,0.38247370459446905,0.15776732655287407,-0.03844926508477542,-0.03860703241132829,-0.0606190245987007,0.048475670166582,72,fitted,
2018-03-31,2018-02-28,ML Logistic + VRP,Logistic,equity_ret + bond_ret + log_rv_ann + log_iv_ann + vrp_proxy + log_iv_rv,6,0.27506149828339277,0,0,0.375,-0.03056184931653722,0.19814718480844903,0.6349631010299643,0.36503689897003566,0.03487361124886679,0.011723348346070986,0.011688474734822119,0.0154501912433664,0.042328151215129,72,fitted,
2018-04-30,2018-03-31,ML Logistic + VRP,Logistic,equity_ret + bond_ret + log_rv_ann + log_iv_ann + vrp_proxy + log_iv_rv,6,0.28633675885773335,0,0,0.375,-0.03056184931653722,0.1913070290118697,0.6281979446853599,0.37180205531464006,0.01353031268920879,0.005054192844999925,0.005040662532310716,0.0042251275169695,0.0528805350904335,72,fitted,
2018-05-31,2018-04-30,ML Logistic + VRP,Logistic,equity_ret + bond_ret + log_rv_ann + log_iv_ann + vrp_proxy + log_iv_rv,6,0.3201128179425843,0,0,0.3611111111111111,-0.03056184931653722,0.1819493285411914,0.6079323092344495,0.3920676907655505,0.04053127090182085,0.020714641128730765,0.020674109857828943,0.0352935855603029,0.044122164842242,72,fitted,
2018-06-30,2018-05-31,ML Logistic + VRP,Logistic,equity_ret + bond_ret + log_rv_ann + log_iv_ann + vrp_proxy + log_iv_rv,6,0.2995588928724262,0,0,0.3611111111111111,-0.03056184931653722,0.1819493285411914,0.6202646642765444,0.37973533572345564,0.02466471008418969,-0.02011948847546244,-0.02014415318554663,-0.0252249155560972,0.0426956959936459,72,fitted,
2018-07-31,2018-06-30,ML Logistic + VRP,Logistic,equity_ret + bond_ret + log_rv_ann + log_iv_ann + vrp_proxy + log_iv_rv,6,0.4920917267745345,0,0,0.3611111111111111,-0.03056184931653722,0.1819493285411914,0.5047449639352793,0.49525503606472066,0.23103940068253004,0.0011419382226610167,0.0009108988219784866,-0.0086575728984089,0.0395476525110247,72,fitted,
2018-08-31,2018-07-31,ML Logistic + VRP,Logistic,equity_ret + bond_ret + log_rv_ann + log_iv_ann + vrp_proxy + log_iv_rv,6,0.4227419809144286,0,0,0.3611111111111111,-0.03056184931653722,0.1819493285411914,0.5463548114513428,0.4536451885486572,0.0832196950321269,-0.003798105116146069,-0.0038813248111781956,-0.0055753930477079,0.0314738547115443,72,fitted,
2018-09-30,2018-08-31,ML Logistic + VRP,Logistic,equity_ret + bond_ret + log_rv_ann + log_iv_ann + vrp_proxy + log_iv_rv,6,0.29634154371000315,0,1,0.3611111111111111,-0.028266977167426,0.1819493285411914,0.6221950737739981,0.3778049262260019,0.15168052464531057,-0.022194258123981483,-0.022345938648626794,-0.0334532251326292,0.0274818107195285,72,fitted,
2018-10-31,2018-09-30,ML Logistic + VRP,Logistic,equity_ret + bond_ret + log_rv_ann + log_iv_ann + vrp_proxy + log_iv_rv,6,0.3158962521138023,0,1,0.3611111111111111,-0.028266977167426,0.1819493285411914,0.6104622487317186,0.3895377512682814,0.02346565008455892,-0.02550797783708375,-0.02553144348716831,-0.0354052055802183,0.0373719218139833,72,fitted,
2018-11-30,2018-10-31,ML Logistic + VRP,Logistic,equity_ret + bond_ret + log_rv_ann + log_iv_ann + vrp_proxy + log_iv_rv,6,0.6029248455259881,1,0,0.375,-0.028266977167426,0.18102680129649007,0.43824509268440714,0.5617549073155929,0.34443431209462294,0.002743904331026936,0.002399470018932313,-0.0001032534939002,0.0384106237566746,72,fitted,
2018-12-31,2018-11-30,ML Logistic + VRP,Logistic,equity_ret + bond_ret + log_rv_ann + log_iv_ann + vrp_proxy + log_iv_rv,6,0.5119972346596303,1,0,0.375,-0.028266977167426,0.18094371425534092,0.4928016592042218,0.5071983407957782,0.10911313303962933,-0.010185070973046351,-0.01029418410608598,-0.0269592825839305,0.0630481651869297,72,fitted,
2019-01-31,2018-12-31,ML Logistic + VRP,Logistic,equity_ret + bond_ret + log_rv_ann + log_iv_ann + vrp_proxy + log_iv_rv,6,0.4337413087759987,0,0,0.375,-0.02851411597231162,0.17734830506009946,0.5397552147344008,0.4602447852655992,0.09390711106035798,-0.005170031018515101,-0.005263938129575459,-0.0122040856244322,0.0899505509701786,72,fitted,
2019-02-28,2019-01-31,ML Logistic + VRP,Logistic,equity_ret + bond_ret + log_rv_ann + log_iv_ann + vrp_proxy + log_iv_rv,6,0.11590266567445683,0,0,0.375,-0.02851411597231162,0.17734830506009946,0.7304584005953259,0.26954159940467415,0.3814063717218501,0.031056847033363158,0.03067544066164131,0.0393186927211415,0.1027997660392212,72,fitted,
2019-03-31,2019-02-28,ML Logistic + VRP,Logistic,equity_ret + bond_ret + log_rv_ann + log_iv_ann + vrp_proxy + log_iv_rv,6,0.2598853535617794,0,0,0.375,-0.026712143779044878,0.17734830506009946,0.6440687878629324,0.3559312121370676,0.17277922546478686,0.025733393654825548,0.02556061442936076,0.0354775369965916,0.0913299563139267,72,fitted,
2019-04-30,2019-03-31,ML Logistic + VRP,Logistic,equity_ret + bond_ret + log_rv_ann + log_iv_ann + vrp_proxy + log_iv_rv,6,0.3037023220141158,0,0,0.375,-0.026712143779044878,0.17734830506009946,0.6177786067915305,0.3822213932084695,0.052580362142803816,0.029629797281706144,0.02957721691956334,0.0435479135820724,0.0514406814597425,72,fitted,
2019-05-31,2019-04-30,ML Logistic + VRP,Logistic,equity_ret + bond_ret + log_rv_ann + log_iv_ann + vrp_proxy + log_iv_rv,6,0.2337554578636854,0,1,0.375,-0.026712143779044878,0.17734830506009946,0.6597467252817888,0.3402532747182112,0.08393623698051655,-0.01747593014493422,-0.01755986638191474,-0.0281684755300689,0.0428730592917657,72,fitted,
2019-06-30,2019-05-31,ML Logistic + VRP,Logistic,equity_ret + bond_ret + log_rv_ann + log_iv_ann + vrp_proxy + log_iv_rv,6,0.24985394817526782,0,0,0.375,-0.02792663694084122,0.17734830506009946,0.6500876310948392,0.34991236890516075,0.019318188373899092,0.012194143956191332,0.012174825767817433,0.0107200928441295,0.0312228560914626,72,fitted,
2019-07-31,2019-06-30,ML Logistic + VRP,Logistic,equity_ret + bond_ret + log_rv_ann + log_iv_ann + vrp_proxy + log_iv_rv,6,0.2616175444443742,0,0,0.375,-0.02792663694084122,0.17734830506009946,0.6430294733333755,0.35697052666662454,0.01411631552292758,0.025001025223481327,0.024986908907958398,0.0325102244609072,0.0356824711357968,72,fitted,
2019-08-31,2019-07-31,ML Logistic + VRP,Logistic,equity_ret + bond_ret + log_rv_ann + log_iv_ann + vrp_proxy + log_iv_rv,6,0.17890754765906935,0,1,0.375,-0.02792663694084122,0.17734830506009946,0.6926554714045585,0.3073445285954415,0.09925199614236613,-0.01771819879685571,-0.017817450792998075,-0.0347038800061944,0.0576066691497176,72,fitted,
2019-09-30,2019-08-31,ML Logistic + VRP,Logistic,equity_ret + bond_ret + log_rv_ann + log_iv_ann + vrp_proxy + log_iv_rv,6,0.39299643436796994,0,0,0.375,-0.02792663694084122,0.17734830506009946,0.564202139379218,0.43579786062078196,0.25690666405068097,0.02858036981485586,0.02832346315080518,0.0484331335390779,0.0557517645539162,72,fitted,
2019-10-31,2019-09-30,ML Logistic + VRP,Logistic,equity_ret + bond_ret + log_rv_ann + log_iv_ann + vrp_proxy + log_iv_rv,6,0.2809547968105553,0,0,0.375,-0.02792663694084122,0.17734830506009946,0.6314271219136669,0.3685728780863331,0.13444996506889773,-0.009040603128555773,-0.009175053093624671,-0.0126877426972058,0.0540597880257949,72,fitted,
2019-11-30,2019-10-31,ML Logistic + VRP,Logistic,equity_ret + bond_ret + log_rv_ann + log_iv_ann + vrp_proxy + log_iv_rv,6,0.33637631686306063,0,0,0.375,-0.026712143779044878,0.17734830506009946,0.5981742098821636,0.40182579011783637,0.06650582406300654,0.03170593404378677,0.031639428219723764,0.0624620753169182,0.0583813006187289,72,fitted,
2019-12-31,2019-11-30,ML Logistic + VRP,Logistic,equity_ret + bond_ret + log_rv_ann + log_iv_ann + vrp_proxy + log_iv_rv,6,0.2528818468933772,0,0,0.375,-0.026712143779044878,0.17734830506009946,0.6482708918639737,0.3517291081360263,0.10019336396362011,-0.0005220756543566207,-0.0006222690183202409,-0.0015758454804618,0.0381458968124907,72,fitted,
2020-01-31,2019-12-31,ML Logistic + VRP,Logistic,equity_ret + bond_ret + log_rv_ann + log_iv_ann + vrp_proxy + log_iv_rv,6,0.24710025456876403,0,0,0.375,-0.026712143779044878,0.17734830506009946,0.6517398472587416,0.34826015274125843,0.006937910789535762,0.014185883660877618,0.014178945750088082,0.0224398450452896,0.0391153580316663,72,fitted,
2020-02-29,2020-01-31,ML Logistic + VRP,Logistic,equity_ret + bond_ret + log_rv_ann + log_iv_ann + vrp_proxy + log_iv_rv,6,0.7151092161791344,1,0,0.375,-0.026712143779044878,0.17734830506009946,0.37093447029251936,0.6290655297074806,0.5616107539324444,0.01588803545738668,0.015326424703454234,0.0171287951441945,0.0391471244686928,72,fitted,
2020-03-31,2020-02-29,ML Logistic + VRP,Logistic,equity_ret + bond_ret + log_rv_ann + log_iv_ann + vrp_proxy + log_iv_rv,6,0.5608758446274262,1,1,0.375,-0.026712143779044878,0.17734830506009946,0.4634744932235443,0.5365255067764557,0.18508004586204985,-0.15880475455201473,-0.15898983459787677,-0.3396611105639215,0.6261785661694548,72,fitted,
2020-04-30,2020-03-31,ML Logistic + VRP,Logistic,equity_ret + bond_ret + log_rv_ann + log_iv_ann + vrp_proxy + log_iv_rv,6,0.9896498693794566,1,1,0.3611111111111111,-0.02792663694084122,0.18094371425534092,0.20621007837232602,0.793789921627674,0.5145288297024366,0.008797877702884482,0.008283348873182045,0.1365534986075169,0.6960988327427069,72,fitted,
2020-05-31,2020-04-30,ML Logistic + VRP,Logistic,equity_ret + bond_ret + log_rv_ann + log_iv_ann + vrp_proxy + log_iv_rv,6,0.9968543533939052,1,1,0.3611111111111111,-0.026712143779044878,0.18102680129649007,0.2018873879636569,0.7981126120363431,0.008645380817338177,0.0012236191551647762,0.001214973774347438,-0.0031250242639212,0.685069415593999,72,fitted,
2020-06-30,2020-05-31,ML Logistic + VRP,Logistic,equity_ret + bond_ret + log_rv_ann + log_iv_ann + vrp_proxy + log_iv_rv,6,0.9820339347783773,1,1,0.3611111111111111,-0.026712143779044878,0.19107657643650097,0.21077963913297365,0.7892203608670263,0.017784502338633545,0.02726591766808526,0.02724813316574663,0.0904447571250541,0.5924640544289772,72,fitted,
2020-07-31,2020-06-30,ML Logistic + VRP,Logistic,equity_ret + bond_ret + log_rv_ann + log_iv_ann + vrp_proxy + log_iv_rv,6,0.9452972627852099,1,1,0.3611111111111111,-0.026712143779044878,0.19814718480844903,0.2328216423288741,0.767178357671126,0.04408400639180077,0.020515185688864828,0.020471101682473028,0.0482259574590655,0.22881979648679,72,fitted,
2020-08-31,2020-07-31,ML Logistic + VRP,Logistic,equity_ret + bond_ret + log_rv_ann + log_iv_ann + vrp_proxy + log_iv_rv,6,0.646722576769161,1,1,0.3611111111111111,-0.026712143779044878,0.19933213101668884,0.4119664539385034,0.5880335460614966,0.35828962321925867,0.011671661966930891,0.011313372343711632,0.0203141663883605,0.2052201498167803,72,fitted,
2020-09-30,2020-08-31,ML Logistic + VRP,Logistic,equity_ret + bond_ret + log_rv_ann + log_iv_ann + vrp_proxy + log_iv_rv,6,0.5327355305913506,1,0,0.3611111111111111,-0.026712143779044878,0.20339963033847683,0.4803586816451897,0.5196413183548103,0.13678445541337259,-0.006077002614749952,-0.006213787070163325,-0.0140848464874631,0.0820138272830166,72,fitted,
2020-10-31,2020-09-30,ML Logistic + VRP,Logistic,equity_ret + bond_ret + log_rv_ann + log_iv_ann + vrp_proxy + log_iv_rv,6,0.509648999407802,1,0,0.3611111111111111,-0.026712143779044878,0.20339963033847683,0.49421060035531883,0.5057893996446812,0.02770383742025828,0.0017348551999466,0.0017071513625263417,-0.005335028573305,0.0512358756615979,72,fitted,
2020-11-30,2020-10-31,ML Logistic + VRP,Logistic,equity_ret + bond_ret + log_rv_ann + log_iv_ann + vrp_proxy + log_iv_rv,6,0.46943657027334373,0,1,0.3611111111111111,-0.026712143779044878,0.20339963033847683,0.5183380578359937,0.48166194216400626,0.048254914961349815,0.02103849327319371,0.02099023835823236,0.0394405992997313,0.20371063930144,72,fitted,
2020-12-31,2020-11-30,ML Logistic + VRP,Logistic,equity_ret + bond_ret + log_rv_ann + log_iv_ann + vrp_proxy + log_iv_rv,6,0.6086632559705045,1,0,0.3611111111111111,-0.02562385395882136,0.20427306398279946,0.4348020464176973,0.5651979535823026,0.16707202283659278,0.01258342618918722,0.012416354166350627,0.0168135282479793,0.1995487117329469,72,fitted,
2021-01-31,2020-12-31,ML Logistic + VRP,Logistic,equity_ret + bond_ret + log_rv_ann + log_iv_ann + vrp_proxy + log_iv_rv,6,0.5730415172972607,1,0,0.3611111111111111,-0.024736959301930837,0.20427306398279946,0.4561750896216436,0.5438249103783563,0.04274608640789257,0.011791189993017894,0.011748443906610001,0.0362293713244592,0.1886738194451048,72,fitted,
2021-02-28,2021-01-31,ML Logistic + VRP,Logistic,equity_ret + bond_ret + log_rv_ann + log_iv_ann + vrp_proxy + log_iv_rv,6,0.6179874595737482,1,0,0.3611111111111111,-0.024736959301930837,0.20427306398279946,0.4292075242557511,0.5707924757442489,0.05393513073178502,0.00811081644341176,0.008056881312679976,0.0231110805307961,0.0898000407082918,72,fitted,
2021-03-31,2021-02-28,ML Logistic + VRP,Logistic,equity_ret + bond_ret + log_rv_ann + log_iv_ann + vrp_proxy + log_iv_rv,6,0.5740342168544463,1,0,0.3611111111111111,-0.022228758665688117,0.20427306398279946,0.4555794698873322,0.5444205301126678,0.0527438912631622,0.011285613197136696,0.011232869305873534,0.0372739536899082,0.0267005559612106,72,fitted,
2021-04-30,2021-03-31,ML Logistic + VRP,Logistic,equity_ret + bond_ret + log_rv_ann + log_iv_ann + vrp_proxy + log_iv_rv,6,0.6060120075561779,1,0,0.3611111111111111,-0.022228758665688117,0.20427306398279946,0.4363927954662933,0.5636072045337067,0.03837334884207788,0.01715270205827771,0.017114328709435633,0.0376875552138742,0.0374479910922146,72,fitted,
2021-05-31,2021-04-30,ML Logistic + VRP,Logistic,equity_ret + bond_ret + log_rv_ann + log_iv_ann + vrp_proxy + log_iv_rv,6,0.4201174802149315,0,0,0.3611111111111111,-0.022228758665688117,0.20427306398279946,0.5479295118710412,0.4520704881289588,0.22307343280949588,-0.009962950062244087,-0.010186023495053582,-0.007986771407346,0.033252845739336,72,fitted,
2021-06-30,2021-05-31,ML Logistic + VRP,Logistic,equity_ret + bond_ret + log_rv_ann + log_iv_ann + vrp_proxy + log_iv_rv,6,0.3311545701219144,0,0,0.3611111111111111,-0.022228758665688117,0.20427306398279946,0.6013072579268514,0.39869274207314864,0.10675549211162028,0.025542537378805595,0.025435781886693976,0.03801507412395,0.0416415059371039,72,fitted,
2021-07-31,2021-06-30,ML Logistic + VRP,Logistic,equity_ret + bond_ret + log_rv_ann + log_iv_ann + vrp_proxy + log_iv_rv,6,0.4878207606646349,0,0,0.3611111111111111,-0.022228758665688117,0.20427306398279946,0.507307543601219,0.492692456398781,0.18799942865126473,0.0021086375368223388,0.001920638108171074,-0.0006567127811994,0.0400979050478682,72,fitted,
2021-08-31,2021-07-31,ML Logistic + VRP,Logistic,equity_ret + bond_ret + log_rv_ann + log_iv_ann + vrp_proxy + log_iv_rv,6,0.4543715070717746,0,0,0.3611111111111111,-0.022228758665688117,0.20427306398279946,0.5273770957569353,0.47262290424306475,0.04013910431143253,0.02268719432426718,0.022647055219955747,0.0324793200530295,0.0199671051065084,72,fitted,
2021-09-30,2021-08-31,ML Logistic + VRP,Logistic,equity_ret + bond_ret + log_rv_ann + log_iv_ann + vrp_proxy + log_iv_rv,6,0.46881049520336,0,0,0.3611111111111111,-0.022228758665688117,0.20427306398279946,0.518713702877984,0.481286297122016,0.017326785757902474,-0.010033721797324344,-0.010051048583082247,-0.0116460886712347,0.0056608717122773,72,fitted,
2021-10-31,2021-09-30,ML Logistic + VRP,Logistic,equity_ret + bond_ret + log_rv_ann + log_iv_ann + vrp_proxy + log_iv_rv,6,0.2820422407103116,0,1,0.375,-0.018819574247395814,0.2028782537877414,0.6307746555738131,0.36922534442618693,0.2241219053916581,-0.024516619552288493,-0.02474074145768015,-0.0292115312702775,0.01468795822287,72,fitted,
2021-11-30,2021-10-31,ML Logistic + VRP,Logistic,equity_ret + bond_ret + log_rv_ann + log_iv_ann + vrp_proxy + log_iv_rv,6,0.43280262579352885,0,0,0.375,-0.02104507672570493,0.2028782537877414,0.5403184245238827,0.4596815754761173,0.18091246209986078,0.04467292321355878,0.044492010751458914,0.0746986886959502,0.0507828908660839,72,fitted,
2021-12-31,2021-11-30,ML Logistic + VRP,Logistic,equity_ret + bond_ret + log_rv_ann + log_iv_ann + vrp_proxy + log_iv_rv,6,0.4165147173519982,0,1,0.375,-0.02104507672570493,0.2028782537877414,0.5500911695888011,0.4499088304111989,0.019545490129836862,-0.01764034887017752,-0.017659894360307356,-0.0364478760325837,0.1025522841544392,72,fitted,
2022-01-31,2021-12-31,ML Logistic + VRP,Logistic,equity_ret + bond_ret + log_rv_ann + log_iv_ann + vrp_proxy + log_iv_rv,6,0.4459590243849353,0,0,0.375,-0.024736959301930837,0.2028782537877414,0.5324245853690388,0.4675754146309612,0.03533316843952461,0.005927050888049651,0.005891717719610126,0.0279174825695243,0.1061573024259542,72,fitted,
2022-02-28,2022-01-31,ML Logistic + VRP,Logistic,equity_ret + bond_ret + log_rv_ann + log_iv_ann + vrp_proxy + log_iv_rv,6,0.4935438736270677,0,1,0.3888888888888889,-0.02104507672570493,0.19950766360232286,0.5038736758237594,0.4961263241762406,0.05710181909055878,-0.03523454268580799,-0.035291644504898544,-0.0373367909631336,0.0865246762476978,72,fitted,
2022-03-31,2022-02-28,ML Logistic + VRP,Logistic,equity_ret + bond_ret + log_rv_ann + log_iv_ann + vrp_proxy + log_iv_rv,6,0.5062362150894979,1,1,0.3888888888888889,-0.024736959301930837,0.19933213101668884,0.49625827094630126,0.5037417290536987,0.015230809754916308,-0.05757318818124916,-0.05758841899100407,-0.1127374305089676,0.2561278421728654,72,fitted,
2022-04-30,2022-03-31,ML Logistic + VRP,Logistic,equity_ret + bond_ret + log_rv_ann + log_iv_ann + vrp_proxy + log_iv_rv,6,0.6051985782200021,1,1,0.375,-0.02562385395882136,0.19950766360232286,0.43688085306799873,0.5631191469320013,0.11875483575660506,-0.0004082127782409628,-0.0005269676139975679,0.0414562536077787,0.2747307422393871,72,fitted,
2022-05-31,2022-04-30,ML Logistic + VRP,Logistic,equity_ret + bond_ret + log_rv_ann + log_iv_ann + vrp_proxy + log_iv_rv,6,0.8260501768802057,1,1,0.375,-0.024736959301930837,0.2028782537877414,0.30436989387187663,0.6956301061281234,0.2650219183922442,-0.025875261402579675,-0.02614028332097192,-0.058909521943165,0.3085079239302221,72,fitted,
2022-06-30,2022-05-31,ML Logistic + VRP,Logistic,equity_ret + bond_ret + log_rv_ann + log_iv_ann + vrp_proxy + log_iv_rv,6,0.7795021439588338,1,1,0.3611111111111111,-0.02562385395882136,0.20491824771371225,0.33229871362469976,0.6677012863753002,0.05585763950564626,-0.032976814702434104,-0.03303267234193975,-0.0039380811965237,0.3388890657620975,72,fitted,
2022-07-31,2022-06-30,ML Logistic + VRP,Logistic,equity_ret + bond_ret + log_rv_ann + log_iv_ann + vrp_proxy + log_iv_rv,6,0.9441338070935673,1,1,0.3611111111111111,-0.02562385395882136,0.21042394657052976,0.2335197157438596,0.7664802842561405,0.19755799576168037,0.012084747261239533,0.011887189265477853,-0.0311596754459931,0.1706807663290468,72,fitted,
2022-08-31,2022-07-31,ML Logistic + VRP,Logistic,equity_ret + bond_ret + log_rv_ann + log_iv_ann + vrp_proxy + log_iv_rv,6,0.39252598541764466,0,0,0.3611111111111111,-0.026712143779044878,0.21042394657052976,0.5644844087494132,0.4355155912505868,0.6619293860111073,0.05234066113461229,0.05167873174860118,0.0830960283644346,0.1418416885740734,72,fitted,
2022-09-30,2022-08-31,ML Logistic + VRP,Logistic,equity_ret + bond_ret + log_rv_ann + log_iv_ann + vrp_proxy + log_iv_rv,6,0.40023260984377573,0,1,0.3611111111111111,-0.026712143779044878,0.21042394657052976,0.5598604340937345,0.44013956590626546,0.009247949311357306,-0.03863214946438394,-0.038641397413695294,-0.0345000269557216,0.1500344624823598,72,fitted,
2022-10-31,2022-09-30,ML Logistic + VRP,Logistic,equity_ret + bond_ret + log_rv_ann + log_iv_ann + vrp_proxy + log_iv_rv,6,0.8017075202788524,1,1,0.375,-0.026712143779044878,0.20491824771371225,0.3189754878326886,0.6810245121673114,0.4817698925220919,-0.05722605439545729,-0.05770782428797938,-0.0839597070320542,0.2166304099760133,72,fitted,
2022-11-30,2022-10-31,ML Logistic + VRP,Logistic,equity_ret + bond_ret + log_rv_ann + log_iv_ann + vrp_proxy + log_iv_rv,6,0.8981076475362555,1,1,0.3611111111111111,-0.02792663694084122,0.20491824771371225,0.2611354114782467,0.7388645885217533,0.11568015270888377,0.05454894058625098,0.054433260433542095,0.1581121400161993,0.2870610773444056,72,fitted,
2022-12-31,2022-11-30,ML Logistic + VRP,Logistic,equity_ret + bond_ret + log_rv_ann + log_iv_ann + vrp_proxy + log_iv_rv,6,0.6609262694149116,1,1,0.3611111111111111,-0.02792663694084122,0.20491824771371225,0.40344423835105303,0.596555761648947,0.28461765374561265,0.020036295893465575,0.01975167823971996,0.0137831377431498,0.246452643289683,72,fitted,
2023-01-31,2022-12-31,ML Logistic + VRP,Logistic,equity_ret + bond_ret + log_rv_ann + log_iv_ann + vrp_proxy + log_iv_rv,6,0.43910010025789387,0,0,0.3611111111111111,-0.02792663694084122,0.20491824771371225,0.5365399398452637,0.4634600601547363,0.26619140298842137,0.021565296580770138,0.021299105177781715,0.0522359781558194,0.153399759564035,72,fitted,
2023-02-28,2023-01-31,ML Logistic + VRP,Logistic,equity_ret + bond_ret + log_rv_ann + log_iv_ann + vrp_proxy + log_iv_rv,6,0.6578658669101504,1,0,0.3611111111111111,-0.02792663694084122,0.2028782537877414,0.4052804798539098,0.5947195201460902,0.2625189199827078,0.0023994701784078995,0.0021369512584251916,0.0172680611507551,0.0491939514786028,72,fitted,
2023-03-31,2023-02-28,ML Logistic + VRP,Logistic,equity_ret + bond_ret + log_rv_ann + log_iv_ann + vrp_proxy + log_iv_rv,6,0.4550108877767786,0,0,0.3611111111111111,-0.02792663694084122,0.19737373327537852,0.5269934673339328,0.4730065326660672,0.24342597496004603,-8.021579788445015e-05,-0.0003236417728444962,0.0075250823477521,0.0320476441231087,72,fitted,
2023-04-30,2023-03-31,ML Logistic + VRP,Logistic,equity_ret + bond_ret + log_rv_ann + log_iv_ann + vrp_proxy + log_iv_rv,6,0.43646591894650094,0,0,0.3611111111111111,-0.02792663694084122,0.19737373327537852,0.5381204486320994,0.4618795513679006,0.022253962596333166,0.016748946244556,0.01672669228195967,0.0247072382293531,0.0365561602926632,72,fitted,
2023-05-31,2023-04-30,ML Logistic + VRP,Logistic,equity_ret + bond_ret + log_rv_ann + log_iv_ann + vrp_proxy + log_iv_rv,6,0.29239837572539257,0,0,0.3611111111111111,-0.02792663694084122,0.19737373327537852,0.6245609745647644,0.37543902543523555,0.1728810518653301,-0.00018394777956673913,-0.00035682883143206925,-0.0037263016509628,0.0219755313942162,72,fitted,
2023-06-30,2023-05-31,ML Logistic + VRP,Logistic,equity_ret + bond_ret + log_rv_ann + log_iv_ann + vrp_proxy + log_iv_rv,6,0.26616698798806926,0,0,0.3611111111111111,-0.02792663694084122,0.19737373327537852,0.6402998072071584,0.3597001927928416,0.031477665284787903,-0.0007164776592497822,-0.0007479553245345701,-0.0003218358257327,0.0209168767684267,72,fitted,
2023-07-31,2023-06-30,ML Logistic + VRP,Logistic,equity_ret + bond_ret + log_rv_ann + log_iv_ann + vrp_proxy + log_iv_rv,6,0.3234169897054524,0,0,0.3611111111111111,-0.02792663694084122,0.19737373327537852,0.6059498061767286,0.39405019382327144,0.06870000206085969,0.00311113205844151,0.00304243205638065,0.0101864533857485,0.0473916081964935,72,fitted,
2023-08-31,2023-07-31,ML Logistic + VRP,Logistic,equity_ret + bond_ret + log_rv_ann + log_iv_ann + vrp_proxy + log_iv_rv,6,0.435142072346853,0,0,0.3611111111111111,-0.02792663694084122,0.19737373327537852,0.5389147565918883,0.46108524340811174,0.1340700991696806,-0.004121300735555284,-0.004255370834724964,-0.0089737970679788,0.0409065797422744,72,fitted,
2023-09-30,2023-08-31,ML Logistic + VRP,Logistic,equity_ret + bond_ret + log_rv_ann + log_iv_ann + vrp_proxy + log_iv_rv,6,0.31503437559712033,0,0,0.3611111111111111,-0.026612409178363838,0.19737373327537852,0.6109793746417278,0.3890206253582722,0.1441292360996791,-0.009734432257892436,-0.009878561493992116,-0.0155044856071422,0.039116430241608,72,fitted,
2023-10-31,2023-09-30,ML Logistic + VRP,Logistic,equity_ret + bond_ret + log_rv_ann + log_iv_ann + vrp_proxy + log_iv_rv,6,0.318822278667928,0,0,0.3611111111111111,-0.026612409178363838,0.19737373327537852,0.6087066327992432,0.3912933672007568,0.004545483684969209,-0.009614238342897574,-0.009618783826582543,-0.0125825388379577,0.0516818403453746,72,fitted,
2023-11-30,2023-10-31,ML Logistic + VRP,Logistic,equity_ret + bond_ret + log_rv_ann + log_iv_ann + vrp_proxy + log_iv_rv,6,0.3697360169920419,0,0,0.3611111111111111,-0.026612409178363838,0.19737373327537852,0.5781583898047749,0.42184161019522515,0.06109648598893669,0.00193013715734586,0.0018690406713569234,-0.0008188777295246,0.0392966989771129,72,fitted,
2023-12-31,2023-11-30,ML Logistic + VRP,Logistic,equity_ret + bond_ret + log_rv_ann + log_iv_ann + vrp_proxy + log_iv_rv,6,0.3087458247496664,0,0,0.3611111111111111,-0.026612409178363838,0.19737373327537852,0.6147525051502002,0.3852474948497998,0.07318823069085068,0.06304171242263949,0.06296852419194864,0.0808246161992873,0.0695418014743718,72,fitted,
2024-01-31,2023-12-31,ML Logistic + VRP,Logistic,equity_ret + bond_ret + log_rv_ann + log_iv_ann + vrp_proxy + log_iv_rv,6,0.19062215929814183,0,0,0.3611111111111111,-0.026612409178363838,0.19737373327537852,0.6856267044211148,0.31437329557888516,0.1417483985418293,-0.012402591420704143,-0.012544339819245971,-0.0207930769821085,0.0739061400281641,72,fitted,
2024-02-29,2024-01-31,ML Logistic + VRP,Logistic,equity_ret + bond_ret + log_rv_ann + log_iv_ann + vrp_proxy + log_iv_rv,6,0.36171803982218115,0,0,0.3611111111111111,-0.026612409178363838,0.19737373327537852,0.5829691761066913,0.4170308238933087,0.20531505662884708,0.038078632450475755,0.03787331739384691,0.0684491583614437,0.0710634131786018,72,fitted,
2024-03-31,2024-02-29,ML Logistic + VRP,Logistic,equity_ret + bond_ret + log_rv_ann + log_iv_ann + vrp_proxy + log_iv_rv,6,0.4888155922445532,0,0,0.3611111111111111,-0.024338547841299456,0.19737373327537852,0.5067106446532681,0.4932893553467319,0.1525170629068464,0.029945406958410338,0.02979288989550349,0.049901522808696,0.0475982938777777,72,fitted,
2024-04-30,2024-03-31,ML Logistic + VRP,Logistic,equity_ret + bond_ret + log_rv_ann + log_iv_ann + vrp_proxy + log_iv_rv,6,0.3256079043307664,0,0,0.3611111111111111,-0.024338547841299456,0.19737373327537852,0.6046352574015401,0.3953647425984599,0.19584922549654404,-0.0032373344707606784,-0.0034331836962572223,-0.0056570935508506,0.0455031035282115,72,fitted,
2024-05-31,2024-04-30,ML Logistic + VRP,Logistic,equity_ret + bond_ret + log_rv_ann + log_iv_ann + vrp_proxy + log_iv_rv,6,0.33831008879176955,0,0,0.3611111111111111,-0.024338547841299456,0.19737373327537852,0.5970139467249382,0.40298605327506176,0.015242621353203756,0.009049366872312645,0.009034124250959442,0.0167830458835656,0.0273933170442783,72,fitted,
2024-06-30,2024-05-31,ML Logistic + VRP,Logistic,equity_ret + bond_ret + log_rv_ann + log_iv_ann + vrp_proxy + log_iv_rv,6,0.3921701831177032,0,0,0.3611111111111111,-0.024338547841299456,0.19737373327537852,0.5646978901293782,0.4353021098706218,0.06463211319112006,-0.002278002213130718,-0.0023426343263218377,-0.000742282644639,0.0236814988852357,72,fitted,
2024-07-31,2024-06-30,ML Logistic + VRP,Logistic,equity_ret + bond_ret + log_rv_ann + log_iv_ann + vrp_proxy + log_iv_rv,6,0.3462615329446203,0,0,0.3611111111111111,-0.019735358707115232,0.19737373327537852,0.5922430802332277,0.4077569197667723,0.055090380207698963,-0.003969237399029865,-0.0040243277792375645,-0.0115803161297599,0.0278732037519852,72,fitted,
2024-08-31,2024-07-31,ML Logistic + VRP,Logistic,equity_ret + bond_ret + log_rv_ann + log_iv_ann + vrp_proxy + log_iv_rv,6,0.2948937362654793,0,1,0.3611111111111111,-0.019735358707115232,0.19737373327537852,0.6230637582407124,0.37693624175928764,0.06164135601496934,-0.03338272508303432,-0.033444366439049286,-0.0617728346479099,0.0911844078850842,72,fitted,
2024-09-30,2024-08-31,ML Logistic + VRP,Logistic,equity_ret + bond_ret + log_rv_ann + log_iv_ann + vrp_proxy + log_iv_rv,6,0.3500506645735673,0,0,0.3611111111111111,-0.025726041463566093,0.19737373327537852,0.5899696012558597,0.41003039874414027,0.06618831396970526,0.023020728781743098,0.022954540467773392,0.0311304198678461,0.1457928228026169,72,fitted,
2024-10-31,2024-09-30,ML Logistic + VRP,Logistic,equity_ret + bond_ret + log_rv_ann + log_iv_ann + vrp_proxy + log_iv_rv,6,0.5147147246563935,1,0,0.3611111111111111,-0.019735358707115232,0.19737373327537852,0.49117116520616394,0.5088288347938361,0.19759687209939164,0.015292778493462918,0.015095181621363526,0.0324589045236365,0.1468704909168978,72,fitted,
2024-11-30,2024-10-31,ML Logistic + VRP,Logistic,equity_ret + bond_ret + log_rv_ann + log_iv_ann + vrp_proxy + log_iv_rv,6,0.5720045217172866,1,1,0.3611111111111111,-0.015220557783206377,0.19737373327537852,0.45679728696962807,0.5432027130303719,0.06874775647307169,-0.02039080073951665,-0.020459548495989723,-0.0453992904785968,0.1503492990097555,72,fitted,
2024-12-31,2024-11-30,ML Logistic + VRP,Logistic,equity_ret + bond_ret + log_rv_ann + log_iv_ann + vrp_proxy + log_iv_rv,6,0.4668330161081324,0,0,0.3611111111111111,-0.019735358707115232,0.19737373327537852,0.5199001903351206,0.4800998096648794,0.12620580673098503,0.03130071322835539,0.031174507421624406,0.046544631256673,0.0360630834838487,72,fitted,
2025-01-31,2024-12-31,ML Logistic + VRP,Logistic,equity_ret + bond_ret + log_rv_ann + log_iv_ann + vrp_proxy + log_iv_rv,6,0.30165537573229667,0,0,0.3611111111111111,-0.015220557783206377,0.19737373327537852,0.619006774560622,0.38099322543937797,0.1982131684510029,-0.006937166893940354,-0.007135380062391357,0.0023622817657473,0.0247885078015251,72,fitted,
2025-02-28,2025-01-31,ML Logistic + VRP,Logistic,equity_ret + bond_ret + log_rv_ann + log_iv_ann + vrp_proxy + log_iv_rv,6,0.40501012706892836,0,0,0.3611111111111111,-0.015220557783206377,0.19737373327537852,0.556993923758643,0.443006076241357,0.1240257016039581,0.053559230863098356,0.0534352051614944,0.0860694753521582,0.0626712711363506,72,fitted,
2025-03-31,2025-02-28,ML Logistic + VRP,Logistic,equity_ret + bond_ret + log_rv_ann + log_iv_ann + vrp_proxy + log_iv_rv,6,0.4042537757703143,0,0,0.3611111111111111,-0.015220557783206377,0.19737373327537852,0.5574477345378115,0.4425522654621885,0.0009076215583370129,-0.012374437469496695,-0.012375345091055033,-0.0085521595560056,0.0781737201066187,72,fitted,
2025-04-30,2025-03-31,ML Logistic + VRP,Logistic,equity_ret + bond_ret + log_rv_ann + log_iv_ann + vrp_proxy + log_iv_rv,6,0.4821116686972368,0,1,0.3611111111111111,-0.015220557783206377,0.19737373327537852,0.5107329987816579,0.4892670012183421,0.09342947151230718,-0.04761782670591707,-0.04771125617742938,-0.1067634090530582,0.1793633188674125,72,fitted,
2025-05-31,2025-04-30,ML Logistic + VRP,Logistic,equity_ret + bond_ret + log_rv_ann + log_iv_ann + vrp_proxy + log_iv_rv,6,0.4513819325873304,0,1,0.3611111111111111,-0.019735358707115232,0.19737373327537852,0.5291708404476018,0.47082915955239824,0.03687568333188773,0.06836619908876089,0.06832932340542901,0.1264050161118952,0.2577846268870902,72,fitted,
2025-06-30,2025-05-31,ML Logistic + VRP,Logistic,equity_ret + bond_ret + log_rv_ann + log_iv_ann + vrp_proxy + log_iv_rv,6,0.7388070970470326,1,1,0.3611111111111111,-0.015220557783206377,0.2028782537877414,0.35671574177178045,0.6432842582282196,0.34491019735164263,0.005966425303597771,0.005621515106246129,0.00014651081948,0.2308426790401719,72,fitted,
2025-07-31,2025-06-30,ML Logistic + VRP,Logistic,equity_ret + bond_ret + log_rv_ann + log_iv_ann + vrp_proxy + log_iv_rv,6,0.6736789252276097,1,0,0.3611111111111111,-0.015220557783206377,0.20491824771371225,0.39579264486343413,0.6042073551365659,0.07815380618330736,-0.003571854492316509,-0.003650008298499816,-0.0017930007602416,0.1493033883768388,72,fitted,
2025-08-31,2025-07-31,ML Logistic + VRP,Logistic,equity_ret + bond_ret + log_rv_ann + log_iv_ann + vrp_proxy + log_iv_rv,6,0.5545123634814426,1,0,0.3611111111111111,-0.015220557783206377,0.20491824771371225,0.46729258191113443,0.5327074180888656,0.1429998740954006,-0.003119661457616051,-0.0032626613317114517,-0.0088251030555264,0.0281379367631093,72,fitted,
2025-09-30,2025-08-31,ML Logistic + VRP,Logistic,equity_ret + bond_ret + log_rv_ann + log_iv_ann + vrp_proxy + log_iv_rv,6,0.26010174955029103,0,0,0.3611111111111111,-0.013805425729411638,0.20491824771371225,0.6439389502698254,0.3560610497301746,0.3532927367173819,0.007494700664965779,0.007141407928248396,0.0102586303689389,0.0260820029788217,72,fitted,
2025-10-31,2025-09-30,ML Logistic + VRP,Logistic,equity_ret + bond_ret + log_rv_ann + log_iv_ann + vrp_proxy + log_iv_rv,6,0.2532726952941385,0,0,0.3611111111111111,-0.013805425729411638,0.20491824771371225,0.6480363828235169,0.35196361717648306,0.008194865107383098,0.018850616505583145,0.01884242164047576,0.0260837374483409,0.0372170127061661,72,fitted,
2025-11-30,2025-10-31,ML Logistic + VRP,Logistic,equity_ret + bond_ret + log_rv_ann + log_iv_ann + vrp_proxy + log_iv_rv,6,0.2715076950341064,0,0,0.3611111111111111,-0.013784384957562018,0.20491824771371225,0.637095382979536,0.36290461702046395,0.021881999687961784,0.030749574613310345,0.030727692613622383,0.0462801361176319,0.0434625634835228,72,fitted,
2025-12-31,2025-11-30,ML Logistic + VRP,Logistic,equity_ret + bond_ret + log_rv_ann + log_iv_ann + vrp_proxy + log_iv_rv,6,0.31687220724203013,0,0,0.3611111111111111,-0.013784384957562018,0.20491824771371225,0.6098766756547819,0.3901233243452181,0.05443741464950835,-0.010869048878804077,-0.010923486293453586,-0.0115079539513099,0.0462365539373476,72,fitted,
2026-01-31,2025-12-31,ML Logistic + VRP,Logistic,equity_ret + bond_ret + log_rv_ann + log_iv_ann + vrp_proxy + log_iv_rv,6,0.37663708543518115,0,0,0.3611111111111111,-0.013784384957562018,0.20491824771371225,0.5740177487388913,0.42598225126110867,0.07171785383178109,0.02306804137154383,0.02299632351771205,0.0354606097261407,0.047185894866654,72,fitted,
2026-02-28,2026-01-31,ML Logistic + VRP,Logistic,equity_ret + bond_ret + log_rv_ann + log_iv_ann + vrp_proxy + log_iv_rv,6,0.31141019271526393,0,0,0.3611111111111111,-0.013784384957562018,0.20491824771371225,0.6131538843708417,0.38684611562915827,0.0782722712639008,0.00929224985922123,0.009213977587957329,0.0126325983056794,0.0481916911852781,72,fitted,
2026-03-31,2026-02-28,ML Logistic + VRP,Logistic,equity_ret + bond_ret + log_rv_ann + log_iv_ann + vrp_proxy + log_iv_rv,6,0.30622978555938113,0,1,0.3611111111111111,-0.013784384957562018,0.20491824771371225,0.6162621286643712,0.38373787133562876,0.0062164885870590325,-0.029713137179198136,-0.029719353667785196,-0.0464290485019482,0.0534549078400147,72,fitted,
2026-04-30,2026-03-31,ML Logistic + VRP,Logistic,equity_ret + bond_ret + log_rv_ann + log_iv_ann + vrp_proxy + log_iv_rv,6,0.3484623280058517,0,0,0.375,-0.013784384957562018,0.2028782537877414,0.590922603196489,0.40907739680351096,0.050679050935764414,-0.006171798302823607,-0.006222477353759372,-0.004727362283284,0.0535888878229993,72,fitted,
2026-05-31,2026-04-30,ML Logistic + VRP,Logistic,equity_ret + bond_ret + log_rv_ann + log_iv_ann + vrp_proxy + log_iv_rv,6,0.3839813856679137,0,0,0.375,-0.013784384957562018,0.19737373327537852,0.5696111685992518,0.43038883140074824,0.042622869194474555,0.036224626429999386,0.036182003560804914,0.0587174157732706,0.0715497098939358,72,fitted,
2026-06-30,2026-05-31,ML Logistic + VRP,Logistic,equity_ret + bond_ret + log_rv_ann + log_iv_ann + vrp_proxy + log_iv_rv,6,0.40782179664870893,0,0,0.375,-0.013784384957562018,0.1868117193295664,0.5553069220107746,0.4446930779892254,0.028608493176954353,0.002888449306542248,0.0028598408133652937,0.0057971110770131,0.0596109071575914,72,fitted,
2026-07-31,2026-06-30,ML Logistic + VRP,Logistic,equity_ret + bond_ret + log_rv_ann + log_iv_ann + vrp_proxy + log_iv_rv,6,0.3703362292599992,0,0,0.3611111111111111,-0.013784384957562018,0.1776268083597394,0.5777982624440006,0.42220173755599943,0.04498268086645196,0.025055667502782663,0.02501068482191621,0.0363621967699221,0.0746015252107158,72,fitted,
2015-09-30,2015-08-31,ML Random Forest Base,Random Forest,equity_ret + bond_ret + log_rv_ann + log_iv_ann,4,0.5250022126732405,1,1,0.3333333333333333,-0.039138686812436554,0.17734830506009946,0.4849986723960557,0.5150013276039442,1.0,-0.04366894966734536,-0.04466894966734536,-0.085084699613786,0.238243255816149,72,fitted,
2015-10-31,2015-09-30,ML Random Forest Base,Random Forest,equity_ret + bond_ret + log_rv_ann + log_iv_ann,4,0.6993329176002057,1,1,0.3194444444444444,-0.04125685610582278,0.17734830506009946,0.3804002494398766,0.6195997505601234,0.20919684591235826,0.010095115880065385,0.009885919034153028,0.0186296284780547,0.2124503847496051,72,fitted,
2015-11-30,2015-10-31,ML Random Forest Base,Random Forest,equity_ret + bond_ret + log_rv_ann + log_iv_ann,4,0.5513628584457014,1,1,0.3194444444444444,-0.04125685610582278,0.17734830506009946,0.4691822849325792,0.5308177150674208,0.17756407098540516,0.022094039197738943,0.021916475126753536,0.0432262411488284,0.199286770764137,72,fitted,
2015-12-31,2015-11-30,ML Random Forest Base,Random Forest,equity_ret + bond_ret + log_rv_ann + log_iv_ann,4,0.69291741528694,1,1,0.3194444444444444,-0.04125685610582278,0.1818683923297215,0.3842495508278361,0.6157504491721639,0.16986546820948623,-0.01852321665761299,-0.018693082125822477,-0.0544587752438217,0.1165629505598818,72,fitted,
2016-03-31,2015-12-31,ML Random Forest Base,Random Forest,equity_ret + bond_ret + log_rv_ann + log_iv_ann,4,0.41214787426917376,0,1,0.3194444444444444,-0.04159916904096428,0.1818683923297215,0.5527112754384957,0.44728872456150426,0.33692344922131934,0.015340415106102893,0.015003491656881574,0.0238121153163179,0.1993434710798268,72,fitted,
2016-04-30,2016-03-31,ML Random Forest Base,Random Forest,equity_ret + bond_ret + log_rv_ann + log_iv_ann,4,0.780543785653179,1,0,0.3333333333333333,-0.04159916904096428,0.1958653728346217,0.33167372860809263,0.6683262713919074,0.4420750936608062,-0.0003077400541159261,-0.0007498151477767323,-0.0227851342852654,0.193588840985697,72,fitted,
2016-05-31,2016-04-30,ML Random Forest Base,Random Forest,equity_ret + bond_ret + log_rv_ann + log_iv_ann,4,0.6866547968397775,1,0,0.3333333333333333,-0.04125685610582278,0.19814718480844903,0.3880071218961335,0.6119928781038665,0.11266678657608176,0.0060928220278198605,0.0059801552412437784,0.0268582957161227,0.1810239335235844,72,fitted,
2016-06-30,2016-05-31,ML Random Forest Base,Random Forest,equity_ret + bond_ret + log_rv_ann + log_iv_ann,4,0.6614559616940524,1,0,0.3333333333333333,-0.04125685610582278,0.19814718480844903,0.40312642298356854,0.5968735770164315,0.03023860217487001,0.005267183961418066,0.005236945359243196,0.0020345319779446,0.1810275182397165,72,fitted,
2016-07-31,2016-06-30,ML Random Forest Base,Random Forest,equity_ret + bond_ret + log_rv_ann + log_iv_ann,4,0.602255570950027,1,1,0.3333333333333333,-0.04125685610582278,0.19814718480844903,0.4386466574299838,0.5613533425700161,0.07104046889283067,-0.011391130452993257,-0.011462170921886087,-0.0512411139825313,0.2142269845827345,72,fitted,
2016-08-31,2016-07-31,ML Random Forest Base,Random Forest,equity_ret + bond_ret + log_rv_ann + log_iv_ann,4,0.7712266576191954,1,1,0.3333333333333333,-0.04125685610582278,0.19814718480844903,0.3372640054284828,0.6627359945715172,0.20276530400300213,0.004534731821672161,0.004331966517669159,0.0082967130024573,0.2143105279851575,72,fitted,
2016-09-30,2016-08-31,ML Random Forest Base,Random Forest,equity_ret + bond_ret + log_rv_ann + log_iv_ann,4,0.7270756863206986,1,1,0.3472222222222222,-0.039138686812436554,0.19814718480844903,0.36375458820758083,0.6362454117924192,0.05298116555819604,0.022024799958713263,0.021971818793155067,0.0594293771977636,0.2542940759341728,72,fitted,
2016-12-31,2016-09-30,ML Random Forest Base,Random Forest,equity_ret + bond_ret + log_rv_ann + log_iv_ann,4,0.7709395432326767,1,1,0.3472222222222222,-0.039138686812436554,0.19814718480844903,0.337436274060394,0.662563725939606,0.0526366282943736,-0.005422577207635095,-0.005475213835929469,0.0117308616132547,0.2264358220577079,72,fitted,
2017-01-31,2016-12-31,ML Random Forest Base,Random Forest,equity_ret + bond_ret + log_rv_ann + log_iv_ann,4,0.7180421920165965,1,1,0.3472222222222222,-0.039138686812436554,0.19933213101668884,0.3691746847900421,0.6308253152099579,0.06347682145929623,0.033769712929023185,0.03370623610756389,0.090069111087863,0.3190838438320685,72,fitted,
2017-02-28,2017-01-31,ML Random Forest Base,Random Forest,equity_ret + bond_ret + log_rv_ann + log_iv_ann,4,0.5812275417871566,1,1,0.3472222222222222,-0.039138686812436554,0.20159483331923272,0.451263474927706,0.548736525072294,0.1641775802753278,-0.007339441587477912,-0.00750361916775324,-0.0048285128799836,0.2117248957589671,72,fitted,
2017-03-31,2017-02-28,ML Random Forest Base,Random Forest,equity_ret + bond_ret + log_rv_ann + log_iv_ann,4,0.5650525710625041,1,0,0.3472222222222222,-0.039138686812436554,0.20396247089832828,0.4609684573624976,0.5390315426375024,0.01940996486958313,0.016906112820491214,0.016886702855621633,0.0444657588234065,0.1397744607729905,72,fitted,
2017-04-30,2017-03-31,ML Random Forest Base,Random Forest,equity_ret + bond_ret + log_rv_ann + log_iv_ann,4,0.39163205426883524,0,0,0.3472222222222222,-0.039138686812436554,0.20396247089832828,0.5650207674386989,0.4349792325613011,0.2081046201524026,0.015277060472956797,0.015068955852804395,0.0152915284610737,0.026838141827396,72,fitted,
2017-05-31,2017-04-30,ML Random Forest Base,Random Forest,equity_ret + bond_ret + log_rv_ann + log_iv_ann,4,0.32059661894819735,0,0,0.3472222222222222,-0.039138686812436554,0.20396247089832828,0.6076420286310816,0.39235797136891837,0.08524252238476548,0.029154992600888874,0.029069750078504108,0.0487269776618131,0.0505076598014562,72,fitted,
2017-06-30,2017-05-31,ML Random Forest Base,Random Forest,equity_ret + bond_ret + log_rv_ann + log_iv_ann,4,0.29222266307002975,0,0,0.3472222222222222,-0.039138686812436554,0.20396247089832828,0.6246664021579822,0.3753335978420178,0.03404874705380112,-0.012500303002203027,-0.012534351749256828,-0.0257235885595024,0.0415530659489305,72,fitted,
2017-07-31,2017-06-30,ML Random Forest Base,Random Forest,equity_ret + bond_ret + log_rv_ann + log_iv_ann,4,0.2102103503373589,0,0,0.3472222222222222,-0.039138686812436554,0.20396247089832828,0.6738737897975846,0.3261262102024154,0.09841477527920484,-0.009360331626797728,-0.009458746402076933,-0.0081039436501151,0.0413694048537509,72,fitted,
2017-08-31,2017-07-31,ML Random Forest Base,Random Forest,equity_ret + bond_ret + log_rv_ann + log_iv_ann,4,0.14506531193763478,0,0,0.3472222222222222,-0.0350163094830188,0.20396247089832828,0.7129608128374192,0.2870391871625808,0.07817404607966916,-0.0185134580278025,-0.018591632073882168,-0.0309766055658198,0.0277954860835847,72,fitted,
2017-09-30,2017-08-31,ML Random Forest Base,Random Forest,equity_ret + bond_ret + log_rv_ann + log_iv_ann,4,0.30821167005994815,0,0,0.3472222222222222,-0.0350163094830188,0.20396247089832828,0.615072997964031,0.38492700203596897,0.19577562974677631,0.01661372315751949,0.016417947527772713,0.0260836708088783,0.0267739017087609,72,fitted,
2017-10-31,2017-09-30,ML Random Forest Base,Random Forest,equity_ret + bond_ret + log_rv_ann + log_iv_ann,4,0.14930671045562388,0,0,0.3472222222222222,-0.0350163094830188,0.20396247089832828,0.7104159737266258,0.2895840262733742,0.19068595152518952,0.021234242516830384,0.021043556565305196,0.0321012457270728,0.0309393883374153,72,fitted,
2017-11-30,2017-10-31,ML Random Forest Base,Random Forest,equity_ret + bond_ret + log_rv_ann + log_iv_ann,4,0.13435123602596608,0,0,0.3472222222222222,-0.033895692261528436,0.20396247089832828,0.7193892583844205,0.28061074161557953,0.017946569315589356,-0.0007468431453677557,-0.000764789714683345,-0.0037783226150691,0.0385398529805913,72,fitted,
2017-12-31,2017-11-30,ML Random Forest Base,Random Forest,equity_ret + bond_ret + log_rv_ann + log_iv_ann,4,0.12908264109637407,0,0,0.3472222222222222,-0.033895692261528436,0.20396247089832828,0.7225504153421756,0.27744958465782443,0.0063223139155101915,0.0030099423704800293,0.003003620056564519,0.001833758479341,0.032792270443252,72,fitted,
2018-01-31,2017-12-31,ML Random Forest Base,Random Forest,equity_ret + bond_ret + log_rv_ann + log_iv_ann,4,0.1877257668102238,0,0,0.3611111111111111,-0.03056184931653722,0.20159483331923272,0.6873645399138658,0.3126354600861342,0.07037175085661951,-0.004609837782227966,-0.0046802095330845854,-0.0014193362543274,0.0483842570704571,72,fitted,
2018-02-28,2018-01-31,ML Random Forest Base,Random Forest,equity_ret + bond_ret + log_rv_ann + log_iv_ann,4,0.302450337546242,0,1,0.375,-0.028266977167426,0.19933213101668884,0.6185297974722548,0.3814702025277452,0.13766948488322206,-0.038507432219466634,-0.03864510170434986,-0.0606190245987007,0.048475670166582,72,fitted,
2018-03-31,2018-02-28,ML Random Forest Base,Random Forest,equity_ret + bond_ret + log_rv_ann + log_iv_ann,4,0.22100812954548668,0,0,0.375,-0.03056184931653722,0.19814718480844903,0.6673951222727081,0.33260487772729186,0.09773064960090672,0.012054462949428866,0.011956732299827959,0.0154501912433664,0.042328151215129,72,fitted,
2018-04-30,2018-03-31,ML Random Forest Base,Random Forest,equity_ret + bond_ret + log_rv_ann + log_iv_ann,4,0.24823024195222015,0,0,0.375,-0.03056184931653722,0.1913070290118697,0.651061854828668,0.34893814517133204,0.032666534888080356,0.005003209600308127,0.004970543065420046,0.0042251275169695,0.0528805350904335,72,fitted,
2018-05-31,2018-04-30,ML Random Forest Base,Random Forest,equity_ret + bond_ret + log_rv_ann + log_iv_ann,4,0.38009471388704996,0,0,0.3611111111111111,-0.03056184931653722,0.1819493285411914,0.5719431716677701,0.4280568283322299,0.15823736632179575,0.01937639355290954,0.019218156186587745,0.0352935855603029,0.044122164842242,72,fitted,
2018-06-30,2018-05-31,ML Random Forest Base,Random Forest,equity_ret + bond_ret + log_rv_ann + log_iv_ann,4,0.41150972438226796,0,0,0.3611111111111111,-0.03056184931653722,0.1819493285411914,0.5530941653706393,0.44690583462936073,0.03769801259426164,-0.019216401372755466,-0.019254099385349728,-0.0252249155560972,0.0426956959936459,72,fitted,
2018-07-31,2018-06-30,ML Random Forest Base,Random Forest,equity_ret + bond_ret + log_rv_ann + log_iv_ann,4,0.5578553332514699,1,0,0.3611111111111111,-0.03056184931653722,0.1819493285411914,0.4652868000491181,0.5347131999508818,0.17561473064304228,0.0019226889221226678,0.0017470741914796255,-0.0086575728984089,0.0395476525110247,72,fitted,
2018-08-31,2018-07-31,ML Random Forest Base,Random Forest,equity_ret + bond_ret + log_rv_ann + log_iv_ann,4,0.4023882527405157,0,0,0.3611111111111111,-0.03056184931653722,0.1819493285411914,0.5585670483556906,0.4414329516443094,0.18656049661314494,-0.0038459501320645905,-0.004032510628677735,-0.0055753930477079,0.0314738547115443,72,fitted,
2018-09-30,2018-08-31,ML Random Forest Base,Random Forest,equity_ret + bond_ret + log_rv_ann + log_iv_ann,4,0.35657149673519795,0,1,0.3611111111111111,-0.028266977167426,0.1819493285411914,0.5860571019588813,0.4139428980411187,0.05498010720638136,-0.02111731019614412,-0.0211722903033505,-0.0334532251326292,0.0274818107195285,72,fitted,
2018-10-31,2018-09-30,ML Random Forest Base,Random Forest,equity_ret + bond_ret + log_rv_ann + log_iv_ann,4,0.20302241247525618,0,1,0.3611111111111111,-0.028266977167426,0.1819493285411914,0.6781865525148463,0.3218134474851537,0.18425890111193,-0.027228691313773735,-0.027412950214885667,-0.0354052055802183,0.0373719218139833,72,fitted,
2018-11-30,2018-10-31,ML Random Forest Base,Random Forest,equity_ret + bond_ret + log_rv_ann + log_iv_ann,4,0.5681741333456981,1,0,0.375,-0.028266977167426,0.18102680129649007,0.45909551999258114,0.5409044800074189,0.4381820650445303,0.0026382275376594837,0.0022000454726149535,-0.0001032534939002,0.0384106237566746,72,fitted,
2018-12-31,2018-11-30,ML Random Forest Base,Random Forest,equity_ret + bond_ret + log_rv_ann + log_iv_ann,4,0.45509797075041397,0,0,0.375,-0.028266977167426,0.18094371425534092,0.5269412175497517,0.47305878245024835,0.13569139511434103,-0.011314144414200656,-0.011449835809314997,-0.0269592825839305,0.0630481651869297,72,fitted,
2019-01-31,2018-12-31,ML Random Forest Base,Random Forest,equity_ret + bond_ret + log_rv_ann + log_iv_ann,4,0.25814165086275875,0,0,0.375,-0.02851411597231162,0.17734830506009946,0.6451150094823448,0.3548849905176552,0.23634758386518628,-0.006780275334694754,-0.007016622918559941,-0.0122040856244322,0.0899505509701786,72,fitted,
2019-02-28,2019-01-31,ML Random Forest Base,Random Forest,equity_ret + bond_ret + log_rv_ann + log_iv_ann,4,0.1584295523234129,0,0,0.375,-0.02851411597231162,0.17734830506009946,0.7049422686059523,0.2950577313940477,0.11965451824721507,0.030274740132199118,0.0301550856139519,0.0393186927211415,0.1027997660392212,72,fitted,
2019-03-31,2019-02-28,ML Random Forest Base,Random Forest,equity_ret + bond_ret + log_rv_ann + log_iv_ann,4,0.2565420695544553,0,0,0.375,-0.026712143779044878,0.17734830506009946,0.6460747582673267,0.35392524173267326,0.11773502067725117,0.025788310061404217,0.025670575040726964,0.0354775369965916,0.0913299563139267,72,fitted,
2019-04-30,2019-03-31,ML Random Forest Base,Random Forest,equity_ret + bond_ret + log_rv_ann + log_iv_ann,4,0.20466041945465488,0,0,0.375,-0.026712143779044878,0.17734830506009946,0.6772037483272071,0.3227962516727929,0.06225798011976069,0.03179368984699792,0.031731431866878164,0.0435479135820724,0.0514406814597425,72,fitted,
2019-05-31,2019-04-30,ML Random Forest Base,Random Forest,equity_ret + bond_ret + log_rv_ann + log_iv_ann,4,0.17040224334132617,0,1,0.375,-0.026712143779044878,0.17734830506009946,0.6977586539952043,0.3022413460047957,0.04110981133599445,-0.018670464637750805,-0.0187115744490868,-0.0281684755300689,0.0428730592917657,72,fitted,
2019-06-30,2019-05-31,ML Random Forest Base,Random Forest,equity_ret + bond_ret + log_rv_ann + log_iv_ann,4,0.2262102102230999,0,0,0.375,-0.02792663694084122,0.17734830506009946,0.6642738738661402,0.33572612613385977,0.06696956025812817,0.012134382573653058,0.01206741301339493,0.0107200928441295,0.0312228560914626,72,fitted,
2019-07-31,2019-06-30,ML Random Forest Base,Random Forest,equity_ret + bond_ret + log_rv_ann + log_iv_ann,4,0.3152605870825632,0,0,0.375,-0.02792663694084122,0.17734830506009946,0.6108436477504621,0.38915635224953793,0.10686045223135632,0.024323967150424078,0.02421710669819272,0.0325102244609072,0.0356824711357968,72,fitted,
2019-08-31,2019-07-31,ML Random Forest Base,Random Forest,equity_ret + bond_ret + log_rv_ann + log_iv_ann,4,0.30576328300949124,0,1,0.375,-0.02792663694084122,0.17734830506009946,0.6165420301943053,0.3834579698056947,0.011396764887686484,-0.013511718681360082,-0.013523115446247768,-0.0347038800061944,0.0576066691497176,72,fitted,
2019-09-30,2019-08-31,ML Random Forest Base,Random Forest,equity_ret + bond_ret + log_rv_ann + log_iv_ann,4,0.2874093292252078,0,0,0.375,-0.02792663694084122,0.17734830506009946,0.6275544024648754,0.37244559753512463,0.022024744541140118,0.03146638102345318,0.03144435627891204,0.0484331335390779,0.0557517645539162,72,fitted,
2019-10-31,2019-09-30,ML Random Forest Base,Random Forest,equity_ret + bond_ret + log_rv_ann + log_iv_ann,4,0.2769777118315022,0,0,0.375,-0.02792663694084122,0.17734830506009946,0.6338133729010986,0.3661866270989014,0.012517940872446509,-0.00906421580033504,-0.009076733741207486,-0.0126877426972058,0.0540597880257949,72,fitted,
2019-11-30,2019-10-31,ML Random Forest Base,Random Forest,equity_ret + bond_ret + log_rv_ann + log_iv_ann,4,0.2838023955823335,0,0,0.375,-0.026712143779044878,0.17734830506009946,0.6297185626505999,0.3702814373494001,0.008189620500997474,0.03412036983654913,0.03411218021604814,0.0624620753169182,0.0583813006187289,72,fitted,
2019-12-31,2019-11-30,ML Random Forest Base,Random Forest,equity_ret + bond_ret + log_rv_ann + log_iv_ann,4,0.2592530617425248,0,0,0.375,-0.026712143779044878,0.17734830506009946,0.6444481629544851,0.35555183704551485,0.02945920060777052,-0.0005106228735516808,-0.0005400820741594514,-0.0015758454804618,0.0381458968124907,72,fitted,
2020-01-31,2019-12-31,ML Random Forest Base,Random Forest,equity_ret + bond_ret + log_rv_ann + log_iv_ann,4,0.3395704683280127,0,0,0.375,-0.026712143779044878,0.17734830506009946,0.5962577190031924,0.40374228099680765,0.09638088790258559,0.01287092603353594,0.012774545145633354,0.0224398450452896,0.0391153580316663,72,fitted,
2020-02-29,2020-01-31,ML Random Forest Base,Random Forest,equity_ret + bond_ret + log_rv_ann + log_iv_ann,4,0.6453398922623514,1,0,0.375,-0.026712143779044878,0.17734830506009946,0.4127960646425891,0.5872039353574109,0.3669233087212065,0.01597060265625898,0.015603679347537775,0.0171287951441945,0.0391471244686928,72,fitted,
2020-03-31,2020-02-29,ML Random Forest Base,Random Forest,equity_ret + bond_ret + log_rv_ann + log_iv_ann,4,0.5180145978227771,1,1,0.375,-0.026712143779044878,0.17734830506009946,0.48919124130633374,0.5108087586936663,0.15279035332748925,-0.1674735639338348,-0.1676263542871623,-0.3396611105639215,0.6261785661694548,72,fitted,
2020-04-30,2020-03-31,ML Random Forest Base,Random Forest,equity_ret + bond_ret + log_rv_ann + log_iv_ann,4,0.6842436320543169,1,1,0.3611111111111111,-0.02792663694084122,0.18094371425534092,0.38945382076740986,0.6105461792325901,0.19947484107784774,0.03828983451504602,0.03809035967396818,0.1365534986075169,0.6960988327427069,72,fitted,
2020-05-31,2020-04-30,ML Random Forest Base,Random Forest,equity_ret + bond_ret + log_rv_ann + log_iv_ann,4,0.8504416801691952,1,1,0.3611111111111111,-0.026712143779044878,0.18102680129649007,0.2897349918984829,0.7102650081015172,0.199437657737854,0.0007449675225850662,0.0005455298648472122,-0.0031250242639212,0.685069415593999,72,fitted,
2020-06-30,2020-05-31,ML Random Forest Base,Random Forest,equity_ret + bond_ret + log_rv_ann + log_iv_ann,4,0.8402785411028693,1,1,0.3611111111111111,-0.026712143779044878,0.19107657643650097,0.29583287533827846,0.7041671246617216,0.012195766879591119,0.03407461777512163,0.034062422008242034,0.0904447571250541,0.5924640544289772,72,fitted,
2020-07-31,2020-06-30,ML Random Forest Base,Random Forest,equity_ret + bond_ret + log_rv_ann + log_iv_ann,4,0.7543440417626917,1,1,0.3611111111111111,-0.026712143779044878,0.19814718480844903,0.34739357494238504,0.6526064250576149,0.10312139920821328,0.024653567128040958,0.024550445728832745,0.0482259574590655,0.22881979648679,72,fitted,
2020-08-31,2020-07-31,ML Random Forest Base,Random Forest,equity_ret + bond_ret + log_rv_ann + log_iv_ann,4,0.7629008152025674,1,1,0.3611111111111111,-0.026712143779044878,0.19933213101668884,0.3422595108784596,0.6577404891215404,0.010268128127850884,0.010647158233026963,0.010636890104899112,0.0203141663883605,0.2052201498167803,72,fitted,
2020-09-30,2020-08-31,ML Random Forest Base,Random Forest,equity_ret + bond_ret + log_rv_ann + log_iv_ann,4,0.5546501399843069,1,0,0.3611111111111111,-0.026712143779044878,0.20339963033847683,0.46720991600941586,0.5327900839905841,0.24990081026191246,-0.005874375805427837,-0.006124276615689749,-0.0140848464874631,0.0820138272830166,72,fitted,
2020-10-31,2020-09-30,ML Random Forest Base,Random Forest,equity_ret + bond_ret + log_rv_ann + log_iv_ann,4,0.3725100311325483,0,0,0.3611111111111111,-0.026712143779044878,0.20339963033847683,0.576493981320471,0.423506018679529,0.21856813062211033,0.0005847046821570237,0.00036613655153491337,-0.005335028573305,0.0512358756615979,72,fitted,
2020-11-30,2020-10-31,ML Random Forest Base,Random Forest,equity_ret + bond_ret + log_rv_ann + log_iv_ann,4,0.42648873116356184,0,1,0.3611111111111111,-0.026712143779044878,0.20339963033847683,0.5441067613018629,0.45589323869813714,0.06477444003721633,0.022022997905664476,0.02195822346562726,0.0394405992997313,0.20371063930144,72,fitted,
2020-12-31,2020-11-30,ML Random Forest Base,Random Forest,equity_ret + bond_ret + log_rv_ann + log_iv_ann,4,0.582248872885867,1,0,0.3611111111111111,-0.02562385395882136,0.20427306398279946,0.4506506762684798,0.5493493237315201,0.18691217006676603,0.012702041837626693,0.012515129667559927,0.0168135282479793,0.1995487117329469,72,fitted,
2021-01-31,2020-12-31,ML Random Forest Base,Random Forest,equity_ret + bond_ret + log_rv_ann + log_iv_ann,4,0.41914548603980556,0,0,0.3611111111111111,-0.024736959301930837,0.20427306398279946,0.5485127083761167,0.45148729162388335,0.1957240642152736,0.01594062012718616,0.015744896062970887,0.0362293713244592,0.1886738194451048,72,fitted,
2021-02-28,2021-01-31,ML Random Forest Base,Random Forest,equity_ret + bond_ret + log_rv_ann + log_iv_ann,4,0.6026681149790221,1,0,0.3611111111111111,-0.024736959301930837,0.20427306398279946,0.43839913101258676,0.5616008689874132,0.22022715472705978,0.008352369257436064,0.008132142102709005,0.0231110805307961,0.0898000407082918,72,fitted,
2021-03-31,2021-02-28,ML Random Forest Base,Random Forest,equity_ret + bond_ret + log_rv_ann + log_iv_ann,4,0.4952711267968099,0,0,0.3611111111111111,-0.022228758665688117,0.20427306398279946,0.502837323921914,0.49716267607808595,0.12887638581865457,0.013541503880308108,0.013412627494489453,0.0372739536899082,0.0267005559612106,72,fitted,
2021-04-30,2021-03-31,ML Random Forest Base,Random Forest,equity_ret + bond_ret + log_rv_ann + log_iv_ann,4,0.619092106801029,1,0,0.3611111111111111,-0.022228758665688117,0.20427306398279946,0.42854473591938264,0.5714552640806174,0.14858517600506288,0.01686676045026452,0.016718175274259457,0.0376875552138742,0.0374479910922146,72,fitted,
2021-05-31,2021-04-30,ML Random Forest Base,Random Forest,equity_ret + bond_ret + log_rv_ann + log_iv_ann,4,0.4908050913260363,0,0,0.3611111111111111,-0.022228758665688117,0.20427306398279946,0.5055169452043783,0.4944830547956217,0.15394441856999136,-0.010148352142554606,-0.010302296561124597,-0.007986771407346,0.033252845739336,72,fitted,
2021-06-30,2021-05-31,ML Random Forest Base,Random Forest,equity_ret + bond_ret + log_rv_ann + log_iv_ann,4,0.45034057069350936,0,0,0.3611111111111111,-0.022228758665688117,0.20427306398279946,0.5297956575838945,0.47020434241610554,0.04855742475903235,0.023305398427281947,0.023256841002522916,0.03801507412395,0.0416415059371039,72,fitted,
2021-07-31,2021-06-30,ML Random Forest Base,Random Forest,equity_ret + bond_ret + log_rv_ann + log_iv_ann,4,0.46451557771399943,0,0,0.3611111111111111,-0.022228758665688117,0.20427306398279946,0.5212906533716004,0.4787093466283996,0.017010008424588108,0.0020301541004549683,0.00201314409203038,-0.0006567127811994,0.0400979050478682,72,fitted,
2021-08-31,2021-07-31,ML Random Forest Base,Random Forest,equity_ret + bond_ret + log_rv_ann + log_iv_ann,4,0.4890417413816344,0,0,0.3611111111111111,-0.022228758665688117,0.20427306398279946,0.5065749551710195,0.49342504482898053,0.02943139640116188,0.022256201297446123,0.02222676990104496,0.0324793200530295,0.0199671051065084,72,fitted,
2021-09-30,2021-08-31,ML Random Forest Base,Random Forest,equity_ret + bond_ret + log_rv_ann + log_iv_ann,4,0.4292265245786182,0,0,0.3611111111111111,-0.022228758665688117,0.20427306398279946,0.5424640852528291,0.4575359147471709,0.07177826016361921,-0.010113288429519977,-0.010185066689683596,-0.0116460886712347,0.0056608717122773,72,fitted,
2021-10-31,2021-09-30,ML Random Forest Base,Random Forest,equity_ret + bond_ret + log_rv_ann + log_iv_ann,4,0.4288469103563963,0,1,0.375,-0.018819574247395814,0.2028782537877414,0.5426918537861622,0.45730814621383775,0.00045553706666634497,-0.02339659628056854,-0.023397051817635205,-0.0292115312702775,0.01468795822287,72,fitted,
2021-11-30,2021-10-31,ML Random Forest Base,Random Forest,equity_ret + bond_ret + log_rv_ann + log_iv_ann,4,0.44342994751233,0,0,0.375,-0.02104507672570493,0.2028782537877414,0.533942031492602,0.466057968507398,0.0174996445871205,0.044256426029431944,0.04423892638484482,0.0746986886959502,0.0507828908660839,72,fitted,
2021-12-31,2021-11-30,ML Random Forest Base,Random Forest,equity_ret + bond_ret + log_rv_ann + log_iv_ann,4,0.4840557656725298,0,1,0.375,-0.02104507672570493,0.2028782537877414,0.5095665405964822,0.4904334594035178,0.04875098179223958,-0.015946298856038262,-0.0159950498378305,-0.0364478760325837,0.1025522841544392,72,fitted,
2022-01-31,2021-12-31,ML Random Forest Base,Random Forest,equity_ret + bond_ret + log_rv_ann + log_iv_ann,4,0.3085650195742987,0,0,0.375,-0.024736959301930837,0.2028782537877414,0.6148609882554208,0.3851390117445792,0.21058889531787717,0.009804098373898076,0.0095935094785802,0.0279174825695243,0.1061573024259542,72,fitted,
2022-02-28,2022-01-31,ML Random Forest Base,Random Forest,equity_ret + bond_ret + log_rv_ann + log_iv_ann,4,0.4250832868742225,0,1,0.3888888888888889,-0.02104507672570493,0.19950766360232286,0.5449500278754665,0.45504997212453346,0.1398219207599085,-0.03540859652276755,-0.03554841844352746,-0.0373367909631336,0.0865246762476978,72,fitted,
2022-03-31,2022-02-28,ML Random Forest Base,Random Forest,equity_ret + bond_ret + log_rv_ann + log_iv_ann,4,0.3414615149959036,0,1,0.3888888888888889,-0.024736959301930837,0.19933213101668884,0.5951230910024579,0.40487690899754214,0.10034612625398265,-0.06839977366486456,-0.06850011979111854,-0.1127374305089676,0.2561278421728654,72,fitted,
2022-04-30,2022-03-31,ML Random Forest Base,Random Forest,equity_ret + bond_ret + log_rv_ann + log_iv_ann,4,0.6972698088971855,1,1,0.375,-0.02562385395882136,0.19950766360232286,0.38163811466168873,0.6183618853383113,0.42696995268153826,-0.004515172695485455,-0.004942142648166993,0.0414562536077787,0.2747307422393871,72,fitted,
2022-05-31,2022-04-30,ML Random Forest Base,Random Forest,equity_ret + bond_ret + log_rv_ann + log_iv_ann,4,0.750127879447182,1,1,0.375,-0.024736959301930837,0.2028782537877414,0.34992327233169085,0.6500767276683092,0.06342968465999577,-0.028038511899199536,-0.028101941583859532,-0.058909521943165,0.3085079239302221,72,fitted,
2022-06-30,2022-05-31,ML Random Forest Base,Random Forest,equity_ret + bond_ret + log_rv_ann + log_iv_ann,4,0.8057619050913903,1,1,0.3611111111111111,-0.02562385395882136,0.20491824771371225,0.3165428569451658,0.6834571430548342,0.06676083077305006,-0.03366204645592985,-0.0337288072867029,-0.0039380811965237,0.3388890657620975,72,fitted,
2022-07-31,2022-06-30,ML Random Forest Base,Random Forest,equity_ret + bond_ret + log_rv_ann + log_iv_ann,4,0.8234079089835394,1,1,0.3611111111111111,-0.02562385395882136,0.21042394657052976,0.3059552546098764,0.6940447453901236,0.021175204670578873,0.007997971480975079,0.0079767962763045,-0.0311596754459931,0.1706807663290468,72,fitted,
2022-08-31,2022-07-31,ML Random Forest Base,Random Forest,equity_ret + bond_ret + log_rv_ann + log_iv_ann,4,0.41327433446127754,0,0,0.3611111111111111,-0.026712143779044878,0.21042394657052976,0.5520353993232335,0.44796460067676647,0.4921602894267143,0.051461533350804944,0.05096937306137823,0.0830960283644346,0.1418416885740734,72,fitted,
2022-09-30,2022-08-31,ML Random Forest Base,Random Forest,equity_ret + bond_ret + log_rv_ann + log_iv_ann,4,0.379001932788668,0,1,0.3611111111111111,-0.026712143779044878,0.21042394657052976,0.5725988403267992,0.4274011596732008,0.04112688200713133,-0.03851255863638885,-0.038553685518395976,-0.0345000269557216,0.1500344624823598,72,fitted,
2022-10-31,2022-09-30,ML Random Forest Base,Random Forest,equity_ret + bond_ret + log_rv_ann + log_iv_ann,4,0.5357439477238779,1,1,0.375,-0.026712143779044878,0.20491824771371225,0.4785536313656733,0.5214463686343267,0.18809041792225178,-0.063490302717485,-0.06367839313540725,-0.0839597070320542,0.2166304099760133,72,fitted,
2022-11-30,2022-10-31,ML Random Forest Base,Random Forest,equity_ret + bond_ret + log_rv_ann + log_iv_ann,4,0.8526782853688359,1,1,0.3611111111111111,-0.02792663694084122,0.20491824771371225,0.28839302877869843,0.7116069712213016,0.38032120517394974,0.058369513530638045,0.057989192325464095,0.1581121400161993,0.2870610773444056,72,fitted,
2022-12-31,2022-11-30,ML Random Forest Base,Random Forest,equity_ret + bond_ret + log_rv_ann + log_iv_ann,4,0.7792899155470778,1,1,0.3611111111111111,-0.02792663694084122,0.20491824771371225,0.33242605067175335,0.6675739493282467,0.08806604378610983,0.020780715757720947,0.020692649713934835,0.0137831377431498,0.246452643289683,72,fitted,
2023-01-31,2022-12-31,ML Random Forest Base,Random Forest,equity_ret + bond_ret + log_rv_ann + log_iv_ann,4,0.7313158612596125,1,0,0.3611111111111111,-0.02792663694084122,0.20491824771371225,0.36121048324423255,0.6387895167557675,0.0575688651449584,0.009962411248339858,0.0099048423831949,0.0522359781558194,0.153399759564035,72,fitted,
2023-02-28,2023-01-31,ML Random Forest Base,Random Forest,equity_ret + bond_ret + log_rv_ann + log_iv_ann,4,0.5215290158759825,1,0,0.3611111111111111,-0.02792663694084122,0.2028782537877414,0.4870825904744105,0.5129174095255895,0.2517442144603559,0.004444605880683401,0.0041928616662230455,0.0172680611507551,0.0491939514786028,72,fitted,
2023-03-31,2023-02-28,ML Random Forest Base,Random Forest,equity_ret + bond_ret + log_rv_ann + log_iv_ann,4,0.4267718820024862,0,0,0.3611111111111111,-0.02792663694084122,0.19737373327537852,0.5439368707985084,0.4560631292014916,0.11370856064819579,0.0001922109574578083,7.850239680961251e-05,0.0075250823477521,0.0320476441231087,72,fitted,
2023-04-30,2023-03-31,ML Random Forest Base,Random Forest,equity_ret + bond_ret + log_rv_ann + log_iv_ann,4,0.42144596699799797,0,0,0.3611111111111111,-0.02792663694084122,0.19737373327537852,0.5471324198012012,0.4528675801987988,0.00639109800538562,0.016904224601672874,0.016897833503667487,0.0247072382293531,0.0365561602926632,72,fitted,
2023-05-31,2023-04-30,ML Random Forest Base,Random Forest,equity_ret + bond_ret + log_rv_ann + log_iv_ann,4,0.24016175622552435,0,0,0.3611111111111111,-0.02792663694084122,0.19737373327537852,0.6559029462646854,0.34409705373531463,0.21754105292696835,-0.00047966651754208266,-0.000697207570469051,-0.0037263016509628,0.0219755313942162,72,fitted,
2023-06-30,2023-05-31,ML Random Forest Base,Random Forest,equity_ret + bond_ret + log_rv_ann + log_iv_ann,4,0.2299738223804507,0,0,0.3611111111111111,-0.02792663694084122,0.19737373327537852,0.6620157065717297,0.3379842934282703,0.012225520614088659,-0.0006926522554456689,-0.0007048777760597576,-0.0003218358257327,0.0209168767684267,72,fitted,
2023-07-31,2023-06-30,ML Random Forest Base,Random Forest,equity_ret + bond_ret + log_rv_ann + log_iv_ann,4,0.21485010353523928,0,0,0.3611111111111111,-0.02792663694084122,0.19737373327537852,0.6710899378788564,0.3289100621211436,0.018148462614253402,0.004280747935606529,0.004262599472992276,0.0101864533857485,0.0473916081964935,72,fitted,
2023-08-31,2023-07-31,ML Random Forest Base,Random Forest,equity_ret + bond_ret + log_rv_ann + log_iv_ann,4,0.2730257722159432,0,0,0.3611111111111111,-0.02792663694084122,0.19737373327537852,0.636184536670434,0.36381546332956605,0.0698108024168449,-0.005144975333332449,-0.005214786135749294,-0.0089737970679788,0.0409065797422744,72,fitted,
2023-09-30,2023-08-31,ML Random Forest Base,Random Forest,equity_ret + bond_ret + log_rv_ann + log_iv_ann,4,0.20697190663967455,0,0,0.3611111111111111,-0.026612409178363838,0.19737373327537852,0.6758168560161953,0.32418314398380466,0.07926463869152278,-0.010696118354142784,-0.010775382992834306,-0.0155044856071422,0.039116430241608,72,fitted,
2023-10-31,2023-09-30,ML Random Forest Base,Random Forest,equity_ret + bond_ret + log_rv_ann + log_iv_ann,4,0.20246863447630517,0,0,0.3611111111111111,-0.026612409178363838,0.19737373327537852,0.6785188193142169,0.32148118068578313,0.005403926596043052,-0.010143824492737185,-0.010149228419333228,-0.0125825388379577,0.0516818403453746,72,fitted,
2023-11-30,2023-10-31,ML Random Forest Base,Random Forest,equity_ret + bond_ret + log_rv_ann + log_iv_ann,4,0.24948215769876486,0,0,0.3611111111111111,-0.026612409178363838,0.19737373327537852,0.6503107053807411,0.3496892946192589,0.05641622786695155,0.0014599422196091283,0.0014035259917421767,-0.0008188777295246,0.0392966989771129,72,fitted,
2023-12-31,2023-11-30,ML Random Forest Base,Random Forest,equity_ret + bond_ret + log_rv_ann + log_iv_ann,4,0.3301313523793628,0,0,0.3611111111111111,-0.026612409178363838,0.19737373327537852,0.6019211885723823,0.3980788114276177,0.09677903361671758,0.06244942286571452,0.0623526438320978,0.0808246161992873,0.0695418014743718,72,fitted,
2024-01-31,2023-12-31,ML Random Forest Base,Random Forest,equity_ret + bond_ret + log_rv_ann + log_iv_ann,4,0.38797090217942853,0,0,0.3611111111111111,-0.026612409178363838,0.19737373327537852,0.5672174586923429,0.43278254130765714,0.0694074597600789,-0.00924230051624104,-0.009311707976001119,-0.0207930769821085,0.0739061400281641,72,fitted,
2024-02-29,2024-01-31,ML Random Forest Base,Random Forest,equity_ret + bond_ret + log_rv_ann + log_iv_ann,4,0.39383840788659424,0,0,0.3611111111111111,-0.026612409178363838,0.19737373327537852,0.5636969552680435,0.43630304473195647,0.007041006848598652,0.036675121129950944,0.036668080123102346,0.0684491583614437,0.0710634131786018,72,fitted,
2024-03-31,2024-02-29,ML Random Forest Base,Random Forest,equity_ret + bond_ret + log_rv_ann + log_iv_ann,4,0.43466925834673953,0,0,0.3611111111111111,-0.024338547841299456,0.19737373327537852,0.5391984449919562,0.46080155500804376,0.048997020552174586,0.031259707176431666,0.031210710155879492,0.049901522808696,0.0475982938777777,72,fitted,
2024-04-30,2024-03-31,ML Random Forest Base,Random Forest,equity_ret + bond_ret + log_rv_ann + log_iv_ann,4,0.45712478321262906,0,0,0.3611111111111111,-0.024338547841299456,0.19737373327537852,0.5257251300724226,0.4742748699275774,0.02694662983906726,-0.002754379172671264,-0.002781325802510331,-0.0056570935508506,0.0455031035282115,72,fitted,
2024-05-31,2024-04-30,ML Random Forest Base,Random Forest,equity_ret + bond_ret + log_rv_ann + log_iv_ann,4,0.1981665984140118,0,0,0.3611111111111111,-0.024338547841299456,0.19737373327537852,0.681100040951593,0.31889995904840696,0.31074982175834087,0.010663057611170682,0.010352307789412341,0.0167830458835656,0.0273933170442783,72,fitted,
2024-06-30,2024-05-31,ML Random Forest Base,Random Forest,equity_ret + bond_ret + log_rv_ann + log_iv_ann,4,0.3892683668826579,0,0,0.3611111111111111,-0.024338547841299456,0.19737373327537852,0.5664389798704053,0.43356102012959474,0.22932212216237557,-0.002271859753617737,-0.0025011818757801124,-0.000742282644639,0.0236814988852357,72,fitted,
2024-07-31,2024-06-30,ML Random Forest Base,Random Forest,equity_ret + bond_ret + log_rv_ann + log_iv_ann,4,0.2613017708328418,0,0,0.3611111111111111,-0.019735358707115232,0.19737373327537852,0.643218937500295,0.356781062499705,0.15355991525977952,-0.004920738757358799,-0.0050742986726185785,-0.0115803161297599,0.0278732037519852,72,fitted,
2024-08-31,2024-07-31,ML Random Forest Base,Random Forest,equity_ret + bond_ret + log_rv_ann + log_iv_ann,4,0.30487649871653644,0,1,0.3611111111111111,-0.019735358707115232,0.19737373327537852,0.6170741007700782,0.3829258992299218,0.05228967346043367,-0.0329315956531506,-0.03298388532661103,-0.0617728346479099,0.0911844078850842,72,fitted,
2024-09-30,2024-08-31,ML Random Forest Base,Random Forest,equity_ret + bond_ret + log_rv_ann + log_iv_ann,4,0.5097692748452005,1,0,0.3611111111111111,-0.025726041463566093,0.19737373327537852,0.4941384350928797,0.5058615649071203,0.24587133135439698,0.021125354301257997,0.0208794829699036,0.0311304198678461,0.1457928228026169,72,fitted,
2024-10-31,2024-09-30,ML Random Forest Base,Random Forest,equity_ret + bond_ret + log_rv_ann + log_iv_ann,4,0.48455575536982914,0,0,0.3611111111111111,-0.019735358707115232,0.19737373327537852,0.5092665467781025,0.49073345322189754,0.030256223370445534,0.01590325411785208,0.015872997894481634,0.0324589045236365,0.1468704909168978,72,fitted,
2024-11-30,2024-10-31,ML Random Forest Base,Random Forest,equity_ret + bond_ret + log_rv_ann + log_iv_ann,4,0.3495559297956963,0,1,0.3611111111111111,-0.015220557783206377,0.19737373327537852,0.5902664421225823,0.4097335578774177,0.16199979068895964,-0.026535582267770398,-0.026697582058459356,-0.0453992904785968,0.1503492990097555,72,fitted,
2024-12-31,2024-11-30,ML Random Forest Base,Random Forest,equity_ret + bond_ret + log_rv_ann + log_iv_ann,4,0.34658292797889245,0,0,0.3611111111111111,-0.019735358707115232,0.19737373327537852,0.5920502432126645,0.40794975678733547,0.0035676021801644975,0.033591589978695664,0.0335880223765155,0.046544631256673,0.0360630834838487,72,fitted,
2025-01-31,2024-12-31,ML Random Forest Base,Random Forest,equity_ret + bond_ret + log_rv_ann + log_iv_ann,4,0.47577311758995094,0,0,0.3611111111111111,-0.015220557783206377,0.19737373327537852,0.5145361294460296,0.48546387055397044,0.15502822753326995,-0.009487131921710083,-0.009642160149243352,0.0023622817657473,0.0247885078015251,72,fitted,
2025-02-28,2025-01-31,ML Random Forest Base,Random Forest,equity_ret + bond_ret + log_rv_ann + log_iv_ann,4,0.2331339244380256,0,0,0.3611111111111111,-0.015220557783206377,0.19737373327537852,0.6601196453371846,0.3398803546628154,0.29116703178231007,0.061127168644165106,0.0608360016123828,0.0860694753521582,0.0626712711363506,72,fitted,
2025-03-31,2025-02-28,ML Random Forest Base,Random Forest,equity_ret + bond_ret + log_rv_ann + log_iv_ann,4,0.5421640485831443,1,0,0.3611111111111111,-0.015220557783206377,0.19737373327537852,0.47470157085011344,0.5252984291498866,0.3708361489741423,-0.013089107483804034,-0.013459943632778176,-0.0085521595560056,0.0781737201066187,72,fitted,
2025-04-30,2025-03-31,ML Random Forest Base,Random Forest,equity_ret + bond_ret + log_rv_ann + log_iv_ann,4,0.3512280419211243,0,1,0.3611111111111111,-0.015220557783206377,0.19737373327537852,0.5892631748473255,0.4107368251526745,0.2291232079944241,-0.05711103385796587,-0.057340157065960295,-0.1067634090530582,0.1793633188674125,72,fitted,
2025-05-31,2025-04-30,ML Random Forest Base,Random Forest,equity_ret + bond_ret + log_rv_ann + log_iv_ann,4,0.5476550380285433,1,1,0.3611111111111111,-0.019735358707115232,0.19737373327537852,0.47140697718287405,0.528593022817126,0.23571239532890287,0.06124568366920184,0.06100997127387294,0.1264050161118952,0.2577846268870902,72,fitted,
2025-06-30,2025-05-31,ML Random Forest Base,Random Forest,equity_ret + bond_ret + log_rv_ann + log_iv_ann,4,0.544355461716957,1,1,0.3611111111111111,-0.015220557783206377,0.2028782537877414,0.4733867229698258,0.5266132770301741,0.003959491573903573,0.004910880846127399,0.004906921354553496,0.00014651081948,0.2308426790401719,72,fitted,
2025-07-31,2025-06-30,ML Random Forest Base,Random Forest,equity_ret + bond_ret + log_rv_ann + log_iv_ann,4,0.6726244771249036,1,0,0.3611111111111111,-0.015220557783206377,0.20491824771371225,0.39642531372505785,0.6035746862749422,0.15392281848953598,-0.0035699918447401444,-0.0037239146632296804,-0.0017930007602416,0.1493033883768388,72,fitted,
2025-08-31,2025-07-31,ML Random Forest Base,Random Forest,equity_ret + bond_ret + log_rv_ann + log_iv_ann,4,0.492603327746989,0,0,0.3611111111111111,-0.015220557783206377,0.20491824771371225,0.5044380033518066,0.49556199664819345,0.2160253792534974,-0.0035174990424949007,-0.003733524421748398,-0.0088251030555264,0.0281379367631093,72,fitted,
2025-09-30,2025-08-31,ML Random Forest Base,Random Forest,equity_ret + bond_ret + log_rv_ann + log_iv_ann,4,0.35014891611990234,0,0,0.3611111111111111,-0.013805425729411638,0.20491824771371225,0.5899106503280587,0.41008934967194133,0.17094529395250424,0.007075305105756532,0.006904359811804027,0.0102586303689389,0.0260820029788217,72,fitted,
2025-10-31,2025-09-30,ML Random Forest Base,Random Forest,equity_ret + bond_ret + log_rv_ann + log_iv_ann,4,0.15524532683613665,0,0,0.3611111111111111,-0.013805425729411638,0.20491824771371225,0.706852803898318,0.29314719610168205,0.23388430714051855,0.020059338845883685,0.019825454538743167,0.0260837374483409,0.0372170127061661,72,fitted,
2025-11-30,2025-10-31,ML Random Forest Base,Random Forest,equity_ret + bond_ret + log_rv_ann + log_iv_ann,4,0.28390022648030194,0,0,0.3611111111111111,-0.013784384957562018,0.20491824771371225,0.629659864111819,0.37034013588818104,0.15438587957299799,0.030431370386426366,0.030276984506853368,0.0462801361176319,0.0434625634835228,72,fitted,
2025-12-31,2025-11-30,ML Random Forest Base,Random Forest,equity_ret + bond_ret + log_rv_ann + log_iv_ann,4,0.19090271552691593,0,0,0.3611111111111111,-0.013784384957562018,0.20491824771371225,0.6854583706838505,0.3145416293161495,0.11159701314406312,-0.010992829040945649,-0.011104426054089712,-0.0115079539513099,0.0462365539373476,72,fitted,
2026-01-31,2025-12-31,ML Random Forest Base,Random Forest,equity_ret + bond_ret + log_rv_ann + log_iv_ann,4,0.3138018234160073,0,0,0.3611111111111111,-0.013784384957562018,0.20491824771371225,0.6117189059503956,0.3882810940496044,0.14747892946690988,0.02416483394073608,0.02401735501126917,0.0354606097261407,0.047185894866654,72,fitted,
2026-02-28,2026-01-31,ML Random Forest Base,Random Forest,equity_ret + bond_ret + log_rv_ann + log_iv_ann,4,0.23821014442155772,0,0,0.3611111111111111,-0.013784384957562018,0.20491824771371225,0.6570739133470654,0.34292608665293456,0.09071001479333973,0.00967149161616772,0.009580781601374381,0.0126325983056794,0.0481916911852781,72,fitted,
2026-03-31,2026-02-28,ML Random Forest Base,Random Forest,equity_ret + bond_ret + log_rv_ann + log_iv_ann,4,0.21615620434606292,0,1,0.3611111111111111,-0.013784384957562018,0.20491824771371225,0.6703062773923623,0.32969372260763774,0.026464728090593637,-0.03206734109059804,-0.032093805818688634,-0.0464290485019482,0.0534549078400147,72,fitted,
2026-04-30,2026-03-31,ML Random Forest Base,Random Forest,equity_ret + bond_ret + log_rv_ann + log_iv_ann,4,0.5404149851047494,1,0,0.375,-0.013784384957562018,0.2028782537877414,0.4757510089371504,0.5242489910628496,0.38911053691042374,-0.0065784646219013525,-0.006967575158811776,-0.004727362283284,0.0535888878229993,72,fitted,
2026-05-31,2026-04-30,ML Random Forest Base,Random Forest,equity_ret + bond_ret + log_rv_ann + log_iv_ann,4,0.4612996994519884,0,0,0.375,-0.013784384957562018,0.19737373327537852,0.5232201803288069,0.4767798196711931,0.09493834278331303,0.03380016127090774,0.03370522292812443,0.0587174157732706,0.0715497098939358,72,fitted,
2026-06-30,2026-05-31,ML Random Forest Base,Random Forest,equity_ret + bond_ret + log_rv_ann + log_iv_ann,4,0.4909358027303047,0,0,0.375,-0.013784384957562018,0.1868117193295664,0.5054385183618172,0.4945614816381828,0.03556332393397943,0.0025622685620521218,0.002526705238118142,0.0057971110770131,0.0596109071575914,72,fitted,
2026-07-31,2026-06-30,ML Random Forest Base,Random Forest,equity_ret + bond_ret + log_rv_ann + log_iv_ann,4,0.3367553946605649,0,0,0.3611111111111111,-0.013784384957562018,0.1776268083597394,0.5979467632036611,0.40205323679633886,0.1850164896836879,0.025595242765657722,0.025410226275974033,0.0363621967699221,0.0746015252107158,72,fitted,
2015-09-30,2015-08-31,ML Random Forest + VRP,Random Forest,equity_ret + bond_ret + log_rv_ann + log_iv_ann + vrp_proxy + log_iv_rv,6,0.47403311137327625,0,1,0.3333333333333333,-0.039138686812436554,0.17734830506009946,0.5155801331760342,0.48441986682396576,1.0,-0.04612827174046145,-0.04712827174046145,-0.085084699613786,0.238243255816149,72,fitted,
2015-10-31,2015-09-30,ML Random Forest + VRP,Random Forest,equity_ret + bond_ret + log_rv_ann + log_iv_ann + vrp_proxy + log_iv_rv,6,0.7191030657147843,1,1,0.3194444444444444,-0.04125685610582278,0.17734830506009946,0.3685381605711294,0.6314618394288706,0.2940839452098096,0.009931724679863526,0.009637640734653716,0.0186296284780547,0.2124503847496051,72,fitted,
2015-11-30,2015-10-31,ML Random Forest + VRP,Random Forest,equity_ret + bond_ret + log_rv_ann + log_iv_ann + vrp_proxy + log_iv_rv,6,0.6277613817590748,1,1,0.3194444444444444,-0.04125685610582278,0.17734830506009946,0.4233431709445551,0.5766568290554449,0.10961002074685133,0.020269153956426117,0.020159543935679265,0.0432262411488284,0.199286770764137,72,fitted,
2015-12-31,2015-11-30,ML Random Forest + VRP,Random Forest,equity_ret + bond_ret + log_rv_ann + log_iv_ann + vrp_proxy + log_iv_rv,6,0.6879486553799878,1,1,0.3194444444444444,-0.04125685610582278,0.1818683923297215,0.3872308067720073,0.6127691932279927,0.07222472834509563,-0.01869720450900032,-0.018769429237345415,-0.0544587752438217,0.1165629505598818,72,fitted,
2016-03-31,2015-12-31,ML Random Forest + VRP,Random Forest,equity_ret + bond_ret + log_rv_ann + log_iv_ann + vrp_proxy + log_iv_rv,6,0.34830563804292874,0,1,0.3194444444444444,-0.04159916904096428,0.1818683923297215,0.5910166171742428,0.4089833828257572,0.40757162080447107,0.016065922711851772,0.0156583510910473,0.0238121153163179,0.1993434710798268,72,fitted,
2016-04-30,2016-03-31,ML Random Forest + VRP,Random Forest,equity_ret + bond_ret + log_rv_ann + log_iv_ann + vrp_proxy + log_iv_rv,6,0.6909312342208203,1,0,0.3333333333333333,-0.04159916904096428,0.1958653728346217,0.38544125946750785,0.6145587405324922,0.4111507154134699,-0.0021160693682479945,-0.0025272200836614646,-0.0227851342852654,0.193588840985697,72,fitted,
2016-05-31,2016-04-30,ML Random Forest + VRP,Random Forest,equity_ret + bond_ret + log_rv_ann + log_iv_ann + vrp_proxy + log_iv_rv,6,0.6809088142452505,1,0,0.3333333333333333,-0.04125685610582278,0.19814718480844903,0.3914547114528497,0.6085452885471503,0.012026903970683733,0.006209801869889047,0.006197774965918363,0.0268582957161227,0.1810239335235844,72,fitted,
2016-06-30,2016-05-31,ML Random Forest + VRP,Random Forest,equity_ret + bond_ret + log_rv_ann + log_iv_ann + vrp_proxy + log_iv_rv,6,0.5569058851120114,1,0,0.3333333333333333,-0.04125685610582278,0.19814718480844903,0.46585646893279314,0.5341435310672069,0.1488035149598868,0.004927439641565957,0.00477863612660607,0.0020345319779446,0.1810275182397165,72,fitted,
2016-07-31,2016-06-30,ML Random Forest + VRP,Random Forest,equity_ret + bond_ret + log_rv_ann + log_iv_ann + vrp_proxy + log_iv_rv,6,0.532594068367947,1,1,0.3333333333333333,-0.04125685610582278,0.19814718480844903,0.48044355897923186,0.5195564410207681,0.029174180092877477,-0.014358255990533829,-0.014387430170626707,-0.0512411139825313,0.2142269845827345,72,fitted,
2016-08-31,2016-07-31,ML Random Forest + VRP,Random Forest,equity_ret + bond_ret + log_rv_ann + log_iv_ann + vrp_proxy + log_iv_rv,6,0.7399348886196403,1,1,0.3333333333333333,-0.04125685610582278,0.19814718480844903,0.35603906682821584,0.6439609331717842,0.24880898430203202,0.004641307333236985,0.004392498348934953,0.0082967130024573,0.2143105279851575,72,fitted,
2016-09-30,2016-08-31,ML Random Forest + VRP,Random Forest,equity_ret + bond_ret + log_rv_ann + log_iv_ann + vrp_proxy + log_iv_rv,6,0.6016179626151188,1,1,0.3472222222222222,-0.039138686812436554,0.19814718480844903,0.43902922243092873,0.5609707775690713,0.16598031120542572,0.026450161333055246,0.02628418102184982,0.0594293771977636,0.2542940759341728,72,fitted,
2016-12-31,2016-09-30,ML Random Forest + VRP,Random Forest,equity_ret + bond_ret + log_rv_ann + log_iv_ann + vrp_proxy + log_iv_rv,6,0.7544078342767639,1,1,0.3472222222222222,-0.039138686812436554,0.19814718480844903,0.34735529943394167,0.6526447005660583,0.18334784599397402,-0.005165778671514342,-0.005349126517508316,0.0117308616132547,0.2264358220577079,72,fitted,
2017-01-31,2016-12-31,ML Random Forest + VRP,Random Forest,equity_ret + bond_ret + log_rv_ann + log_iv_ann + vrp_proxy + log_iv_rv,6,0.6849435579102089,1,1,0.3472222222222222,-0.039138686812436554,0.19933213101668884,0.3890338652538747,0.6109661347461253,0.08335713163986602,0.0355420893398675,0.035458732208227636,0.090069111087863,0.3190838438320685,72,fitted,
2017-02-28,2017-01-31,ML Random Forest + VRP,Random Forest,equity_ret + bond_ret + log_rv_ann + log_iv_ann + vrp_proxy + log_iv_rv,6,0.6578133444794111,1,1,0.3472222222222222,-0.039138686812436554,0.20159483331923272,0.40531199331235335,0.5946880066876467,0.03255625611695728,-0.007549708061583468,-0.007582264317700425,-0.0048285128799836,0.2117248957589671,72,fitted,
2017-03-31,2017-02-28,ML Random Forest + VRP,Random Forest,equity_ret + bond_ret + log_rv_ann + log_iv_ann + vrp_proxy + log_iv_rv,6,0.6962721376560802,1,0,0.3472222222222222,-0.039138686812436554,0.20396247089832828,0.3822367174063519,0.6177632825936481,0.046150551812002893,0.012880710388997229,0.012834559837185226,0.0444657588234065,0.1397744607729905,72,fitted,
2017-04-30,2017-03-31,ML Random Forest + VRP,Random Forest,equity_ret + bond_ret + log_rv_ann + log_iv_ann + vrp_proxy + log_iv_rv,6,0.528136027641421,1,0,0.3472222222222222,-0.039138686812436554,0.20396247089832828,0.48311838341514746,0.5168816165848525,0.2017633320175911,0.015274336290673837,0.015072572958656246,0.0152915284610737,0.026838141827396,72,fitted,
2017-05-31,2017-04-30,ML Random Forest + VRP,Random Forest,equity_ret + bond_ret + log_rv_ann + log_iv_ann + vrp_proxy + log_iv_rv,6,0.4207331851694265,0,0,0.3472222222222222,-0.039138686812436554,0.20396247089832828,0.5475600888983441,0.45243991110165593,0.12888341096639322,0.026157926368800485,0.026029042957834092,0.0487269776618131,0.0505076598014562,72,fitted,
2017-06-30,2017-05-31,ML Random Forest + VRP,Random Forest,equity_ret + bond_ret + log_rv_ann + log_iv_ann + vrp_proxy + log_iv_rv,6,0.16253022720311003,0,0,0.3472222222222222,-0.039138686812436554,0.20396247089832828,0.7024818636781339,0.2975181363218661,0.3098435495595797,-0.015241800364469846,-0.015551643914029425,-0.0257235885595024,0.0415530659489305,72,fitted,
2017-07-31,2017-06-30,ML Random Forest + VRP,Random Forest,equity_ret + bond_ret + log_rv_ann + log_iv_ann + vrp_proxy + log_iv_rv,6,0.16493493160851908,0,0,0.3472222222222222,-0.039138686812436554,0.20396247089832828,0.7010390410348886,0.29896095896511143,0.0028856452864907123,-0.009255678599931448,-0.009258564245217938,-0.0081039436501151,0.0413694048537509,72,fitted,
2017-08-31,2017-07-31,ML Random Forest + VRP,Random Forest,equity_ret + bond_ret + log_rv_ann + log_iv_ann + vrp_proxy + log_iv_rv,6,0.12274833246014408,0,0,0.3472222222222222,-0.0350163094830188,0.20396247089832828,0.7263510005239137,0.27364899947608634,0.050623918978050186,-0.019094855593578073,-0.019145479512556123,-0.0309766055658198,0.0277954860835847,72,fitted,
2017-09-30,2017-08-31,ML Random Forest + VRP,Random Forest,equity_ret + bond_ret + log_rv_ann + log_iv_ann + vrp_proxy + log_iv_rv,6,0.30594342300358957,0,0,0.3472222222222222,-0.0350163094830188,0.20396247089832828,0.6164339461978463,0.3835660538021537,0.2198341086521347,0.01664720511244152,0.016427371003789385,0.0260836708088783,0.0267739017087609,72,fitted,
2017-10-31,2017-09-30,ML Random Forest + VRP,Random Forest,equity_ret + bond_ret + log_rv_ann + log_iv_ann + vrp_proxy + log_iv_rv,6,0.32284969060480617,0,0,0.3472222222222222,-0.0350163094830188,0.20396247089832828,0.6062901856371163,0.39370981436288366,0.020287521121459928,0.017326791929864912,0.017306504408743453,0.0321012457270728,0.0309393883374153,72,fitted,
2017-11-30,2017-10-31,ML Random Forest + VRP,Random Forest,equity_ret + bond_ret + log_rv_ann + log_iv_ann + vrp_proxy + log_iv_rv,6,0.20684026096687852,0,0,0.3472222222222222,-0.033895692261528436,0.20396247089832828,0.675895843419873,0.32410415658012703,0.13921131556551325,-0.0002769773313468049,-0.00041618864691231815,-0.0037783226150691,0.0385398529805913,72,fitted,
2017-12-31,2017-11-30,ML Random Forest + VRP,Random Forest,equity_ret + bond_ret + log_rv_ann + log_iv_ann + vrp_proxy + log_iv_rv,6,0.14603655734977405,0,0,0.3472222222222222,-0.033895692261528436,0.20396247089832828,0.7123780655901356,0.2876219344098644,0.07296444434052529,0.003053065714593654,0.0029801012702531287,0.001833758479341,0.032792270443252,72,fitted,
2018-01-31,2017-12-31,ML Random Forest + VRP,Random Forest,equity_ret + bond_ret + log_rv_ann + log_iv_ann + vrp_proxy + log_iv_rv,6,0.21194777226943085,0,0,0.3611111111111111,-0.03056184931653722,0.20159483331923272,0.6728313366383415,0.3271686633616585,0.07909345790358824,-0.004758151755451205,-0.004837245213354793,-0.0014193362543274,0.0483842570704571,72,fitted,
2018-02-28,2018-01-31,ML Random Forest + VRP,Random Forest,equity_ret + bond_ret + log_rv_ann + log_iv_ann + vrp_proxy + log_iv_rv,6,0.3260734016859073,0,1,0.375,-0.028266977167426,0.19933213101668884,0.6043559589884557,0.39564404101154427,0.13695075529977152,-0.03768585785552907,-0.03782280861082884,-0.0606190245987007,0.048475670166582,72,fitted,
2018-03-31,2018-02-28,ML Random Forest + VRP,Random Forest,equity_ret + bond_ret + log_rv_ann + log_iv_ann + vrp_proxy + log_iv_rv,6,0.23046369802445585,0,0,0.375,-0.03056184931653722,0.19814718480844903,0.6617217811853264,0.33827821881467357,0.1147316443937414,0.011996540994155027,0.011881809349761286,0.0154501912433664,0.042328151215129,72,fitted,
2018-04-30,2018-03-31,ML Random Forest + VRP,Random Forest,equity_ret + bond_ret + log_rv_ann + log_iv_ann + vrp_proxy + log_iv_rv,6,0.28097517636145214,0,0,0.375,-0.03056184931653722,0.1913070290118697,0.6314148941831288,0.3685851058168712,0.06061377400439527,0.005047019508401858,0.004986405734397462,0.0042251275169695,0.0528805350904335,72,fitted,
2018-05-31,2018-04-30,ML Random Forest + VRP,Random Forest,equity_ret + bond_ret + log_rv_ann + log_iv_ann + vrp_proxy + log_iv_rv,6,0.3610896850828006,0,0,0.3611111111111111,-0.03056184931653722,0.1819493285411914,0.5833461889503196,0.41665381104968036,0.0961374104656183,0.019800412055913288,0.01970427464544767,0.0352935855603029,0.044122164842242,72,fitted,
2018-06-30,2018-05-31,ML Random Forest + VRP,Random Forest,equity_ret + bond_ret + log_rv_ann + log_iv_ann + vrp_proxy + log_iv_rv,6,0.4271036144937188,0,0,0.3611111111111111,-0.03056184931653722,0.1819493285411914,0.5437378313037687,0.45626216869623126,0.07921671529310181,-0.019090608282603713,-0.019169824997896816,-0.0252249155560972,0.0426956959936459,72,fitted,
2018-07-31,2018-06-30,ML Random Forest + VRP,Random Forest,equity_ret + bond_ret + log_rv_ann + log_iv_ann + vrp_proxy + log_iv_rv,6,0.48103469307389035,0,0,0.3611111111111111,-0.03056184931653722,0.1819493285411914,0.5113791841556659,0.48862081584433414,0.06471729429620576,0.0010106682504344077,0.000945950956138202,-0.0086575728984089,0.0395476525110247,72,fitted,
2018-08-31,2018-07-31,ML Random Forest + VRP,Random Forest,equity_ret + bond_ret + log_rv_ann + log_iv_ann + vrp_proxy + log_iv_rv,6,0.43236012460595646,0,0,0.3611111111111111,-0.03056184931653722,0.1819493285411914,0.5405839252364261,0.45941607476357393,0.05840948216152042,-0.003775495978689984,-0.0038339054608515044,-0.0055753930477079,0.0314738547115443,72,fitted,
2018-09-30,2018-08-31,ML Random Forest + VRP,Random Forest,equity_ret + bond_ret + log_rv_ann + log_iv_ann + vrp_proxy + log_iv_rv,6,0.3874160602764637,0,1,0.3611111111111111,-0.028266977167426,0.1819493285411914,0.5675503638341218,0.43244963616587817,0.053932877195391526,-0.02056579077561728,-0.02061972365281267,-0.0334532251326292,0.0274818107195285,72,fitted,
2018-10-31,2018-09-30,ML Random Forest + VRP,Random Forest,equity_ret + bond_ret + log_rv_ann + log_iv_ann + vrp_proxy + log_iv_rv,6,0.31008938111121787,0,1,0.3611111111111111,-0.028266977167426,0.1819493285411914,0.6139463713332692,0.38605362866673076,0.09279201499829481,-0.025596501105394145,-0.02568929312039244,-0.0354052055802183,0.0373719218139833,72,fitted,
2018-11-30,2018-10-31,ML Random Forest + VRP,Random Forest,equity_ret + bond_ret + log_rv_ann + log_iv_ann + vrp_proxy + log_iv_rv,6,0.5763417540623321,1,0,0.375,-0.028266977167426,0.18102680129649007,0.45419494756260076,0.5458050524373992,0.3195028475413369,0.0026630652434969197,0.002343562395955583,-0.0001032534939002,0.0384106237566746,72,fitted,
2018-12-31,2018-11-30,ML Random Forest + VRP,Random Forest,equity_ret + bond_ret + log_rv_ann + log_iv_ann + vrp_proxy + log_iv_rv,6,0.5143735382226329,1,0,0.375,-0.028266977167426,0.18094371425534092,0.4913758770664203,0.5086241229335797,0.07436185900763898,-0.010137917089906714,-0.010212278948914353,-0.0269592825839305,0.0630481651869297,72,fitted,
2019-01-31,2018-12-31,ML Random Forest + VRP,Random Forest,equity_ret + bond_ret + log_rv_ann + log_iv_ann + vrp_proxy + log_iv_rv,6,0.24627171263987976,0,0,0.375,-0.02851411597231162,0.17734830506009946,0.6522369724160723,0.34776302758392774,0.32172219069930397,-0.006889122360844646,-0.00721084455154395,-0.0122040856244322,0.0899505509701786,72,fitted,
2019-02-28,2019-01-31,ML Random Forest + VRP,Random Forest,equity_ret + bond_ret + log_rv_ann + log_iv_ann + vrp_proxy + log_iv_rv,6,0.25024074102597127,0,0,0.375,-0.02851411597231162,0.17734830506009946,0.6498555553844172,0.3501444446155828,0.0047628340633101285,0.02858625150896462,0.02858148867490131,0.0393186927211415,0.1027997660392212,72,fitted,
2019-03-31,2019-02-28,ML Random Forest + VRP,Random Forest,equity_ret + bond_ret + log_rv_ann + log_iv_ann + vrp_proxy + log_iv_rv,6,0.2993900663845205,0,0,0.375,-0.026712143779044878,0.17734830506009946,0.6203659601692878,0.3796340398307122,0.05897919043025879,0.025084493691078864,0.025025514500648605,0.0354775369965916,0.0913299563139267,72,fitted,
2019-04-30,2019-03-31,ML Random Forest + VRP,Random Forest,equity_ret + bond_ret + log_rv_ann + log_iv_ann + vrp_proxy + log_iv_rv,6,0.2140894123848029,0,0,0.375,-0.026712143779044878,0.17734830506009946,0.6715463525691183,0.3284536474308817,0.10236078479966104,0.031587682821966404,0.031485322037166745,0.0435479135820724,0.0514406814597425,72,fitted,
2019-05-31,2019-04-30,ML Random Forest + VRP,Random Forest,equity_ret + bond_ret + log_rv_ann + log_iv_ann + vrp_proxy + log_iv_rv,6,0.14319991886062947,0,1,0.375,-0.026712143779044878,0.17734830506009946,0.7140800486836223,0.2859199513163777,0.08506739222900794,-0.019183368602008418,-0.019268435994237425,-0.0281684755300689,0.0428730592917657,72,fitted,
2019-06-30,2019-05-31,ML Random Forest + VRP,Random Forest,equity_ret + bond_ret + log_rv_ann + log_iv_ann + vrp_proxy + log_iv_rv,6,0.25376894161836683,0,0,0.375,-0.02792663694084122,0.17734830506009946,0.64773863502898,0.35226136497102,0.1326828273092846,0.012204039405940486,0.012071356578631202,0.0107200928441295,0.0312228560914626,72,fitted,
2019-07-31,2019-06-30,ML Random Forest + VRP,Random Forest,equity_ret + bond_ret + log_rv_ann + log_iv_ann + vrp_proxy + log_iv_rv,6,0.3282713374130077,0,0,0.375,-0.02792663694084122,0.17734830506009946,0.6030371975521953,0.3969628024478047,0.08940287495356936,0.024159751380502623,0.024070348505549052,0.0325102244609072,0.0356824711357968,72,fitted,
2019-08-31,2019-07-31,ML Random Forest + VRP,Random Forest,equity_ret + bond_ret + log_rv_ann + log_iv_ann + vrp_proxy + log_iv_rv,6,0.317222684239977,0,1,0.375,-0.02792663694084122,0.17734830506009946,0.6096663894560138,0.3903336105439862,0.013258383807636998,-0.013131730001476048,-0.013144988385283685,-0.0347038800061944,0.0576066691497176,72,fitted,
2019-09-30,2019-08-31,ML Random Forest + VRP,Random Forest,equity_ret + bond_ret + log_rv_ann + log_iv_ann + vrp_proxy + log_iv_rv,6,0.2541530468038535,0,0,0.375,-0.02792663694084122,0.17734830506009946,0.6475081719176878,0.35249182808231216,0.07568356492334805,0.03237537463299041,0.03229969106806706,0.0484331335390779,0.0557517645539162,72,fitted,
2019-10-31,2019-09-30,ML Random Forest + VRP,Random Forest,equity_ret + bond_ret + log_rv_ann + log_iv_ann + vrp_proxy + log_iv_rv,6,0.2902901777655414,0,0,0.375,-0.02792663694084122,0.17734830506009946,0.6258258933406753,0.3741741066593247,0.043364557154025096,-0.008985177285863068,-0.009028541843017093,-0.0126877426972058,0.0540597880257949,72,fitted,
2019-11-30,2019-10-31,ML Random Forest + VRP,Random Forest,equity_ret + bond_ret + log_rv_ann + log_iv_ann + vrp_proxy + log_iv_rv,6,0.2365531163194075,0,0,0.375,-0.026712143779044878,0.17734830506009946,0.6580681302083555,0.34193186979164447,0.06448447373536048,0.03629027362640499,0.03622578915266963,0.0624620753169182,0.0583813006187289,72,fitted,
2019-12-31,2019-11-30,ML Random Forest + VRP,Random Forest,equity_ret + bond_ret + log_rv_ann + log_iv_ann + vrp_proxy + log_iv_rv,6,0.24661607346090522,0,0,0.375,-0.026712143779044878,0.17734830506009946,0.6520303559234569,0.34796964407654307,0.012075548569797201,-0.000533338895574286,-0.0005454144441440832,-0.0015758454804618,0.0381458968124907,72,fitted,
2020-01-31,2019-12-31,ML Random Forest + VRP,Random Forest,equity_ret + bond_ret + log_rv_ann + log_iv_ann + vrp_proxy + log_iv_rv,6,0.32811379659631484,0,0,0.375,-0.026712143779044878,0.17734830506009946,0.6031317220422112,0.3968682779577888,0.09779726776249142,0.0130338437695841,0.012936046501821608,0.0224398450452896,0.0391153580316663,72,fitted,
2020-02-29,2020-01-31,ML Random Forest + VRP,Random Forest,equity_ret + bond_ret + log_rv_ann + log_iv_ann + vrp_proxy + log_iv_rv,6,0.662003259661223,1,0,0.375,-0.026712143779044878,0.17734830506009946,0.4027980442032662,0.5972019557967339,0.4006673556778901,0.01595088270639182,0.01555021535071393,0.0171287951441945,0.0391471244686928,72,fitted,
2020-03-31,2020-02-29,ML Random Forest + VRP,Random Forest,equity_ret + bond_ret + log_rv_ann + log_iv_ann + vrp_proxy + log_iv_rv,6,0.5142795108774758,1,1,0.375,-0.026712143779044878,0.17734830506009946,0.4914322934735145,0.5085677065264855,0.17726849854049664,-0.16822899591883783,-0.16840626441737833,-0.3396611105639215,0.6261785661694548,72,fitted,
2020-04-30,2020-03-31,ML Random Forest + VRP,Random Forest,equity_ret + bond_ret + log_rv_ann + log_iv_ann + vrp_proxy + log_iv_rv,6,0.6921256376131564,1,1,0.3611111111111111,-0.02792663694084122,0.18094371425534092,0.3847246174321062,0.6152753825678938,0.21341535208281665,0.03752869823449574,0.037315282882412926,0.1365534986075169,0.6960988327427069,72,fitted,
2020-05-31,2020-04-30,ML Random Forest + VRP,Random Forest,equity_ret + bond_ret + log_rv_ann + log_iv_ann + vrp_proxy + log_iv_rv,6,0.804794363989022,1,1,0.3611111111111111,-0.026712143779044878,0.18102680129649007,0.3171233816065868,0.6828766183934132,0.1352024716510387,0.0005957375281365072,0.0004605350564854685,-0.0031250242639212,0.685069415593999,72,fitted,
2020-06-30,2020-05-31,ML Random Forest + VRP,Random Forest,equity_ret + bond_ret + log_rv_ann + log_iv_ann + vrp_proxy + log_iv_rv,6,0.8080388769236283,1,1,0.3611111111111111,-0.026712143779044878,0.19107657643650097,0.31517667384582304,0.684823326154177,0.0038934155215275545,0.035623131727617115,0.03561923831209559,0.0904447571250541,0.5924640544289772,72,fitted,
2020-07-31,2020-06-30,ML Random Forest + VRP,Random Forest,equity_ret + bond_ret + log_rv_ann + log_iv_ann + vrp_proxy + log_iv_rv,6,0.7927323872264246,1,1,0.3611111111111111,-0.026712143779044878,0.19814718480844903,0.3243605676641453,0.6756394323358548,0.018367787636644428,0.023821606213754738,0.023803238426118093,0.0482259574590655,0.22881979648679,72,fitted,
2020-08-31,2020-07-31,ML Random Forest + VRP,Random Forest,equity_ret + bond_ret + log_rv_ann + log_iv_ann + vrp_proxy + log_iv_rv,6,0.7502392102161453,1,1,0.3611111111111111,-0.026712143779044878,0.19933213101668884,0.3498564738703129,0.6501435261296871,0.0509918124123353,0.010758813064092779,0.010707821251680443,0.0203141663883605,0.2052201498167803,72,fitted,
2020-09-30,2020-08-31,ML Random Forest + VRP,Random Forest,equity_ret + bond_ret + log_rv_ann + log_iv_ann + vrp_proxy + log_iv_rv,6,0.5904041732211871,1,0,0.3611111111111111,-0.026712143779044878,0.20339963033847683,0.44575749606728776,0.5542425039327122,0.1918020443939497,-0.005543786948228565,-0.005735588992622515,-0.0140848464874631,0.0820138272830166,72,fitted,
2020-10-31,2020-09-30,ML Random Forest + VRP,Random Forest,equity_ret + bond_ret + log_rv_ann + log_iv_ann + vrp_proxy + log_iv_rv,6,0.37598578875433575,0,0,0.3611111111111111,-0.026712143779044878,0.20339963033847683,0.5744085267473986,0.4255914732526014,0.2573020613602217,0.0006138549993767511,0.0003565529380165294,-0.005335028573305,0.0512358756615979,72,fitted,
2020-11-30,2020-10-31,ML Random Forest + VRP,Random Forest,equity_ret + bond_ret + log_rv_ann + log_iv_ann + vrp_proxy + log_iv_rv,6,0.5510965748695346,1,1,0.3611111111111111,-0.026712143779044878,0.20339963033847683,0.4693420550782793,0.5306579449217207,0.21013294333823862,0.019166579470801193,0.018956446527462954,0.0394405992997313,0.20371063930144,72,fitted,
2020-12-31,2020-11-30,ML Random Forest + VRP,Random Forest,equity_ret + bond_ret + log_rv_ann + log_iv_ann + vrp_proxy + log_iv_rv,6,0.6370177296523665,1,0,0.3611111111111111,-0.02562385395882136,0.20427306398279946,0.4177893622085801,0.5822106377914199,0.10310538573939843,0.012456098427219151,0.012352993041479753,0.0168135282479793,0.1995487117329469,72,fitted,
2021-01-31,2020-12-31,ML Random Forest + VRP,Random Forest,equity_ret + bond_ret + log_rv_ann + log_iv_ann + vrp_proxy + log_iv_rv,6,0.47046081599564343,0,0,0.3611111111111111,-0.024736959301930837,0.20427306398279946,0.517723510402614,0.482276489597386,0.1998682963880678,0.014557027745214151,0.014357159448826083,0.0362293713244592,0.1886738194451048,72,fitted,
2021-02-28,2021-01-31,ML Random Forest + VRP,Random Forest,equity_ret + bond_ret + log_rv_ann + log_iv_ann + vrp_proxy + log_iv_rv,6,0.5648509369351935,1,0,0.3611111111111111,-0.024736959301930837,0.20427306398279946,0.4610894378388839,0.5389105621611161,0.1132681451274602,0.008948664073996923,0.008835395928869463,0.0231110805307961,0.0898000407082918,72,fitted,
2021-03-31,2021-02-28,ML Random Forest + VRP,Random Forest,equity_ret + bond_ret + log_rv_ann + log_iv_ann + vrp_proxy + log_iv_rv,6,0.5315388022612649,1,0,0.3611111111111111,-0.022228758665688117,0.20427306398279946,0.4810767186432411,0.5189232813567589,0.039974561608714376,0.012502744340520141,0.012462769778911427,0.0372739536899082,0.0267005559612106,72,fitted,
2021-04-30,2021-03-31,ML Random Forest + VRP,Random Forest,equity_ret + bond_ret + log_rv_ann + log_iv_ann + vrp_proxy + log_iv_rv,6,0.6313949363071992,1,0,0.3611111111111111,-0.022228758665688117,0.20427306398279946,0.42116303821568046,0.5788369617843195,0.11982736085512125,0.01659781059092066,0.01647798323006554,0.0376875552138742,0.0374479910922146,72,fitted,
2021-05-31,2021-04-30,ML Random Forest + VRP,Random Forest,equity_ret + bond_ret + log_rv_ann + log_iv_ann + vrp_proxy + log_iv_rv,6,0.5258667405178993,1,0,0.3611111111111111,-0.022228758665688117,0.20427306398279946,0.48447995568926044,0.5155200443107395,0.12663383494716002,-0.010240313132565597,-0.010366946967512756,-0.007986771407346,0.033252845739336,72,fitted,
2021-06-30,2021-05-31,ML Random Forest + VRP,Random Forest,equity_ret + bond_ret + log_rv_ann + log_iv_ann + vrp_proxy + log_iv_rv,6,0.4540410271491721,0,0,0.3611111111111111,-0.022228758665688117,0.20427306398279946,0.5275753837104967,0.4724246162895033,0.08619085604247251,0.02323594030941845,0.023149749453375976,0.03801507412395,0.0416415059371039,72,fitted,
2021-07-31,2021-06-30,ML Random Forest + VRP,Random Forest,equity_ret + bond_ret + log_rv_ann + log_iv_ann + vrp_proxy + log_iv_rv,6,0.4645939256501231,0,0,0.3611111111111111,-0.022228758665688117,0.20427306398279946,0.5212436446099262,0.4787563553900738,0.012663478201140999,0.0020304179479979072,0.0020177544697967662,-0.0006567127811994,0.0400979050478682,72,fitted,
2021-08-31,2021-07-31,ML Random Forest + VRP,Random Forest,equity_ret + bond_ret + log_rv_ann + log_iv_ann + vrp_proxy + log_iv_rv,6,0.4692887553770381,0,0,0.3611111111111111,-0.022228758665688117,0.20427306398279946,0.5184267467737771,0.4815732532262229,0.00563379567229827,0.022501754850698392,0.022496121055026096,0.0324793200530295,0.0199671051065084,72,fitted,
2021-09-30,2021-08-31,ML Random Forest + VRP,Random Forest,equity_ret + bond_ret + log_rv_ann + log_iv_ann + vrp_proxy + log_iv_rv,6,0.39606528500525157,0,0,0.3611111111111111,-0.022228758665688117,0.20427306398279946,0.5623608289968491,0.43763917100315086,0.08786816444614409,-0.010179944909671973,-0.010267813074118117,-0.0116460886712347,0.0056608717122773,72,fitted,
2021-10-31,2021-09-30,ML Random Forest + VRP,Random Forest,equity_ret + bond_ret + log_rv_ann + log_iv_ann + vrp_proxy + log_iv_rv,6,0.3769904135408767,0,1,0.375,-0.018819574247395814,0.2028782537877414,0.573805751875474,0.426194248124526,0.022889845757249727,-0.02379222731439923,-0.023815117160156482,-0.0292115312702775,0.01468795822287,72,fitted,
2021-11-30,2021-10-31,ML Random Forest + VRP,Random Forest,equity_ret + bond_ret + log_rv_ann + log_iv_ann + vrp_proxy + log_iv_rv,6,0.4324136064953322,0,0,0.375,-0.02104507672570493,0.2028782537877414,0.5405518361028007,0.45944816389719934,0.06650783154534667,0.04468816933544697,0.04462166150390162,0.0746986886959502,0.0507828908660839,72,fitted,
2021-12-31,2021-11-30,ML Random Forest + VRP,Random Forest,equity_ret + bond_ret + log_rv_ann + log_iv_ann + vrp_proxy + log_iv_rv,6,0.3429289185949637,0,1,0.375,-0.02104507672570493,0.2028782537877414,0.5942426488430217,0.4057573511569783,0.10738162548044206,-0.019486012011697175,-0.019593393637177617,-0.0364478760325837,0.1025522841544392,72,fitted,
2022-01-31,2021-12-31,ML Random Forest + VRP,Random Forest,equity_ret + bond_ret + log_rv_ann + log_iv_ann + vrp_proxy + log_iv_rv,6,0.3329598791976361,0,0,0.375,-0.024736959301930837,0.2028782537877414,0.6002240724814184,0.3997759275185816,0.01196284727679342,0.009115712957804846,0.009103750110528053,0.0279174825695243,0.1061573024259542,72,fitted,
2022-02-28,2022-01-31,ML Random Forest + VRP,Random Forest,equity_ret + bond_ret + log_rv_ann + log_iv_ann + vrp_proxy + log_iv_rv,6,0.3622525155239294,0,1,0.3888888888888889,-0.02104507672570493,0.19950766360232286,0.5826484906856424,0.4173515093143576,0.035151163591552015,-0.03556833714655345,-0.035603488310145,-0.0373367909631336,0.0865246762476978,72,fitted,
2022-03-31,2022-02-28,ML Random Forest + VRP,Random Forest,equity_ret + bond_ret + log_rv_ann + log_iv_ann + vrp_proxy + log_iv_rv,6,0.38011547032932846,0,1,0.3888888888888889,-0.024736959301930837,0.19933213101668884,0.5719307178024029,0.4280692821975971,0.02143554576647899,-0.06586000055977338,-0.06588143610553986,-0.1127374305089676,0.2561278421728654,72,fitted,
2022-04-30,2022-03-31,ML Random Forest + VRP,Random Forest,equity_ret + bond_ret + log_rv_ann + log_iv_ann + vrp_proxy + log_iv_rv,6,0.7408963145003158,1,1,0.375,-0.02562385395882136,0.19950766360232286,0.35546221129981054,0.6445377887001895,0.4329370130051848,-0.006461191104533401,-0.006894128117538586,0.0414562536077787,0.2747307422393871,72,fitted,
2022-05-31,2022-04-30,ML Random Forest + VRP,Random Forest,equity_ret + bond_ret + log_rv_ann + log_iv_ann + vrp_proxy + log_iv_rv,6,0.7756591721760553,1,1,0.375,-0.024736959301930837,0.2028782537877414,0.33460449669436687,0.6653955033056331,0.04171542921088728,-0.02731104996057992,-0.02735276538979081,-0.058909521943165,0.3085079239302221,72,fitted,
2022-06-30,2022-05-31,ML Random Forest + VRP,Random Forest,equity_ret + bond_ret + log_rv_ann + log_iv_ann + vrp_proxy + log_iv_rv,6,0.7705567922110806,1,1,0.3611111111111111,-0.02562385395882136,0.20491824771371225,0.33766592467335166,0.6623340753266483,0.006122855957969575,-0.0327433914419251,-0.032749514297883066,-0.0039380811965237,0.3388890657620975,72,fitted,
2022-07-31,2022-06-30,ML Random Forest + VRP,Random Forest,equity_ret + bond_ret + log_rv_ann + log_iv_ann + vrp_proxy + log_iv_rv,6,0.8229466860927808,1,1,0.3611111111111111,-0.02562385395882136,0.21042394657052976,0.3062319883443316,0.6937680116556684,0.06286787265804011,0.007982358306264726,0.007919490433606685,-0.0311596754459931,0.1706807663290468,72,fitted,
2022-08-31,2022-07-31,ML Random Forest + VRP,Random Forest,equity_ret + bond_ret + log_rv_ann + log_iv_ann + vrp_proxy + log_iv_rv,6,0.4920692681921507,0,0,0.3611111111111111,-0.026712143779044878,0.21042394657052976,0.5047584390847096,0.49524156091529037,0.39705290148075606,0.04812291516386409,0.04772586226238334,0.0830960283644346,0.1418416885740734,72,fitted,
2022-09-30,2022-08-31,ML Random Forest + VRP,Random Forest,equity_ret + bond_ret + log_rv_ann + log_iv_ann + vrp_proxy + log_iv_rv,6,0.40850860610647693,0,1,0.3611111111111111,-0.026712143779044878,0.21042394657052976,0.5548948363361139,0.4451051636638861,0.10027279450280857,-0.03867876753704228,-0.03877904033154509,-0.0345000269557216,0.1500344624823598,72,fitted,
2022-10-31,2022-09-30,ML Random Forest + VRP,Random Forest,equity_ret + bond_ret + log_rv_ann + log_iv_ann + vrp_proxy + log_iv_rv,6,0.5494225922727277,1,1,0.375,-0.026712143779044878,0.20491824771371225,0.4703464446363634,0.5296535553636366,0.16909678339950102,-0.06316812917567398,-0.06333722595907348,-0.0839597070320542,0.2166304099760133,72,fitted,
2022-11-30,2022-10-31,ML Random Forest + VRP,Random Forest,equity_ret + bond_ret + log_rv_ann + log_iv_ann + vrp_proxy + log_iv_rv,6,0.8300609343684735,1,1,0.3611111111111111,-0.02792663694084122,0.20491824771371225,0.3019634393789159,0.6980365606210841,0.336766010514895,0.060271614620836966,0.05993484861032207,0.1581121400161993,0.2870610773444056,72,fitted,
2022-12-31,2022-11-30,ML Random Forest + VRP,Random Forest,equity_ret + bond_ret + log_rv_ann + log_iv_ann + vrp_proxy + log_iv_rv,6,0.8169478098533095,1,1,0.3611111111111111,-0.02792663694084122,0.20491824771371225,0.30983131408801434,0.6901686859119857,0.015735749418196887,0.02101755608398367,0.021001820334565473,0.0137831377431498,0.246452643289683,72,fitted,
2023-01-31,2022-12-31,ML Random Forest + VRP,Random Forest,equity_ret + bond_ret + log_rv_ann + log_iv_ann + vrp_proxy + log_iv_rv,6,0.7964193002902604,1,0,0.3611111111111111,-0.02792663694084122,0.20491824771371225,0.32214841982584375,0.6778515801741563,0.024634211475658807,0.007377377042005475,0.007352742830529816,0.0522359781558194,0.153399759564035,72,fitted,
2023-02-28,2023-01-31,ML Random Forest + VRP,Random Forest,equity_ret + bond_ret + log_rv_ann + log_iv_ann + vrp_proxy + log_iv_rv,6,0.5075760603871367,1,0,0.3611111111111111,-0.02792663694084122,0.2028782537877414,0.495454363767718,0.504545636232282,0.3466118878837485,0.004653908700911721,0.004307296813027973,0.0172680611507551,0.0491939514786028,72,fitted,
2023-03-31,2023-02-28,ML Random Forest + VRP,Random Forest,equity_ret + bond_ret + log_rv_ann + log_iv_ann + vrp_proxy + log_iv_rv,6,0.4337652051654676,0,0,0.3611111111111111,-0.02792663694084122,0.19737373327537852,0.5397408769007194,0.46025912309928063,0.08857302626600272,0.0001247451141636602,3.617208789765746e-05,0.0075250823477521,0.0320476441231087,72,fitted,
2023-04-30,2023-03-31,ML Random Forest + VRP,Random Forest,equity_ret + bond_ret + log_rv_ann + log_iv_ann + vrp_proxy + log_iv_rv,6,0.3571390242485093,0,0,0.3611111111111111,-0.02792663694084122,0.19737373327537852,0.5857165854508944,0.41428341454910556,0.09195141710035015,0.017569038740598567,0.017477087323498217,0.0247072382293531,0.0365561602926632,72,fitted,
2023-05-31,2023-04-30,ML Random Forest + VRP,Random Forest,equity_ret + bond_ret + log_rv_ann + log_iv_ann + vrp_proxy + log_iv_rv,6,0.2288334602004192,0,0,0.3611111111111111,-0.02792663694084122,0.19737373327537852,0.6626999238797486,0.33730007612025137,0.15396667685770837,-0.000543797570355784,-0.0006977642472134924,-0.0037263016509628,0.0219755313942162,72,fitted,
2023-06-30,2023-05-31,ML Random Forest + VRP,Random Forest,equity_ret + bond_ret + log_rv_ann + log_iv_ann + vrp_proxy + log_iv_rv,6,0.282145088779257,0,0,0.3611111111111111,-0.02792663694084122,0.19737373327537852,0.6307129467324459,0.36928705326755407,0.0639739542946054,-0.0007269957970523713,-0.0007909697513469767,-0.0003218358257327,0.0209168767684267,72,fitted,
2023-07-31,2023-06-30,ML Random Forest + VRP,Random Forest,equity_ret + bond_ret + log_rv_ann + log_iv_ann + vrp_proxy + log_iv_rv,6,0.23848052603235775,0,0,0.3611111111111111,-0.02792663694084122,0.19737373327537852,0.6569116843805853,0.34308831561941466,0.052397475296278806,0.004026171993422694,0.003973774518126415,0.0101864533857485,0.0473916081964935,72,fitted,
2023-08-31,2023-07-31,ML Random Forest + VRP,Random Forest,equity_ret + bond_ret + log_rv_ann + log_iv_ann + vrp_proxy + log_iv_rv,6,0.33540563812536567,0,0,0.3611111111111111,-0.02792663694084122,0.19737373327537852,0.5987566171247807,0.4012433828752193,0.11631013451160932,-0.004751081048225666,-0.004867391182737275,-0.0089737970679788,0.0409065797422744,72,fitted,
2023-09-30,2023-08-31,ML Random Forest + VRP,Random Forest,equity_ret + bond_ret + log_rv_ann + log_iv_ann + vrp_proxy + log_iv_rv,6,0.19353040175932837,0,0,0.3611111111111111,-0.026612409178363838,0.19737373327537852,0.6838817589444031,0.31611824105559694,0.17025028363924477,-0.010815739055768622,-0.010985989339407866,-0.0155044856071422,0.039116430241608,72,fitted,
2023-10-31,2023-09-30,ML Random Forest + VRP,Random Forest,equity_ret + bond_ret + log_rv_ann + log_iv_ann + vrp_proxy + log_iv_rv,6,0.15650973876451535,0,0,0.3611111111111111,-0.026612409178363838,0.19737373327537852,0.7060941567412908,0.29390584325870917,0.044424795593775546,-0.010353007409181152,-0.010397432204774928,-0.0125825388379577,0.0516818403453746,72,fitted,
2023-11-30,2023-10-31,ML Random Forest + VRP,Random Forest,equity_ret + bond_ret + log_rv_ann + log_iv_ann + vrp_proxy + log_iv_rv,6,0.25861167491355835,0,0,0.3611111111111111,-0.026612409178363838,0.19737373327537852,0.644832995051865,0.355167004948135,0.12252232337885172,0.0014956388101684988,0.001373116486789647,-0.0008188777295246,0.0392966989771129,72,fitted,
2023-12-31,2023-11-30,ML Random Forest + VRP,Random Forest,equity_ret + bond_ret + log_rv_ann + log_iv_ann + vrp_proxy + log_iv_rv,6,0.33602894450371834,0,0,0.3611111111111111,-0.026612409178363838,0.19737373327537852,0.5983826332977691,0.4016173667022309,0.09290072350819178,0.062286084261835135,0.062193183538326945,0.0808246161992873,0.0695418014743718,72,fitted,
2024-01-31,2023-12-31,ML Random Forest + VRP,Random Forest,equity_ret + bond_ret + log_rv_ann + log_iv_ann + vrp_proxy + log_iv_rv,6,0.3757107440508355,0,0,0.3611111111111111,-0.026612409178363838,0.19737373327537852,0.5745735535694987,0.4254264464305013,0.0476181594565408,-0.009438631466493807,-0.009486249625950348,-0.0207930769821085,0.0739061400281641,72,fitted,
2024-02-29,2024-01-31,ML Random Forest + VRP,Random Forest,equity_ret + bond_ret + log_rv_ann + log_iv_ann + vrp_proxy + log_iv_rv,6,0.3643273193053039,0,0,0.3611111111111111,-0.026612409178363838,0.19737373327537852,0.5814036084168177,0.4185963915831823,0.013660109694638045,0.03796461902181169,0.03795095891211705,0.0684491583614437,0.0710634131786018,72,fitted,
2024-03-31,2024-02-29,ML Random Forest + VRP,Random Forest,equity_ret + bond_ret + log_rv_ann + log_iv_ann + vrp_proxy + log_iv_rv,6,0.3727826494765584,0,0,0.3611111111111111,-0.024338547841299456,0.19737373327537852,0.576330410314065,0.42366958968593504,0.010146396205505503,0.032761887983061753,0.032751741586856245,0.049901522808696,0.0475982938777777,72,fitted,
2024-04-30,2024-03-31,ML Random Forest + VRP,Random Forest,equity_ret + bond_ret + log_rv_ann + log_iv_ann + vrp_proxy + log_iv_rv,6,0.3944161194531046,0,0,0.3611111111111111,-0.024338547841299456,0.19737373327537852,0.5633503283281373,0.43664967167186275,0.02596016397185541,-0.0029846574582894506,-0.003010617622261306,-0.0056570935508506,0.0455031035282115,72,fitted,
2024-05-31,2024-04-30,ML Random Forest + VRP,Random Forest,equity_ret + bond_ret + log_rv_ann + log_iv_ann + vrp_proxy + log_iv_rv,6,0.20713207696449956,0,0,0.3611111111111111,-0.024338547841299456,0.19737373327537852,0.6757207538213004,0.32427924617869963,0.22474085098632623,0.010559824063416483,0.010335083212430157,0.0167830458835656,0.0273933170442783,72,fitted,
2024-06-30,2024-05-31,ML Random Forest + VRP,Random Forest,equity_ret + bond_ret + log_rv_ann + log_iv_ann + vrp_proxy + log_iv_rv,6,0.36277532082249553,0,0,0.3611111111111111,-0.024338547841299456,0.19737373327537852,0.5823348075065027,0.4176651924934973,0.18677189262959537,-0.002215780233200568,-0.002402552125830163,-0.000742282644639,0.0236814988852357,72,fitted,
2024-07-31,2024-06-30,ML Random Forest + VRP,Random Forest,equity_ret + bond_ret + log_rv_ann + log_iv_ann + vrp_proxy + log_iv_rv,6,0.3195216610700948,0,0,0.3611111111111111,-0.019735358707115232,0.19737373327537852,0.6082870033579431,0.39171299664205694,0.05190439170288075,-0.004268708863847271,-0.004320613255550151,-0.0115803161297599,0.0278732037519852,72,fitted,
2024-08-31,2024-07-31,ML Random Forest + VRP,Random Forest,equity_ret + bond_ret + log_rv_ann + log_iv_ann + vrp_proxy + log_iv_rv,6,0.3631980790908148,0,1,0.3611111111111111,-0.019735358707115232,0.19737373327537852,0.5820811525455111,0.41791884745448893,0.05241170162486397,-0.030295994392160946,-0.03034840609378581,-0.0617728346479099,0.0911844078850842,72,fitted,
2024-09-30,2024-08-31,ML Random Forest + VRP,Random Forest,equity_ret + bond_ret + log_rv_ann + log_iv_ann + vrp_proxy + log_iv_rv,6,0.39170769452755755,0,0,0.3611111111111111,-0.025726041463566093,0.19737373327537852,0.5649753832834655,0.4350246167165345,0.03421153852409109,0.02252638644196618,0.02249217490344209,0.0311304198678461,0.1457928228026169,72,fitted,
2024-10-31,2024-09-30,ML Random Forest + VRP,Random Forest,equity_ret + bond_ret + log_rv_ann + log_iv_ann + vrp_proxy + log_iv_rv,6,0.5329370802749539,1,0,0.3611111111111111,-0.019735358707115232,0.19737373327537852,0.4802377518350277,0.5197622481649723,0.16947526289687564,0.014923922919574393,0.014754447656677518,0.0324589045236365,0.1468704909168978,72,fitted,
2024-11-30,2024-10-31,ML Random Forest + VRP,Random Forest,equity_ret + bond_ret + log_rv_ann + log_iv_ann + vrp_proxy + log_iv_rv,6,0.4373420579417205,0,1,0.3611111111111111,-0.015220557783206377,0.19737373327537852,0.5375947652349677,0.46240523476503226,0.11471402679988008,-0.024110632871557788,-0.024225346898357668,-0.0453992904785968,0.1503492990097555,72,fitted,
2024-12-31,2024-11-30,ML Random Forest + VRP,Random Forest,equity_ret + bond_ret + log_rv_ann + log_iv_ann + vrp_proxy + log_iv_rv,6,0.4693354620233975,0,0,0.3611111111111111,-0.019735358707115232,0.19737373327537852,0.5183987227859616,0.48160127721403845,0.03839208489801238,0.031253039291018206,0.031214647206120192,0.046544631256673,0.0360630834838487,72,fitted,
2025-01-31,2024-12-31,ML Random Forest + VRP,Random Forest,equity_ret + bond_ret + log_rv_ann + log_iv_ann + vrp_proxy + log_iv_rv,6,0.4020040718557509,0,0,0.3611111111111111,-0.015220557783206377,0.19737373327537852,0.5587975568865494,0.4412024431134506,0.08079766820117573,-0.008406779714363294,-0.00848757738256447,0.0023622817657473,0.0247885078015251,72,fitted,
2025-02-28,2025-01-31,ML Random Forest + VRP,Random Forest,equity_ret + bond_ret + log_rv_ann + log_iv_ann + vrp_proxy + log_iv_rv,6,0.2585208190630644,0,0,0.3611111111111111,-0.015220557783206377,0.19737373327537852,0.6448875085621615,0.3551124914378385,0.17217990335122413,0.060009349911636006,0.059837170008284785,0.0860694753521582,0.0626712711363506,72,fitted,
2025-03-31,2025-02-28,ML Random Forest + VRP,Random Forest,equity_ret + bond_ret + log_rv_ann + log_iv_ann + vrp_proxy + log_iv_rv,6,0.4736008361276547,0,0,0.3611111111111111,-0.015220557783206377,0.19737373327537852,0.5158394983234071,0.48416050167659286,0.2580960204775087,-0.012733803480504555,-0.012991899500982063,-0.0085521595560056,0.0781737201066187,72,fitted,
2025-04-30,2025-03-31,ML Random Forest + VRP,Random Forest,equity_ret + bond_ret + log_rv_ann + log_iv_ann + vrp_proxy + log_iv_rv,6,0.4119749948312979,0,1,0.3611111111111111,-0.015220557783206377,0.19737373327537852,0.5528150031012213,0.44718499689877866,0.07395100955562839,-0.052704956321479986,-0.052778907331035615,-0.1067634090530582,0.1793633188674125,72,fitted,
2025-05-31,2025-04-30,ML Random Forest + VRP,Random Forest,equity_ret + bond_ret + log_rv_ann + log_iv_ann + vrp_proxy + log_iv_rv,6,0.6243060076289659,1,1,0.3611111111111111,-0.019735358707115232,0.19737373327537852,0.42541639542262044,0.5745836045773796,0.2547972153572018,0.05557645332223604,0.05532165610687884,0.1264050161118952,0.2577846268870902,72,fitted,
2025-06-30,2025-05-31,ML Random Forest + VRP,Random Forest,equity_ret + bond_ret + log_rv_ann + log_iv_ann + vrp_proxy + log_iv_rv,6,0.7262907545384337,1,1,0.3611111111111111,-0.015220557783206377,0.2028782537877414,0.3642255472769398,0.6357744527230602,0.12238169629136131,0.005898482671280351,0.00577610097498899,0.00014651081948,0.2308426790401719,72,fitted,
2025-07-31,2025-06-30,ML Random Forest + VRP,Random Forest,equity_ret + bond_ret + log_rv_ann + log_iv_ann + vrp_proxy + log_iv_rv,6,0.8017026556217293,1,0,0.3611111111111111,-0.015220557783206377,0.20491824771371225,0.3189784066269625,0.6810215933730375,0.09049428129995457,-0.0037980041629582283,-0.003888498444258183,-0.0017930007602416,0.1493033883768388,72,fitted,
2025-08-31,2025-07-31,ML Random Forest + VRP,Random Forest,equity_ret + bond_ret + log_rv_ann + log_iv_ann + vrp_proxy + log_iv_rv,6,0.581005840577439,1,0,0.3611111111111111,-0.015220557783206377,0.20491824771371225,0.4513964956535366,0.5486035043464634,0.2648361780531482,-0.0029494100424894455,-0.0032142462205425938,-0.0088251030555264,0.0281379367631093,72,fitted,
2025-09-30,2025-08-31,ML Random Forest + VRP,Random Forest,equity_ret + bond_ret + log_rv_ann + log_iv_ann + vrp_proxy + log_iv_rv,6,0.2883325141931186,0,0,0.3611111111111111,-0.013805425729411638,0.20491824771371225,0.627000491484129,0.37299950851587105,0.3512079916611847,0.007363215602466556,0.007012007610805371,0.0102586303689389,0.0260820029788217,72,fitted,
2025-10-31,2025-09-30,ML Random Forest + VRP,Random Forest,equity_ret + bond_ret + log_rv_ann + log_iv_ann + vrp_proxy + log_iv_rv,6,0.18533956473003638,0,0,0.3611111111111111,-0.013805425729411638,0.20491824771371225,0.6887962611619782,0.31120373883802177,0.12359153935569855,0.019688263112352597,0.0195646715729969,0.0260837374483409,0.0372170127061661,72,fitted,
2025-11-30,2025-10-31,ML Random Forest + VRP,Random Forest,equity_ret + bond_ret + log_rv_ann + log_iv_ann + vrp_proxy + log_iv_rv,6,0.22980718353198715,0,0,0.3611111111111111,-0.013784384957562018,0.20491824771371225,0.6621156898808077,0.3378843101191923,0.053361142562341035,0.031820322674819,0.03176696153225666,0.0462801361176319,0.0434625634835228,72,fitted,
2025-12-31,2025-11-30,ML Random Forest + VRP,Random Forest,equity_ret + bond_ret + log_rv_ann + log_iv_ann + vrp_proxy + log_iv_rv,6,0.16595505635776292,0,0,0.3611111111111111,-0.013784384957562018,0.20491824771371225,0.7004269661853422,0.29957303381465783,0.07662255260906892,-0.011017343113797463,-0.011093965666406533,-0.0115079539513099,0.0462365539373476,72,fitted,
2026-01-31,2025-12-31,ML Random Forest + VRP,Random Forest,equity_ret + bond_ret + log_rv_ann + log_iv_ann + vrp_proxy + log_iv_rv,6,0.2786854264706294,0,0,0.3611111111111111,-0.013784384957562018,0.20491824771371225,0.6327887441176224,0.3672112558823776,0.1352764441354395,0.024777792365493555,0.024642515921358115,0.0354606097261407,0.047185894866654,72,fitted,
2026-02-28,2026-01-31,ML Random Forest + VRP,Random Forest,equity_ret + bond_ret + log_rv_ann + log_iv_ann + vrp_proxy + log_iv_rv,6,0.19823936170116077,0,0,0.3611111111111111,-0.013784384957562018,0.20491824771371225,0.6810563829793036,0.3189436170206964,0.09653527772336234,0.009878576040546618,0.009782040762823256,0.0126325983056794,0.0481916911852781,72,fitted,
2026-03-31,2026-02-28,ML Random Forest + VRP,Random Forest,equity_ret + bond_ret + log_rv_ann + log_iv_ann + vrp_proxy + log_iv_rv,6,0.19270098918283649,0,1,0.3611111111111111,-0.013784384957562018,0.20491824771371225,0.684379406490298,0.31562059350970195,0.006646047021988899,-0.03268037721657623,-0.03268702326359822,-0.0464290485019482,0.0534549078400147,72,fitted,
2026-04-30,2026-03-31,ML Random Forest + VRP,Random Forest,equity_ret + bond_ret + log_rv_ann + log_iv_ann + vrp_proxy + log_iv_rv,6,0.45532421786327076,0,0,0.375,-0.013784384957562018,0.2028782537877414,0.5268054692820375,0.47319453071796247,0.31514787441652103,-0.006398193352805219,-0.00671334122722174,-0.004727362283284,0.0535888878229993,72,fitted,
2026-05-31,2026-04-30,ML Random Forest + VRP,Random Forest,equity_ret + bond_ret + log_rv_ann + log_iv_ann + vrp_proxy + log_iv_rv,6,0.4126966572497786,0,0,0.375,-0.013784384957562018,0.19737373327537852,0.552382005650133,0.44761799434986704,0.05115307273619085,0.03532420359255224,0.03527305051981605,0.0587174157732706,0.0715497098939358,72,fitted,
2026-06-30,2026-05-31,ML Random Forest + VRP,Random Forest,equity_ret + bond_ret + log_rv_ann + log_iv_ann + vrp_proxy + log_iv_rv,6,0.36268586204524955,0,0,0.375,-0.013784384957562018,0.1868117193295664,0.5823884827728503,0.41761151722714973,0.060012954245434624,0.0030655851882823316,0.003005572234036897,0.0057971110770131,0.0596109071575914,72,fitted,
2026-07-31,2026-06-30,ML Random Forest + VRP,Random Forest,equity_ret + bond_ret + log_rv_ann + log_iv_ann + vrp_proxy + log_iv_rv,6,0.2953350382351106,0,0,0.3611111111111111,-0.013784384957562018,0.1776268083597394,0.6227989770589337,0.3772010229410663,0.08082098857216691,0.026260783094635115,0.026179962106062948,0.0363621967699221,0.0746015252107158,72,fitted,
2015-09-30,2015-08-31,ML Gradient Boosting Base,Gradient Boosting,equity_ret + bond_ret + log_rv_ann + log_iv_ann,4,0.6306162589130548,1,1,0.3333333333333333,-0.039138686812436554,0.17734830506009946,0.4216302446521671,0.5783697553478329,1.0,-0.03857294152664735,-0.03957294152664735,-0.085084699613786,0.238243255816149,72,fitted,
2015-10-31,2015-09-30,ML Gradient Boosting Base,Gradient Boosting,equity_ret + bond_ret + log_rv_ann + log_iv_ann,4,0.8127339817294674,1,1,0.3194444444444444,-0.04125685610582278,0.17734830506009946,0.31235961096231957,0.6876403890376804,0.2185412673796951,0.009157908133069046,0.00893936686568935,0.0186296284780547,0.2124503847496051,72,fitted,
2015-11-30,2015-10-31,ML Gradient Boosting Base,Gradient Boosting,equity_ret + bond_ret + log_rv_ann + log_iv_ann,4,0.4469289933244145,0,1,0.3194444444444444,-0.04125685610582278,0.17734830506009946,0.5318426040053513,0.4681573959946487,0.4389659860860635,0.024588587663962116,0.024149621677876053,0.0432262411488284,0.199286770764137,72,fitted,
2015-12-31,2015-11-30,ML Gradient Boosting Base,Gradient Boosting,equity_ret + bond_ret + log_rv_ann + log_iv_ann,4,0.39411490898377416,0,1,0.3194444444444444,-0.04125685610582278,0.1818683923297215,0.5635310546097356,0.4364689453902644,0.0633769012087686,-0.028986190726474292,-0.02904956762768306,-0.0544587752438217,0.1165629505598818,72,fitted,
2016-03-31,2015-12-31,ML Gradient Boosting Base,Gradient Boosting,equity_ret + bond_ret + log_rv_ann + log_iv_ann,4,0.3091401905447037,0,1,0.3194444444444444,-0.04159916904096428,0.1818683923297215,0.6145158856731778,0.38548411432682217,0.10196966212688441,0.01651100157691257,0.016409031914785686,0.0238121153163179,0.1993434710798268,72,fitted,
2016-04-30,2016-03-31,ML Gradient Boosting Base,Gradient Boosting,equity_ret + bond_ret + log_rv_ann + log_iv_ann,4,0.8122223467187459,1,0,0.3333333333333333,-0.04159916904096428,0.1958653728346217,0.31266659196875246,0.6873334080312475,0.6036985874088507,0.00033151493515449614,-0.00027218365225435465,-0.0227851342852654,0.193588840985697,72,fitted,
2016-05-31,2016-04-30,ML Gradient Boosting Base,Gradient Boosting,equity_ret + bond_ret + log_rv_ann + log_iv_ann,4,0.6193858619737127,1,0,0.3333333333333333,-0.04125685610582278,0.19814718480844903,0.4283684828157724,0.5716315171842277,0.2314037816940398,0.007462319628506988,0.007230915846812948,0.0268582957161227,0.1810239335235844,72,fitted,
2016-06-30,2016-05-31,ML Gradient Boosting Base,Gradient Boosting,equity_ret + bond_ret + log_rv_ann + log_iv_ann,4,0.5460559231966119,1,0,0.3333333333333333,-0.04125685610582278,0.19814718480844903,0.4723664460820329,0.5276335539179671,0.08799592653252108,0.004892181772304847,0.004804185845772325,0.0020345319779446,0.1810275182397165,72,fitted,
2016-07-31,2016-06-30,ML Gradient Boosting Base,Gradient Boosting,equity_ret + bond_ret + log_rv_ann + log_iv_ann,4,0.28844430539951726,0,1,0.3333333333333333,-0.04125685610582278,0.19814718480844903,0.6269334167602897,0.3730665832397103,0.30913394135651356,-0.024757443057085254,-0.025066576998441767,-0.0512411139825313,0.2142269845827345,72,fitted,
2016-08-31,2016-07-31,ML Gradient Boosting Base,Gradient Boosting,equity_ret + bond_ret + log_rv_ann + log_iv_ann,4,0.9122137598513871,1,1,0.3333333333333333,-0.04125685610582278,0.19814718480844903,0.25267174408916776,0.7473282559108323,0.748523345342244,0.0040545489165557565,0.0033060255712135125,0.0082967130024573,0.2143105279851575,72,fitted,
2016-09-30,2016-08-31,ML Gradient Boosting Base,Gradient Boosting,equity_ret + bond_ret + log_rv_ann + log_iv_ann,4,0.8465716826455578,1,1,0.3472222222222222,-0.039138686812436554,0.19814718480844903,0.2920569904126653,0.7079430095873347,0.07877049264699515,0.017809730922664562,0.017730960430017567,0.0594293771977636,0.2542940759341728,72,fitted,
2016-12-31,2016-09-30,ML Gradient Boosting Base,Gradient Boosting,equity_ret + bond_ret + log_rv_ann + log_iv_ann,4,0.8695154647296263,1,1,0.3472222222222222,-0.039138686812436554,0.19814718480844903,0.27829072116222425,0.7217092788377757,0.027532538500882053,-0.006953825574315124,-0.0069813581128160065,0.0117308616132547,0.2264358220577079,72,fitted,
2017-01-31,2016-12-31,ML Gradient Boosting Base,Gradient Boosting,equity_ret + bond_ret + log_rv_ann + log_iv_ann,4,0.8154563433922244,1,1,0.3472222222222222,-0.039138686812436554,0.19933213101668884,0.3107261939646654,0.6892738060353346,0.06487094560488221,0.028553348307280055,0.028488477361675174,0.090069111087863,0.3190838438320685,72,fitted,
2017-02-28,2017-01-31,ML Gradient Boosting Base,Gradient Boosting,equity_ret + bond_ret + log_rv_ann + log_iv_ann,4,0.74853581699535,1,1,0.3472222222222222,-0.039138686812436554,0.20159483331923272,0.35087850980279,0.64912149019721,0.08030463167624924,-0.007798786790897275,-0.007879091422573524,-0.0048285128799836,0.2117248957589671,72,fitted,
2017-03-31,2017-02-28,ML Gradient Boosting Base,Gradient Boosting,equity_ret + bond_ret + log_rv_ann + log_iv_ann,4,0.4277782121937531,0,0,0.3472222222222222,-0.039138686812436554,0.20396247089832828,0.5433330726837482,0.4566669273162518,0.3849091257619164,0.021117257181938145,0.020732348056176228,0.0444657588234065,0.1397744607729905,72,fitted,
2017-04-30,2017-03-31,ML Gradient Boosting Base,Gradient Boosting,equity_ret + bond_ret + log_rv_ann + log_iv_ann,4,0.4813934733331438,0,0,0.3472222222222222,-0.039138686812436554,0.20396247089832828,0.5111639160001138,0.4888360839998862,0.0643383133672688,0.015275269122408772,0.015210930809041503,0.0152915284610737,0.026838141827396,72,fitted,
2017-05-31,2017-04-30,ML Gradient Boosting Base,Gradient Boosting,equity_ret + bond_ret + log_rv_ann + log_iv_ann,4,0.4211206712408087,0,0,0.3472222222222222,-0.039138686812436554,0.20396247089832828,0.5473275972555148,0.45267240274448517,0.07232736251080207,0.02614632899269935,0.026074001630188547,0.0487269776618131,0.0505076598014562,72,fitted,
2017-06-30,2017-05-31,ML Gradient Boosting Base,Gradient Boosting,equity_ret + bond_ret + log_rv_ann + log_iv_ann,4,0.21637946109597614,0,0,0.3472222222222222,-0.039138686812436554,0.20396247089832828,0.6701723233424144,0.3298276766575856,0.24568945217379912,-0.014103510905330805,-0.014349200357504604,-0.0257235885595024,0.0415530659489305,72,fitted,
2017-07-31,2017-06-30,ML Gradient Boosting Base,Gradient Boosting,equity_ret + bond_ret + log_rv_ann + log_iv_ann,4,0.06854870153405941,0,0,0.3472222222222222,-0.039138686812436554,0.20396247089832828,0.7588707790795645,0.24112922092043554,0.17739691147430015,-0.009032884178394788,-0.009210281089869089,-0.0081039436501151,0.0413694048537509,72,fitted,
2017-08-31,2017-07-31,ML Gradient Boosting Base,Gradient Boosting,equity_ret + bond_ret + log_rv_ann + log_iv_ann,4,0.06674334905721217,0,0,0.3472222222222222,-0.0350163094830188,0.20396247089832828,0.7599539905656728,0.2400460094343272,0.0021664229722166972,-0.020553886420514464,-0.02055605284348668,-0.0309766055658198,0.0277954860835847,72,fitted,
2017-09-30,2017-08-31,ML Gradient Boosting Base,Gradient Boosting,equity_ret + bond_ret + log_rv_ann + log_iv_ann,4,0.2071512793545243,0,0,0.3472222222222222,-0.0350163094830188,0.20396247089832828,0.6757092323872855,0.32429076761271447,0.16848951635677456,0.018105491629792275,0.0179370021134355,0.0260836708088783,0.0267739017087609,72,fitted,
2017-10-31,2017-09-30,ML Gradient Boosting Base,Gradient Boosting,equity_ret + bond_ret + log_rv_ann + log_iv_ann,4,0.0747008038814412,0,0,0.3472222222222222,-0.0350163094830188,0.20396247089832828,0.7551795176711353,0.24482048232886466,0.1589405705676996,0.022914050557373326,0.022755109986805626,0.0321012457270728,0.0309393883374153,72,fitted,
2017-11-30,2017-10-31,ML Gradient Boosting Base,Gradient Boosting,equity_ret + bond_ret + log_rv_ann + log_iv_ann,4,0.08241784440210054,0,0,0.3472222222222222,-0.033895692261528436,0.20396247089832828,0.7505492933587398,0.24945070664126023,0.00926044862479114,-0.0010834696257226344,-0.0010927300743474254,-0.0037783226150691,0.0385398529805913,72,fitted,
2017-12-31,2017-11-30,ML Gradient Boosting Base,Gradient Boosting,equity_ret + bond_ret + log_rv_ann + log_iv_ann,4,0.0771723698323394,0,0,0.3472222222222222,-0.033895692261528436,0.20396247089832828,0.7536965781005964,0.24630342189940357,0.006294569483713319,0.002877905355710558,0.0028716107862268446,0.001833758479341,0.032792270443252,72,fitted,
2018-01-31,2017-12-31,ML Gradient Boosting Base,Gradient Boosting,equity_ret + bond_ret + log_rv_ann + log_iv_ann,4,0.1828905431399572,0,0,0.3611111111111111,-0.03056184931653722,0.20159483331923272,0.6902656741160258,0.3097343258839742,0.12686180796914126,-0.004580231181933534,-0.004707092989902675,-0.0014193362543274,0.0483842570704571,72,fitted,
2018-02-28,2018-01-31,ML Gradient Boosting Base,Gradient Boosting,equity_ret + bond_ret + log_rv_ann + log_iv_ann,4,0.23159246324873026,0,1,0.375,-0.028266977167426,0.19933213101668884,0.6610445220507619,0.3389554779492381,0.058442304130527756,-0.04097176168416966,-0.041030203988300186,-0.0606190245987007,0.048475670166582,72,fitted,
2018-03-31,2018-02-28,ML Gradient Boosting Base,Gradient Boosting,equity_ret + bond_ret + log_rv_ann + log_iv_ann,4,0.3161739300000397,0,0,0.375,-0.03056184931653722,0.19814718480844903,0.6102956419999762,0.3897043580000238,0.10149776010157141,0.011471506012488749,0.011370008252387178,0.0154501912433664,0.042328151215129,72,fitted,
2018-04-30,2018-03-31,ML Gradient Boosting Base,Gradient Boosting,equity_ret + bond_ret + log_rv_ann + log_iv_ann,4,0.3217452551141151,0,0,0.375,-0.03056184931653722,0.1913070290118697,0.606952846931531,0.39304715306846905,0.006685590136890518,0.005101566369934882,0.005094880779797991,0.0042251275169695,0.0528805350904335,72,fitted,
2018-05-31,2018-04-30,ML Gradient Boosting Base,Gradient Boosting,equity_ret + bond_ret + log_rv_ann + log_iv_ann,4,0.6032788229863495,1,0,0.3611111111111111,-0.03056184931653722,0.1819493285411914,0.43803270620819035,0.5619672937918097,0.3378402814466812,0.014396964539187013,0.014059124257740332,0.0352935855603029,0.044122164842242,72,fitted,
2018-06-30,2018-05-31,ML Gradient Boosting Base,Gradient Boosting,equity_ret + bond_ret + log_rv_ann + log_iv_ann,4,0.5412113701971207,1,0,0.3611111111111111,-0.03056184931653722,0.1819493285411914,0.47527317788172757,0.5247268221182724,0.0744809433470745,-0.0181701216626761,-0.018244602606023175,-0.0252249155560972,0.0426956959936459,72,fitted,
2018-07-31,2018-06-30,ML Gradient Boosting Base,Gradient Boosting,equity_ret + bond_ret + log_rv_ann + log_iv_ann,4,0.7128055145387342,1,0,0.3611111111111111,-0.03056184931653722,0.1819493285411914,0.3723166912767595,0.6276833087232405,0.20591297320993623,0.0037622696401322666,0.0035563566669223304,-0.0086575728984089,0.0395476525110247,72,fitted,
2018-08-31,2018-07-31,ML Gradient Boosting Base,Gradient Boosting,equity_ret + bond_ret + log_rv_ann + log_iv_ann,4,0.44058783056712136,0,0,0.3611111111111111,-0.03056184931653722,0.1819493285411914,0.5356473016597272,0.4643526983402728,0.3266612207659354,-0.0037561553095348662,-0.004082816530300802,-0.0055753930477079,0.0314738547115443,72,fitted,
2018-09-30,2018-08-31,ML Gradient Boosting Base,Gradient Boosting,equity_ret + bond_ret + log_rv_ann + log_iv_ann,4,0.4170681583979589,0,1,0.3611111111111111,-0.028266977167426,0.1819493285411914,0.5497591049612246,0.4502408950387754,0.028223606602994833,-0.020035593356824397,-0.02006381696342739,-0.0334532251326292,0.0274818107195285,72,fitted,
2018-10-31,2018-09-30,ML Gradient Boosting Base,Gradient Boosting,equity_ret + bond_ret + log_rv_ann + log_iv_ann,4,0.1151239892480384,0,1,0.3611111111111111,-0.028266977167426,0.1819493285411914,0.7309256064511769,0.2690743935488231,0.36233300297990456,-0.028568665234313805,-0.02893099823729371,-0.0354052055802183,0.0373719218139833,72,fitted,
2018-11-30,2018-10-31,ML Gradient Boosting Base,Gradient Boosting,equity_ret + bond_ret + log_rv_ann + log_iv_ann,4,0.7109643286755537,1,0,0.375,-0.028266977167426,0.18102680129649007,0.3734214027946678,0.6265785972053322,0.7150084073130181,0.0030724520188293923,0.0023574436115163743,-0.0001032534939002,0.0384106237566746,72,fitted,
2018-12-31,2018-11-30,ML Gradient Boosting Base,Gradient Boosting,equity_ret + bond_ret + log_rv_ann + log_iv_ann,4,0.6830806601272097,1,0,0.375,-0.028266977167426,0.18094371425534092,0.3901516039236742,0.6098483960763258,0.03346040225801278,-0.006790198374600355,-0.006823658776858367,-0.0269592825839305,0.0630481651869297,72,fitted,
2019-01-31,2018-12-31,ML Gradient Boosting Base,Gradient Boosting,equity_ret + bond_ret + log_rv_ann + log_iv_ann,4,0.21193380079332805,0,0,0.375,-0.02851411597231162,0.17734830506009946,0.6728397195240032,0.32716028047599677,0.565376231200658,-0.007204000123349779,-0.0077693763545504365,-0.0122040856244322,0.0899505509701786,72,fitted,
2019-02-28,2019-01-31,ML Gradient Boosting Base,Gradient Boosting,equity_ret + bond_ret + log_rv_ann + log_iv_ann,4,0.04839243154711331,0,0,0.375,-0.02851411597231162,0.17734830506009946,0.7709645410717321,0.22903545892826793,0.19624964309545767,0.03229841969881695,0.032102170055721496,0.0393186927211415,0.1027997660392212,72,fitted,
2019-03-31,2019-02-28,ML Gradient Boosting Base,Gradient Boosting,equity_ret + bond_ret + log_rv_ann + log_iv_ann,4,0.10303694269225606,0,0,0.375,-0.026712143779044878,0.17734830506009946,0.7381778343846465,0.26182216561535354,0.06557341337417122,0.028309767987266428,0.028244194573892257,0.0354775369965916,0.0913299563139267,72,fitted,
2019-04-30,2019-03-31,ML Gradient Boosting Base,Gradient Boosting,equity_ret + bond_ret + log_rv_ann + log_iv_ann,4,0.10297995175369523,0,0,0.375,-0.026712143779044878,0.17734830506009946,0.7382120289477828,0.2617879710522172,6.838912627271654e-05,0.034015230451606183,0.03401516206247991,0.0435479135820724,0.0514406814597425,72,fitted,
2019-05-31,2019-04-30,ML Gradient Boosting Base,Gradient Boosting,equity_ret + bond_ret + log_rv_ann + log_iv_ann,4,0.07538164325515545,0,1,0.375,-0.026712143779044878,0.17734830506009946,0.7547710140469068,0.24522898595309317,0.033117970198248026,-0.020462092500469625,-0.020495210470667873,-0.0281684755300689,0.0428730592917657,72,fitted,
2019-06-30,2019-05-31,ML Gradient Boosting Base,Gradient Boosting,equity_ret + bond_ret + log_rv_ann + log_iv_ann,4,0.2660287561212706,0,0,0.375,-0.02792663694084122,0.17734830506009946,0.6403827463272376,0.3596172536727624,0.2287765354393385,0.012235027038515273,0.012006250503075935,0.0107200928441295,0.0312228560914626,72,fitted,
2019-07-31,2019-06-30,ML Gradient Boosting Base,Gradient Boosting,equity_ret + bond_ret + log_rv_ann + log_iv_ann,4,0.23797593859794214,0,0,0.375,-0.02792663694084122,0.17734830506009946,0.6572144368412347,0.3427855631587653,0.033663381027994266,0.02529941881398525,0.025265755432957258,0.0325102244609072,0.0356824711357968,72,fitted,
2019-08-31,2019-07-31,ML Gradient Boosting Base,Gradient Boosting,equity_ret + bond_ret + log_rv_ann + log_iv_ann,4,0.23748039053459769,0,1,0.375,-0.02792663694084122,0.17734830506009946,0.6575117656792415,0.3424882343207585,0.0005946576760136324,-0.015775949215602228,-0.015776543873278242,-0.0347038800061944,0.0576066691497176,72,fitted,
2019-09-30,2019-08-31,ML Gradient Boosting Base,Gradient Boosting,equity_ret + bond_ret + log_rv_ann + log_iv_ann,4,0.26768403899054866,0,0,0.375,-0.02792663694084122,0.17734830506009946,0.6393895766056709,0.36061042339432914,0.03624437814714132,0.0320055321691645,0.031969287791017355,0.0484331335390779,0.0557517645539162,72,fitted,
2019-10-31,2019-09-30,ML Gradient Boosting Base,Gradient Boosting,equity_ret + bond_ret + log_rv_ann + log_iv_ann,4,0.24570942011440774,0,0,0.375,-0.02792663694084122,0.17734830506009946,0.6525743479313554,0.3474256520686446,0.026369542651369038,-0.009249861295289982,-0.00927623083794135,-0.0126877426972058,0.0540597880257949,72,fitted,
2019-11-30,2019-10-31,ML Gradient Boosting Base,Gradient Boosting,equity_ret + bond_ret + log_rv_ann + log_iv_ann,4,0.2285775138152297,0,0,0.375,-0.026712143779044878,0.17734830506009946,0.6628534917108622,0.33714650828913784,0.020558287559013566,0.03665654990342279,0.036635991615863776,0.0624620753169182,0.0583813006187289,72,fitted,
2019-12-31,2019-11-30,ML Gradient Boosting Base,Gradient Boosting,equity_ret + bond_ret + log_rv_ann + log_iv_ann,4,0.23148283361741387,0,0,0.375,-0.026712143779044878,0.17734830506009946,0.6611102998295518,0.33888970017044817,0.0034863837626206706,-0.0005605421343442489,-0.0005640285181068695,-0.0015758454804618,0.0381458968124907,72,fitted,
2020-01-31,2019-12-31,ML Gradient Boosting Base,Gradient Boosting,equity_ret + bond_ret + log_rv_ann + log_iv_ann,4,0.3038353300296221,0,0,0.375,-0.026712143779044878,0.17734830506009946,0.6176988019822267,0.3823011980177733,0.08682299569465024,0.013379091752628145,0.013292268756933494,0.0224398450452896,0.0391153580316663,72,fitted,
2020-02-29,2020-01-31,ML Gradient Boosting Base,Gradient Boosting,equity_ret + bond_ret + log_rv_ann + log_iv_ann,4,0.707593384596244,1,0,0.375,-0.026712143779044878,0.17734830506009946,0.37544396924225365,0.6245560307577463,0.4845096654799461,0.01589692992742247,0.015412420261942523,0.0171287951441945,0.0391471244686928,72,fitted,
2020-03-31,2020-02-29,ML Gradient Boosting Base,Gradient Boosting,equity_ret + bond_ret + log_rv_ann + log_iv_ann,4,0.5091923922217121,1,1,0.375,-0.026712143779044878,0.17734830506009946,0.49448456466697277,0.5055154353330272,0.23808119084943824,-0.16925788017249732,-0.16949596136334677,-0.3396611105639215,0.6261785661694548,72,fitted,
2020-04-30,2020-03-31,ML Gradient Boosting Base,Gradient Boosting,equity_ret + bond_ret + log_rv_ann + log_iv_ann,4,0.8645787252357071,1,1,0.3611111111111111,-0.02792663694084122,0.18094371425534092,0.28125276485857575,0.7187472351414242,0.42646359961679403,0.020875537981997136,0.02044907438238034,0.1365534986075169,0.6960988327427069,72,fitted,
2020-05-31,2020-04-30,ML Gradient Boosting Base,Gradient Boosting,equity_ret + bond_ret + log_rv_ann + log_iv_ann,4,0.9195108994412775,1,1,0.3611111111111111,-0.026712143779044878,0.18102680129649007,0.24829346033523353,0.7517065396647664,0.0659186090466844,0.0009707682940445725,0.0009048496849978882,-0.0031250242639212,0.685069415593999,72,fitted,
2020-06-30,2020-05-31,ML Gradient Boosting Base,Gradient Boosting,equity_ret + bond_ret + log_rv_ann + log_iv_ann,4,0.9419765146026934,1,1,0.3611111111111111,-0.026712143779044878,0.19107657643650097,0.23481409123838398,0.765185908761616,0.026958738193699094,0.02918992883948454,0.029162970101290844,0.0904447571250541,0.5924640544289772,72,fitted,
2020-07-31,2020-06-30,ML Gradient Boosting Base,Gradient Boosting,equity_ret + bond_ret + log_rv_ann + log_iv_ann,4,0.9348828847503424,1,1,0.3611111111111111,-0.026712143779044878,0.19814718480844903,0.23907026914979457,0.7609297308502054,0.008512355822821116,0.02074088844752621,0.020732376091703388,0.0482259574590655,0.22881979648679,72,fitted,
2020-08-31,2020-07-31,ML Gradient Boosting Base,Gradient Boosting,equity_ret + bond_ret + log_rv_ann + log_iv_ann,4,0.9399632557844061,1,1,0.3611111111111111,-0.026712143779044878,0.19933213101668884,0.23602204652935638,0.7639779534706437,0.006096445240876436,0.009085754531642596,0.00907965808640172,0.0203141663883605,0.2052201498167803,72,fitted,
2020-09-30,2020-08-31,ML Gradient Boosting Base,Gradient Boosting,equity_ret + bond_ret + log_rv_ann + log_iv_ann,4,0.37586993587658046,0,0,0.3611111111111111,-0.026712143779044878,0.20339963033847683,0.5744780384740518,0.42552196152594823,0.6769119838893909,-0.007527412904047011,-0.008204324887936402,-0.0140848464874631,0.0820138272830166,72,fitted,
2020-10-31,2020-09-30,ML Gradient Boosting Base,Gradient Boosting,equity_ret + bond_ret + log_rv_ann + log_iv_ann,4,0.31466152110865414,0,0,0.3611111111111111,-0.026712143779044878,0.20339963033847683,0.6112030873348075,0.38879691266519245,0.07345009772151156,9.95435744564387e-05,2.6093476734927125e-05,-0.005335028573305,0.0512358756615979,72,fitted,
2020-11-30,2020-10-31,ML Gradient Boosting Base,Gradient Boosting,equity_ret + bond_ret + log_rv_ann + log_iv_ann,4,0.65243390861428,1,1,0.3611111111111111,-0.026712143779044878,0.20339963033847683,0.408539654831432,0.591460345168568,0.40532686500675114,0.01684359706745101,0.016438270202444257,0.0394405992997313,0.20371063930144,72,fitted,
2020-12-31,2020-11-30,ML Gradient Boosting Base,Gradient Boosting,equity_ret + bond_ret + log_rv_ann + log_iv_ann,4,0.5859249277958695,1,0,0.3611111111111111,-0.02562385395882136,0.20427306398279946,0.44844504332247836,0.5515549566775216,0.07981077698209277,0.012685534254032866,0.012605723477050773,0.0168135282479793,0.1995487117329469,72,fitted,
2021-01-31,2020-12-31,ML Gradient Boosting Base,Gradient Boosting,equity_ret + bond_ret + log_rv_ann + log_iv_ann,4,0.23301642990441845,0,0,0.3611111111111111,-0.024736959301930837,0.20427306398279946,0.660190142057349,0.33980985794265095,0.42349019746974137,0.020959134952174923,0.020535644754705182,0.0362293713244592,0.1886738194451048,72,fitted,
2021-02-28,2021-01-31,ML Gradient Boosting Base,Gradient Boosting,equity_ret + bond_ret + log_rv_ann + log_iv_ann,4,0.5963652635761243,1,0,0.3611111111111111,-0.024736959301930837,0.20427306398279946,0.44218084185432543,0.5578191581456746,0.4360186004060473,0.008451751543886563,0.008015732943480515,0.0231110805307961,0.0898000407082918,72,fitted,
2021-03-31,2021-02-28,ML Gradient Boosting Base,Gradient Boosting,equity_ret + bond_ret + log_rv_ann + log_iv_ann,4,0.5003614224666741,1,0,0.3611111111111111,-0.022228758665688117,0.20427306398279946,0.49978314651999556,0.5002168534800044,0.1152046093313403,0.013395710329447781,0.013280505720116442,0.0372739536899082,0.0267005559612106,72,fitted,
2021-04-30,2021-03-31,ML Gradient Boosting Base,Gradient Boosting,equity_ret + bond_ret + log_rv_ann + log_iv_ann,4,0.7660880723397351,1,0,0.3611111111111111,-0.022228758665688117,0.20427306398279946,0.340347156596159,0.659652843403841,0.3188719798476731,0.013653309086419943,0.01333443710657227,0.0376875552138742,0.0374479910922146,72,fitted,
2021-05-31,2021-04-30,ML Gradient Boosting Base,Gradient Boosting,equity_ret + bond_ret + log_rv_ann + log_iv_ann,4,0.6486918376105284,1,0,0.3611111111111111,-0.022228758665688117,0.20427306398279946,0.41078489743368296,0.589215102566317,0.14087548167504793,-0.010562463339049767,-0.010703338820724814,-0.007986771407346,0.033252845739336,72,fitted,
2021-06-30,2021-05-31,ML Gradient Boosting Base,Gradient Boosting,equity_ret + bond_ret + log_rv_ann + log_iv_ann,4,0.5331034932361121,1,0,0.3611111111111111,-0.022228758665688117,0.20427306398279946,0.4801379040583328,0.5198620959416672,0.13870601324929965,0.02175192606581303,0.02161322005256373,0.03801507412395,0.0416415059371039,72,fitted,
2021-07-31,2021-06-30,ML Gradient Boosting Base,Gradient Boosting,equity_ret + bond_ret + log_rv_ann + log_iv_ann,4,0.5642254404877591,1,0,0.3611111111111111,-0.022228758665688117,0.20427306398279946,0.46146473570734453,0.5385352642926555,0.03734633670197657,0.002365940894610564,0.0023285945579085876,-0.0006567127811994,0.0400979050478682,72,fitted,
2021-08-31,2021-07-31,ML Gradient Boosting Base,Gradient Boosting,equity_ret + bond_ret + log_rv_ann + log_iv_ann,4,0.5156708582940291,1,0,0.3611111111111111,-0.022228758665688117,0.20427306398279946,0.4905974850235825,0.5094025149764174,0.0582654986324761,0.021925169104324165,0.021866903605691688,0.0324793200530295,0.0199671051065084,72,fitted,
2021-09-30,2021-08-31,ML Gradient Boosting Base,Gradient Boosting,equity_ret + bond_ret + log_rv_ann + log_iv_ann,4,0.5424100290791657,1,0,0.3611111111111111,-0.022228758665688117,0.20427306398279946,0.4745539825525006,0.5254460174474994,0.03208700494216393,-0.009885781432847473,-0.009917868437789636,-0.0116460886712347,0.0056608717122773,72,fitted,
2021-10-31,2021-09-30,ML Gradient Boosting Base,Gradient Boosting,equity_ret + bond_ret + log_rv_ann + log_iv_ann,4,0.6335319453771576,1,1,0.375,-0.018819574247395814,0.2028782537877414,0.4198808327737054,0.5801191672262946,0.1093462995575904,-0.021834983811777557,-0.021944330111335147,-0.0292115312702775,0.01468795822287,72,fitted,
2021-11-30,2021-10-31,ML Gradient Boosting Base,Gradient Boosting,equity_ret + bond_ret + log_rv_ann + log_iv_ann,4,0.3929941152493645,0,0,0.375,-0.02104507672570493,0.2028782537877414,0.5642035308503812,0.4357964691496188,0.28864539615335166,0.046233065362694545,0.045944419966541195,0.0746986886959502,0.0507828908660839,72,fitted,
2021-12-31,2021-11-30,ML Gradient Boosting Base,Gradient Boosting,equity_ret + bond_ret + log_rv_ann + log_iv_ann,4,0.6110504653641784,1,1,0.375,-0.02104507672570493,0.2028782537877414,0.433369720781493,0.566630279218507,0.2616676201377764,-0.012761045174643285,-0.013022712794781061,-0.0364478760325837,0.1025522841544392,72,fitted,
2022-01-31,2021-12-31,ML Gradient Boosting Base,Gradient Boosting,equity_ret + bond_ret + log_rv_ann + log_iv_ann,4,0.19373369154630327,0,0,0.375,-0.024736959301930837,0.2028782537877414,0.6837597850722181,0.31624021492778187,0.5007801285814502,0.013044461825281432,0.012543681696699982,0.0279174825695243,0.1061573024259542,72,fitted,
2022-02-28,2022-01-31,ML Gradient Boosting Base,Gradient Boosting,equity_ret + bond_ret + log_rv_ann + log_iv_ann,4,0.3388244730661694,0,1,0.3888888888888889,-0.02104507672570493,0.19950766360232286,0.5967053161602984,0.4032946838397016,0.1741089378238394,-0.03562790047891205,-0.03580200941673589,-0.0373367909631336,0.0865246762476978,72,fitted,
2022-03-31,2022-02-28,ML Gradient Boosting Base,Gradient Boosting,equity_ret + bond_ret + log_rv_ann + log_iv_ann,4,0.19503448037980656,0,1,0.3888888888888889,-0.024736959301930837,0.19933213101668884,0.6829793117721161,0.3170206882278839,0.1725479912236354,-0.07802081868259492,-0.07819336667381856,-0.1127374305089676,0.2561278421728654,72,fitted,
2022-04-30,2022-03-31,ML Gradient Boosting Base,Gradient Boosting,equity_ret + bond_ret + log_rv_ann + log_iv_ann,4,0.865133523702488,1,1,0.375,-0.02562385395882136,0.19950766360232286,0.28091988577850724,0.7190801142214928,0.8041188519872178,-0.012002957350849955,-0.012807076202837173,0.0414562536077787,0.2747307422393871,72,fitted,
2022-05-31,2022-04-30,ML Gradient Boosting Base,Gradient Boosting,equity_ret + bond_ret + log_rv_ann + log_iv_ann,4,0.9462851534219947,1,1,0.375,-0.024736959301930837,0.2028782537877414,0.23222890794680318,0.7677710920531968,0.09738195566340813,-0.022449411797006904,-0.02254679375267031,-0.058909521943165,0.3085079239302221,72,fitted,
2022-06-30,2022-05-31,ML Gradient Boosting Base,Gradient Boosting,equity_ret + bond_ret + log_rv_ann + log_iv_ann,4,0.9599281921160068,1,1,0.3611111111111111,-0.02562385395882136,0.20491824771371225,0.22404308473039597,0.775956915269604,0.016371646432814357,-0.037684917595333836,-0.03770128924176665,-0.0039380811965237,0.3388890657620975,72,fitted,
2022-07-31,2022-06-30,ML Gradient Boosting Base,Gradient Boosting,equity_ret + bond_ret + log_rv_ann + log_iv_ann,4,0.9427155126572013,1,1,0.3611111111111111,-0.02562385395882136,0.21042394657052976,0.2343706924056792,0.7656293075943208,0.020655215350566414,0.012036735596447096,0.01201608038109653,-0.0311596754459931,0.1706807663290468,72,fitted,
2022-08-31,2022-07-31,ML Gradient Boosting Base,Gradient Boosting,equity_ret + bond_ret + log_rv_ann + log_iv_ann,4,0.44689178324026874,0,0,0.3611111111111111,-0.026712143779044878,0.21042394657052976,0.5318649300558387,0.4681350699441613,0.594988475300319,0.05003712926062018,0.04944214078531986,0.0830960283644346,0.1418416885740734,72,fitted,
2022-09-30,2022-08-31,ML Gradient Boosting Base,Gradient Boosting,equity_ret + bond_ret + log_rv_ann + log_iv_ann,4,0.30191442038920124,0,1,0.3611111111111111,-0.026712143779044878,0.21042394657052976,0.6188513477664792,0.3811486522335208,0.17397283542128106,-0.038078330400897115,-0.0382523032363184,-0.0345000269557216,0.1500344624823598,72,fitted,
2022-10-31,2022-09-30,ML Gradient Boosting Base,Gradient Boosting,equity_ret + bond_ret + log_rv_ann + log_iv_ann,4,0.5961310963357607,1,1,0.375,-0.026712143779044878,0.20491824771371225,0.44232134219854363,0.5576786578014563,0.3530600111358711,-0.062068002322246345,-0.06242106233338222,-0.0839597070320542,0.2166304099760133,72,fitted,
2022-11-30,2022-10-31,ML Gradient Boosting Base,Gradient Boosting,equity_ret + bond_ret + log_rv_ann + log_iv_ann,4,0.9707351347327743,1,1,0.3611111111111111,-0.02792663694084122,0.20491824771371225,0.21755891916033543,0.7824410808396646,0.44952484607641646,0.048441027127566406,0.04799150228148999,0.1581121400161993,0.2870610773444056,72,fitted,
2022-12-31,2022-11-30,ML Gradient Boosting Base,Gradient Boosting,equity_ret + bond_ret + log_rv_ann + log_iv_ann,4,0.9697715874913515,1,1,0.3611111111111111,-0.02792663694084122,0.20491824771371225,0.21813704750518909,0.7818629524948109,0.001156256689707369,0.021978704709612124,0.021977548452922418,0.0137831377431498,0.246452643289683,72,fitted,
2023-01-31,2022-12-31,ML Gradient Boosting Base,Gradient Boosting,equity_ret + bond_ret + log_rv_ann + log_iv_ann,4,0.8413754295974119,1,0,0.3611111111111111,-0.02792663694084122,0.20491824771371225,0.29517474224155293,0.7048252577584471,0.15407538947272764,0.00559232338318617,0.0054382479937134425,0.0522359781558194,0.153399759564035,72,fitted,
2023-02-28,2023-01-31,ML Gradient Boosting Base,Gradient Boosting,equity_ret + bond_ret + log_rv_ann + log_iv_ann,4,0.3560799488357763,0,0,0.3611111111111111,-0.02792663694084122,0.2028782537877414,0.5863520306985343,0.41364796930146575,0.5823545769139626,0.006926442532663137,0.006344087955749174,0.0172680611507551,0.0491939514786028,72,fitted,
2023-03-31,2023-02-28,ML Gradient Boosting Base,Gradient Boosting,equity_ret + bond_ret + log_rv_ann + log_iv_ann,4,0.591752074008682,1,0,0.3611111111111111,-0.02792663694084122,0.19737373327537852,0.4449487555947908,0.5550512444052091,0.28280655020748685,-0.001399382555544212,-0.0016821891057516988,0.0075250823477521,0.0320476441231087,72,fitted,
2023-04-30,2023-03-31,ML Gradient Boosting Base,Gradient Boosting,equity_ret + bond_ret + log_rv_ann + log_iv_ann,4,0.43228181101064644,0,0,0.3611111111111111,-0.02792663694084122,0.19737373327537852,0.5406309133936121,0.45936908660638787,0.1913643155976426,0.016792202135687124,0.016600837820089483,0.0247072382293531,0.0365561602926632,72,fitted,
2023-05-31,2023-04-30,ML Gradient Boosting Base,Gradient Boosting,equity_ret + bond_ret + log_rv_ann + log_iv_ann,4,0.30903251456760467,0,0,0.3611111111111111,-0.02792663694084122,0.19737373327537852,0.6145804912594373,0.38541950874056274,0.14789915573165024,-8.977961568435062e-05,-0.00023767877141600089,-0.0037263016509628,0.0219755313942162,72,fitted,
2023-06-30,2023-05-31,ML Gradient Boosting Base,Gradient Boosting,equity_ret + bond_ret + log_rv_ann + log_iv_ann,4,0.21743594809435993,0,0,0.3611111111111111,-0.02792663694084122,0.19737373327537852,0.6695384311433841,0.33046156885661593,0.10991587976789363,-0.0006843987657965503,-0.000794314645564444,-0.0003218358257327,0.0209168767684267,72,fitted,
2023-07-31,2023-06-30,ML Gradient Boosting Base,Gradient Boosting,equity_ret + bond_ret + log_rv_ann + log_iv_ann,4,0.1335127688188361,0,0,0.3611111111111111,-0.02792663694084122,0.19737373327537852,0.7198923387086983,0.2801076612913017,0.10070781513062843,0.00515701363177321,0.005056305816642582,0.0101864533857485,0.0473916081964935,72,fitted,
2023-08-31,2023-07-31,ML Gradient Boosting Base,Gradient Boosting,equity_ret + bond_ret + log_rv_ann + log_iv_ann,4,0.17615298335806773,0,0,0.3611111111111111,-0.02792663694084122,0.19737373327537852,0.6943082099851594,0.3056917900148406,0.05116825744707776,-0.005756673312434866,-0.005807841569881943,-0.0089737970679788,0.0409065797422744,72,fitted,
2023-09-30,2023-08-31,ML Gradient Boosting Base,Gradient Boosting,equity_ret + bond_ret + log_rv_ann + log_iv_ann,4,0.12557817068068614,0,0,0.3611111111111111,-0.026612409178363838,0.19737373327537852,0.7246530975915885,0.27534690240841153,0.06068977521285812,-0.011420469971765506,-0.011481159746978364,-0.0155044856071422,0.039116430241608,72,fitted,
2023-10-31,2023-09-30,ML Gradient Boosting Base,Gradient Boosting,equity_ret + bond_ret + log_rv_ann + log_iv_ann,4,0.10116099411779596,0,0,0.3611111111111111,-0.026612409178363838,0.19737373327537852,0.7393034035293224,0.26069659647067756,0.029300611875467952,-0.010604928427895769,-0.010634229039771237,-0.0125825388379577,0.0516818403453746,72,fitted,
2023-11-30,2023-10-31,ML Gradient Boosting Base,Gradient Boosting,equity_ret + bond_ret + log_rv_ann + log_iv_ann,4,0.14903634904904797,0,0,0.3611111111111111,-0.026612409178363838,0.19737373327537852,0.7105781905705714,0.28942180942942863,0.05745042591750216,0.0010671971466315842,0.0010097467207140821,-0.0008188777295246,0.0392966989771129,72,fitted,
2023-12-31,2023-11-30,ML Gradient Boosting Base,Gradient Boosting,equity_ret + bond_ret + log_rv_ann + log_iv_ann,4,0.24574870237962673,0,0,0.3611111111111111,-0.026612409178363838,0.19737373327537852,0.652550778572224,0.347449221427776,0.11605482399669476,0.06478646889263116,0.06467041406863447,0.0808246161992873,0.0695418014743718,72,fitted,
2024-01-31,2023-12-31,ML Gradient Boosting Base,Gradient Boosting,equity_ret + bond_ret + log_rv_ann + log_iv_ann,4,0.530013557472018,1,0,0.3611111111111111,-0.026612409178363838,0.19737373327537852,0.48199186551678924,0.5180081344832108,0.34111782611086955,-0.0069676667637626295,-0.0073087845898734995,-0.0207930769821085,0.0739061400281641,72,fitted,
2024-02-29,2024-01-31,ML Gradient Boosting Base,Gradient Boosting,equity_ret + bond_ret + log_rv_ann + log_iv_ann,4,0.3335859313245353,0,0,0.3611111111111111,-0.026612409178363838,0.19737373327537852,0.5998484412052789,0.4001515587947211,0.2357131513769794,0.03930787529935904,0.03907216214798206,0.0684491583614437,0.0710634131786018,72,fitted,
2024-03-31,2024-02-29,ML Gradient Boosting Base,Gradient Boosting,equity_ret + bond_ret + log_rv_ann + log_iv_ann,4,0.5220485595982862,1,0,0.3611111111111111,-0.024338547841299456,0.19737373327537852,0.4867708642410283,0.5132291357589718,0.22615515392850133,0.029138739302555047,0.028912584148626547,0.049901522808696,0.0475982938777777,72,fitted,
2024-04-30,2024-03-31,ML Gradient Boosting Base,Gradient Boosting,equity_ret + bond_ret + log_rv_ann + log_iv_ann,4,0.7033238734178525,1,0,0.3611111111111111,-0.024338547841299456,0.19737373327537852,0.37800567594928847,0.6219943240507115,0.21753037658347957,-0.0018502887166757759,-0.0020678190932592556,-0.0056570935508506,0.0455031035282115,72,fitted,
2024-05-31,2024-04-30,ML Gradient Boosting Base,Gradient Boosting,equity_ret + bond_ret + log_rv_ann + log_iv_ann,4,0.21320924646498432,0,0,0.3611111111111111,-0.024338547841299456,0.19737373327537852,0.6720744521210095,0.32792554787899053,0.588137552343442,0.010489848125790204,0.009901710573446762,0.0167830458835656,0.0273933170442783,72,fitted,
2024-06-30,2024-05-31,ML Gradient Boosting Base,Gradient Boosting,equity_ret + bond_ret + log_rv_ann + log_iv_ann,4,0.2695617583509028,0,0,0.3611111111111111,-0.024338547841299456,0.19737373327537852,0.6382629449894583,0.36173705501054165,0.06762301426310224,-0.0020184691400211715,-0.0020860921542842736,-0.000742282644639,0.0236814988852357,72,fitted,
2024-07-31,2024-06-30,ML Gradient Boosting Base,Gradient Boosting,equity_ret + bond_ret + log_rv_ann + log_iv_ann,4,0.33277963627204477,0,0,0.3611111111111111,-0.019735358707115232,0.19737373327537852,0.6003322182367732,0.3996677817632268,0.07586145350537032,-0.004120227028449127,-0.004196088481954498,-0.0115803161297599,0.0278732037519852,72,fitted,
2024-08-31,2024-07-31,ML Gradient Boosting Base,Gradient Boosting,equity_ret + bond_ret + log_rv_ann + log_iv_ann,4,0.4412258603332255,0,1,0.3611111111111111,-0.019735358707115232,0.19737373327537852,0.5352644838000646,0.46473551619993536,0.1301354688734171,-0.02676985334257067,-0.026899988811444085,-0.0617728346479099,0.0911844078850842,72,fitted,
2024-09-30,2024-08-31,ML Gradient Boosting Base,Gradient Boosting,equity_ret + bond_ret + log_rv_ann + log_iv_ann,4,0.6033072865203641,1,0,0.3611111111111111,-0.025726041463566093,0.19737373327537852,0.43801562808778155,0.5619843719122184,0.19449771142456612,0.02001534238728688,0.019820844675862315,0.0311304198678461,0.1457928228026169,72,fitted,
2024-10-31,2024-09-30,ML Gradient Boosting Base,Gradient Boosting,equity_ret + bond_ret + log_rv_ann + log_iv_ann,4,0.3271935331387792,0,0,0.3611111111111111,-0.019735358707115232,0.19737373327537852,0.6036838801167326,0.3963161198832674,0.331336504057902,0.019088568574688103,0.018757232070630202,0.0324589045236365,0.1468704909168978,72,fitted,
2024-11-30,2024-10-31,ML Gradient Boosting Base,Gradient Boosting,equity_ret + bond_ret + log_rv_ann + log_iv_ann,4,0.13445576931477107,0,1,0.3611111111111111,-0.015220557783206377,0.19737373327537852,0.7193265384111375,0.2806734615888625,0.2312853165888098,-0.0324773752970268,-0.03270866061361561,-0.0453992904785968,0.1503492990097555,72,fitted,
2024-12-31,2024-11-30,ML Gradient Boosting Base,Gradient Boosting,equity_ret + bond_ret + log_rv_ann + log_iv_ann,4,0.1171008400599638,0,0,0.3611111111111111,-0.019735358707115232,0.19737373327537852,0.7297394959640218,0.27026050403597823,0.02082591510576859,0.03796343858198316,0.03794261266687739,0.046544631256673,0.0360630834838487,72,fitted,
2025-01-31,2024-12-31,ML Gradient Boosting Base,Gradient Boosting,equity_ret + bond_ret + log_rv_ann + log_iv_ann,4,0.7323834966965862,1,0,0.3611111111111111,-0.015220557783206377,0.19737373327537852,0.3605699019820483,0.6394300980179517,0.7383391879639469,-0.0132452066905616,-0.013983545878525547,0.0023622817657473,0.0247885078015251,72,fitted,
2025-02-28,2025-01-31,ML Gradient Boosting Base,Gradient Boosting,equity_ret + bond_ret + log_rv_ann + log_iv_ann,4,0.2299788224201125,0,0,0.3611111111111111,-0.015220557783206377,0.19737373327537852,0.6620127065479327,0.33798729345206735,0.6028856091317687,0.06126609198200358,0.06066320637287181,0.0860694753521582,0.0626712711363506,72,fitted,
2025-03-31,2025-02-28,ML Gradient Boosting Base,Gradient Boosting,equity_ret + bond_ret + log_rv_ann + log_iv_ann,4,0.6374220948083635,1,0,0.3611111111111111,-0.015220557783206377,0.19737373327537852,0.41754674311498186,0.5824532568850181,0.4889319268659016,-0.013582747789708303,-0.014071679716574205,-0.0085521595560056,0.0781737201066187,72,fitted,
2025-04-30,2025-03-31,ML Gradient Boosting Base,Gradient Boosting,equity_ret + bond_ret + log_rv_ann + log_iv_ann,4,0.3416769897315409,0,1,0.3611111111111111,-0.015220557783206377,0.19737373327537852,0.5949938061610754,0.40500619383892456,0.3548941260921872,-0.05780378755977795,-0.058158681685870135,-0.1067634090530582,0.1793633188674125,72,fitted,
2025-05-31,2025-04-30,ML Gradient Boosting Base,Gradient Boosting,equity_ret + bond_ret + log_rv_ann + log_iv_ann,4,0.4417799363615824,0,1,0.3611111111111111,-0.019735358707115232,0.19737373327537852,0.5349320381830506,0.4650679618169494,0.12012353595604974,0.06907637834256855,0.06895625480661251,0.1264050161118952,0.2577846268870902,72,fitted,
2025-06-30,2025-05-31,ML Gradient Boosting Base,Gradient Boosting,equity_ret + bond_ret + log_rv_ann + log_iv_ann,4,0.709503666609181,1,1,0.3611111111111111,-0.015220557783206377,0.2028782537877414,0.3742978000344914,0.6257021999655086,0.3212684762971183,0.00580735709349484,0.005486088617197722,0.00014651081948,0.2308426790401719,72,fitted,
2025-07-31,2025-06-30,ML Gradient Boosting Base,Gradient Boosting,equity_ret + bond_ret + log_rv_ann + log_iv_ann,4,0.7110269746646214,1,0,0.3611111111111111,-0.015220557783206377,0.20491824771371225,0.3733838152012272,0.6266161847987728,0.0018279696665284284,-0.0036378285820675977,-0.003639656551734126,-0.0017930007602416,0.1493033883768388,72,fitted,
2025-08-31,2025-07-31,ML Gradient Boosting Base,Gradient Boosting,equity_ret + bond_ret + log_rv_ann + log_iv_ann,4,0.3959745482163108,0,0,0.3611111111111111,-0.015220557783206377,0.20491824771371225,0.5624152710702135,0.4375847289297865,0.3780629117379726,-0.004138451377193949,-0.004516514288931922,-0.0088251030555264,0.0281379367631093,72,fitted,
2025-09-30,2025-08-31,ML Gradient Boosting Base,Gradient Boosting,equity_ret + bond_ret + log_rv_ann + log_iv_ann,4,0.45267975736494453,0,0,0.3611111111111111,-0.013805425729411638,0.20491824771371225,0.5283921455810332,0.4716078544189668,0.06804625097836059,0.006597766709621466,0.006529720458643105,0.0102586303689389,0.0260820029788217,72,fitted,
2025-10-31,2025-09-30,ML Gradient Boosting Base,Gradient Boosting,equity_ret + bond_ret + log_rv_ann + log_iv_ann,4,0.2061747729173444,0,0,0.3611111111111111,-0.013805425729411638,0.20491824771371225,0.6762951362495935,0.3237048637504065,0.29580598133712055,0.01943135545485895,0.01913554947352183,0.0260837374483409,0.0372170127061661,72,fitted,
2025-11-30,2025-10-31,ML Gradient Boosting Base,Gradient Boosting,equity_ret + bond_ret + log_rv_ann + log_iv_ann,4,0.2514876318653248,0,0,0.3611111111111111,-0.013784384957562018,0.20491824771371225,0.6491074208808052,0.3508925791191948,0.05437543073757656,0.031263631708944875,0.0312092562782073,0.0462801361176319,0.0434625634835228,72,fitted,
2025-12-31,2025-11-30,ML Gradient Boosting Base,Gradient Boosting,equity_ret + bond_ret + log_rv_ann + log_iv_ann,4,0.17190216723383858,0,0,0.3611111111111111,-0.013784384957562018,0.20491824771371225,0.6968586996596968,0.3031413003403032,0.09550255755778325,-0.011011499362755112,-0.011107001920312895,-0.0115079539513099,0.0462365539373476,72,fitted,
2026-01-31,2025-12-31,ML Gradient Boosting Base,Gradient Boosting,equity_ret + bond_ret + log_rv_ann + log_iv_ann,4,0.22031571488378307,0,0,0.3611111111111111,-0.013784384957562018,0.20491824771371225,0.6678105710697302,0.3321894289302698,0.058096257179933275,0.025796638533666014,0.02573854227648608,0.0354606097261407,0.047185894866654,72,fitted,
2026-02-28,2026-01-31,ML Gradient Boosting Base,Gradient Boosting,equity_ret + bond_ret + log_rv_ann + log_iv_ann,4,0.19569080554939447,0,0,0.3611111111111111,-0.013784384957562018,0.20491824771371225,0.6825855166703634,0.3174144833296366,0.029549891201266387,0.009891779842117822,0.009862229950916556,0.0126325983056794,0.0481916911852781,72,fitted,
2026-03-31,2026-02-28,ML Gradient Boosting Base,Gradient Boosting,equity_ret + bond_ret + log_rv_ann + log_iv_ann,4,0.23484080933492274,0,1,0.3611111111111111,-0.013784384957562018,0.20491824771371225,0.6590955143990465,0.34090448560095354,0.046980004542633846,-0.03157899179266615,-0.03162597179720878,-0.0464290485019482,0.0534549078400147,72,fitted,
2026-04-30,2026-03-31,ML Gradient Boosting Base,Gradient Boosting,equity_ret + bond_ret + log_rv_ann + log_iv_ann,4,0.5790577428059887,1,0,0.375,-0.013784384957562018,0.2028782537877414,0.4525653543164068,0.5474346456835932,0.4130603201652793,-0.006660332246298341,-0.00707339256646362,-0.004727362283284,0.0535888878229993,72,fitted,
2026-05-31,2026-04-30,ML Gradient Boosting Base,Gradient Boosting,equity_ret + bond_ret + log_rv_ann + log_iv_ann,4,0.5139023077605369,1,0,0.375,-0.013784384957562018,0.19737373327537852,0.4916586153436779,0.5083413846563221,0.07818652205454224,0.032150704824177936,0.0320725183021234,0.0587174157732706,0.0715497098939358,72,fitted,
2026-06-30,2026-05-31,ML Gradient Boosting Base,Gradient Boosting,equity_ret + bond_ret + log_rv_ann + log_iv_ann,4,0.5656794379900048,1,0,0.375,-0.013784384957562018,0.1868117193295664,0.4605923372059972,0.5394076627940028,0.062132556275361406,0.0022689373204925114,0.0022068047642171498,0.0057971110770131,0.0596109071575914,72,fitted,
2026-07-31,2026-06-30,ML Gradient Boosting Base,Gradient Boosting,equity_ret + bond_ret + log_rv_ann + log_iv_ann,4,0.2782612315540803,0,0,0.3611111111111111,-0.013784384957562018,0.1776268083597394,0.6330432610675518,0.3669567389324482,0.3449018477231092,0.026535124213254897,0.026190222365531788,0.0363621967699221,0.0746015252107158,72,fitted,
2015-09-30,2015-08-31,ML Gradient Boosting + VRP,Gradient Boosting,equity_ret + bond_ret + log_rv_ann + log_iv_ann + vrp_proxy + log_iv_rv,6,0.39838236518185366,0,1,0.3333333333333333,-0.039138686812436554,0.17734830506009946,0.5609705808908878,0.4390294191091122,1.0,-0.049778513655878535,-0.050778513655878536,-0.085084699613786,0.238243255816149,72,fitted,
2015-10-31,2015-09-30,ML Gradient Boosting + VRP,Gradient Boosting,equity_ret + bond_ret + log_rv_ann + log_iv_ann + vrp_proxy + log_iv_rv,6,0.8068423211165876,1,1,0.3194444444444444,-0.04125685610582278,0.17734830506009946,0.3158946073300475,0.6841053926699525,0.49015194712168064,0.009206600003921072,0.008716448056799391,0.0186296284780547,0.2124503847496051,72,fitted,
2015-11-30,2015-10-31,ML Gradient Boosting + VRP,Gradient Boosting,equity_ret + bond_ret + log_rv_ann + log_iv_ann + vrp_proxy + log_iv_rv,6,0.3863565067102866,0,1,0.3194444444444444,-0.04125685610582278,0.17734830506009946,0.5681860959738281,0.4318139040261719,0.5045829772875612,0.026035445954643126,0.025530862977355566,0.0432262411488284,0.199286770764137,72,fitted,
2015-12-31,2015-11-30,ML Gradient Boosting + VRP,Gradient Boosting,equity_ret + bond_ret + log_rv_ann + log_iv_ann + vrp_proxy + log_iv_rv,6,0.5328812917682282,1,1,0.3194444444444444,-0.04125685610582278,0.1818683923297215,0.4802712249390631,0.519728775060937,0.17582974206953,-0.024127098068026792,-0.024302927810096322,-0.0544587752438217,0.1165629505598818,72,fitted,
2016-03-31,2015-12-31,ML Gradient Boosting + VRP,Gradient Boosting,equity_ret + bond_ret + log_rv_ann + log_iv_ann + vrp_proxy + log_iv_rv,6,0.32347884233397073,0,1,0.3194444444444444,-0.04159916904096428,0.1818683923297215,0.6059126945996176,0.3940873054003824,0.25128293932110907,0.016348056142287876,0.016096773202966767,0.0238121153163179,0.1993434710798268,72,fitted,
2016-04-30,2016-03-31,ML Gradient Boosting + VRP,Gradient Boosting,equity_ret + bond_ret + log_rv_ann + log_iv_ann + vrp_proxy + log_iv_rv,6,0.809998758892996,1,0,0.3333333333333333,-0.04159916904096428,0.1958653728346217,0.3140007446642024,0.6859992553357976,0.5838238998708305,0.0002866442224744104,-0.00029717967739642016,-0.0227851342852654,0.193588840985697,72,fitted,
2016-05-31,2016-04-30,ML Gradient Boosting + VRP,Gradient Boosting,equity_ret + bond_ret + log_rv_ann + log_iv_ann + vrp_proxy + log_iv_rv,6,0.6569203512279297,1,0,0.3333333333333333,-0.04125685610582278,0.19814718480844903,0.40584778926324216,0.5941522107367578,0.18369408919807956,0.006698172060554363,0.006514477971356284,0.0268582957161227,0.1810239335235844,72,fitted,
2016-06-30,2016-05-31,ML Gradient Boosting + VRP,Gradient Boosting,equity_ret + bond_ret + log_rv_ann + log_iv_ann + vrp_proxy + log_iv_rv,6,0.5054259894094347,1,0,0.3333333333333333,-0.04125685610582278,0.19814718480844903,0.4967444063543392,0.5032555936456609,0.181793234182194,0.004760151364758193,0.004578358130575999,0.0020345319779446,0.1810275182397165,72,fitted,
2016-07-31,2016-06-30,ML Gradient Boosting + VRP,Gradient Boosting,equity_ret + bond_ret + log_rv_ann + log_iv_ann + vrp_proxy + log_iv_rv,6,0.205859259086386,0,1,0.3333333333333333,-0.04125685610582278,0.19814718480844903,0.6764844445481685,0.3235155554518315,0.3594800763876586,-0.02827502724421845,-0.028634507320606108,-0.0512411139825313,0.2142269845827345,72,fitted,
2016-08-31,2016-07-31,ML Gradient Boosting + VRP,Gradient Boosting,equity_ret + bond_ret + log_rv_ann + log_iv_ann + vrp_proxy + log_iv_rv,6,0.8993772220022015,1,1,0.3333333333333333,-0.04125685610582278,0.19814718480844903,0.2603736667986791,0.7396263332013209,0.8322215554989787,0.004098268419534882,0.0032660468640359035,0.0082967130024573,0.2143105279851575,72,fitted,
2016-09-30,2016-08-31,ML Gradient Boosting + VRP,Gradient Boosting,equity_ret + bond_ret + log_rv_ann + log_iv_ann + vrp_proxy + log_iv_rv,6,0.5659257069876756,1,1,0.3472222222222222,-0.039138686812436554,0.19814718480844903,0.4604445758073946,0.5395554241926054,0.400141818017431,0.027709160179451516,0.027309018361434085,0.0594293771977636,0.2542940759341728,72,fitted,
2016-12-31,2016-09-30,ML Gradient Boosting + VRP,Gradient Boosting,equity_ret + bond_ret + log_rv_ann + log_iv_ann + vrp_proxy + log_iv_rv,6,0.8517477125596975,1,1,0.3472222222222222,-0.039138686812436554,0.19814718480844903,0.2889513724641815,0.7110486275358185,0.34298640668642627,-0.006677826719050852,-0.007020813125737279,0.0117308616132547,0.2264358220577079,72,fitted,
2017-01-31,2016-12-31,ML Gradient Boosting + VRP,Gradient Boosting,equity_ret + bond_ret + log_rv_ann + log_iv_ann + vrp_proxy + log_iv_rv,6,0.6834531664682455,1,1,0.3472222222222222,-0.039138686812436554,0.19933213101668884,0.3899281001190527,0.6100718998809473,0.2019534553097424,0.0356218973049385,0.03541994384962876,0.090069111087863,0.3190838438320685,72,fitted,
2017-02-28,2017-01-31,ML Gradient Boosting + VRP,Gradient Boosting,equity_ret + bond_ret + log_rv_ann + log_iv_ann + vrp_proxy + log_iv_rv,6,0.8066783656787834,1,1,0.3472222222222222,-0.039138686812436554,0.20159483331923272,0.31599298059273,0.68400701940727,0.1478702390526454,-0.00795841727432123,-0.008106287513373875,-0.0048285128799836,0.2117248957589671,72,fitted,
2017-03-31,2017-02-28,ML Gradient Boosting + VRP,Gradient Boosting,equity_ret + bond_ret + log_rv_ann + log_iv_ann + vrp_proxy + log_iv_rv,6,0.6037529959336249,1,0,0.3472222222222222,-0.039138686812436554,0.20396247089832828,0.4377482024398251,0.5622517975601748,0.24351044369419028,0.01571890584808466,0.01547539540439047,0.0444657588234065,0.1397744607729905,72,fitted,
2017-04-30,2017-03-31,ML Gradient Boosting + VRP,Gradient Boosting,equity_ret + bond_ret + log_rv_ann + log_iv_ann + vrp_proxy + log_iv_rv,6,0.5365580047957086,1,0,0.3472222222222222,-0.039138686812436554,0.20396247089832828,0.4780651971225749,0.5219348028774251,0.08063398936549954,0.015274168214973297,0.015193534225607798,0.0152915284610737,0.026838141827396,72,fitted,
2017-05-31,2017-04-30,ML Gradient Boosting + VRP,Gradient Boosting,equity_ret + bond_ret + log_rv_ann + log_iv_ann + vrp_proxy + log_iv_rv,6,0.7033228569191827,1,0,0.3472222222222222,-0.039138686812436554,0.20396247089832828,0.3780062858484904,0.6219937141515096,0.200117822548169,0.01770007730628107,0.017499959483732903,0.0487269776618131,0.0505076598014562,72,fitted,
2017-06-30,2017-05-31,ML Gradient Boosting + VRP,Gradient Boosting,equity_ret + bond_ret + log_rv_ann + log_iv_ann + vrp_proxy + log_iv_rv,6,0.06245472909220303,0,0,0.3472222222222222,-0.039138686812436554,0.20396247089832828,0.7625271625446781,0.23747283745532188,0.7690417533923755,-0.017357241502302386,-0.01812628325569476,-0.0257235885595024,0.0415530659489305,72,fitted,
2017-07-31,2017-06-30,ML Gradient Boosting + VRP,Gradient Boosting,equity_ret + bond_ret + log_rv_ann + log_iv_ann + vrp_proxy + log_iv_rv,6,0.08091427462853115,0,0,0.3472222222222222,-0.039138686812436554,0.20396247089832828,0.7514514352228814,0.24854856477711862,0.02215145464359347,-0.009061466899208994,-0.009083618353852588,-0.0081039436501151,0.0413694048537509,72,fitted,
2017-08-31,2017-07-31,ML Gradient Boosting + VRP,Gradient Boosting,equity_ret + bond_ret + log_rv_ann + log_iv_ann + vrp_proxy + log_iv_rv,6,0.05701406596910575,0,0,0.3472222222222222,-0.0350163094830188,0.20396247089832828,0.7657915604185367,0.2342084395814633,0.028680250391310613,-0.02080735179246912,-0.02083603204286043,-0.0309766055658198,0.0277954860835847,72,fitted,
2017-09-30,2017-08-31,ML Gradient Boosting + VRP,Gradient Boosting,equity_ret + bond_ret + log_rv_ann + log_iv_ann + vrp_proxy + log_iv_rv,6,0.24777665877160535,0,0,0.3472222222222222,-0.0350163094830188,0.20396247089832828,0.6513340047370367,0.34866599526296327,0.2289151113629999,0.01750581395424111,0.01727689884287811,0.0260836708088783,0.0267739017087609,72,fitted,
2017-10-31,2017-09-30,ML Gradient Boosting + VRP,Gradient Boosting,equity_ret + bond_ret + log_rv_ann + log_iv_ann + vrp_proxy + log_iv_rv,6,0.17429514558971235,0,0,0.3472222222222222,-0.0350163094830188,0.20396247089832828,0.6954229126461726,0.3045770873538274,0.08817781581827178,0.020671609125101673,0.0205834313092834,0.0321012457270728,0.0309393883374153,72,fitted,
2017-11-30,2017-10-31,ML Gradient Boosting + VRP,Gradient Boosting,equity_ret + bond_ret + log_rv_ann + log_iv_ann + vrp_proxy + log_iv_rv,6,0.07108659925288414,0,0,0.3472222222222222,-0.033895692261528436,0.20396247089832828,0.7573480404482695,0.24265195955173047,0.12385025560419383,-0.0011569174991110174,-0.0012807677547152113,-0.0037783226150691,0.0385398529805913,72,fitted,
2017-12-31,2017-11-30,ML Gradient Boosting + VRP,Gradient Boosting,equity_ret + bond_ret + log_rv_ann + log_iv_ann + vrp_proxy + log_iv_rv,6,0.10612677591356832,0,0,0.3472222222222222,-0.033895692261528436,0.20396247089832828,0.736323934451859,0.26367606554814105,0.04204821199282116,0.0029515526946724963,0.002909504482679675,0.001833758479341,0.032792270443252,72,fitted,
2018-01-31,2017-12-31,ML Gradient Boosting + VRP,Gradient Boosting,equity_ret + bond_ret + log_rv_ann + log_iv_ann + vrp_proxy + log_iv_rv,6,0.1571527617030048,0,0,0.3611111111111111,-0.03056184931653722,0.20159483331923272,0.7057083429781972,0.2942916570218028,0.06123118294732355,-0.004422635947579613,-0.004483867130526936,-0.0014193362543274,0.0483842570704571,72,fitted,
2018-02-28,2018-01-31,ML Gradient Boosting + VRP,Gradient Boosting,equity_ret + bond_ret + log_rv_ann + log_iv_ann + vrp_proxy + log_iv_rv,6,0.4612389702236936,0,1,0.375,-0.028266977167426,0.19933213101668884,0.5232566178657838,0.4767433821342162,0.36490345022482673,-0.03298500426002825,-0.03334990771025308,-0.0606190245987007,0.048475670166582,72,fitted,
2018-03-31,2018-02-28,ML Gradient Boosting + VRP,Gradient Boosting,equity_ret + bond_ret + log_rv_ann + log_iv_ann + vrp_proxy + log_iv_rv,6,0.27033403393308136,0,0,0.375,-0.03056184931653722,0.19814718480844903,0.6377995796401512,0.3622004203598488,0.2290859235487348,0.011752307364163491,0.011523221440614757,0.0154501912433664,0.042328151215129,72,fitted,
2018-04-30,2018-03-31,ML Gradient Boosting + VRP,Gradient Boosting,equity_ret + bond_ret + log_rv_ann + log_iv_ann + vrp_proxy + log_iv_rv,6,0.38102537108281365,0,0,0.375,-0.03056184931653722,0.1913070290118697,0.5713847773503118,0.4286152226496882,0.13282960457967885,0.005180878070484273,0.005048048465904594,0.0042251275169695,0.0528805350904335,72,fitted,
2018-05-31,2018-04-30,ML Gradient Boosting + VRP,Gradient Boosting,equity_ret + bond_ret + log_rv_ann + log_iv_ann + vrp_proxy + log_iv_rv,6,0.7137523686581658,1,0,0.3611111111111111,-0.03056184931653722,0.1819493285411914,0.3717485788051005,0.6282514211948995,0.3992723970904226,0.011932204925310143,0.01153293252821972,0.0352935855603029,0.044122164842242,72,fitted,
2018-06-30,2018-05-31,ML Gradient Boosting + VRP,Gradient Boosting,equity_ret + bond_ret + log_rv_ann + log_iv_ann + vrp_proxy + log_iv_rv,6,0.6865696892010867,1,0,0.3611111111111111,-0.03056184931653722,0.1819493285411914,0.388058186479348,0.611941813520652,0.03261921534849499,-0.01699754240271672,-0.017030161618065212,-0.0252249155560972,0.0426956959936459,72,fitted,
2018-07-31,2018-06-30,ML Gradient Boosting + VRP,Gradient Boosting,equity_ret + bond_ret + log_rv_ann + log_iv_ann + vrp_proxy + log_iv_rv,6,0.6462011934658521,1,0,0.3611111111111111,-0.03056184931653722,0.1819493285411914,0.41227928392048874,0.5877207160795113,0.04844219488228152,0.002971537910979623,0.0029230957160973417,-0.0086575728984089,0.0395476525110247,72,fitted,
2018-08-31,2018-07-31,ML Gradient Boosting + VRP,Gradient Boosting,equity_ret + bond_ret + log_rv_ann + log_iv_ann + vrp_proxy + log_iv_rv,6,0.43447520108105386,0,0,0.3611111111111111,-0.03056184931653722,0.1819493285411914,0.5393148793513677,0.4606851206486323,0.2540711908617579,-0.0037705241196401207,-0.004024595310501878,-0.0055753930477079,0.0314738547115443,72,fitted,
2018-09-30,2018-08-31,ML Gradient Boosting + VRP,Gradient Boosting,equity_ret + bond_ret + log_rv_ann + log_iv_ann + vrp_proxy + log_iv_rv,6,0.47658203841103375,0,1,0.3611111111111111,-0.028266977167426,0.1819493285411914,0.5140507769533798,0.48594922304662025,0.05052820479597586,-0.018971449246819337,-0.019021977451615314,-0.0334532251326292,0.0274818107195285,72,fitted,
2018-10-31,2018-09-30,ML Gradient Boosting + VRP,Gradient Boosting,equity_ret + bond_ret + log_rv_ann + log_iv_ann + vrp_proxy + log_iv_rv,6,0.10991189478071978,0,1,0.3611111111111111,-0.028266977167426,0.1819493285411914,0.7340528631315681,0.26594713686843185,0.4400041723563768,-0.028648121388374092,-0.02908812556073047,-0.0354052055802183,0.0373719218139833,72,fitted,
2018-11-30,2018-10-31,ML Gradient Boosting + VRP,Gradient Boosting,equity_ret + bond_ret + log_rv_ann + log_iv_ann + vrp_proxy + log_iv_rv,6,0.6577502204700024,1,0,0.375,-0.028266977167426,0.18102680129649007,0.4053498677179985,0.5946501322820015,0.6574059908271392,0.0029106281031670016,0.0022532221123398623,-0.0001032534939002,0.0384106237566746,72,fitted,
2018-12-31,2018-11-30,ML Gradient Boosting + VRP,Gradient Boosting,equity_ret + bond_ret + log_rv_ann + log_iv_ann + vrp_proxy + log_iv_rv,6,0.6788871709361385,1,0,0.375,-0.028266977167426,0.18094371425534092,0.3926676974383169,0.607332302561683,0.025364340559363152,-0.006873411353927479,-0.0068987756944868415,-0.0269592825839305,0.0630481651869297,72,fitted,
2019-01-31,2018-12-31,ML Gradient Boosting + VRP,Gradient Boosting,equity_ret + bond_ret + log_rv_ann + log_iv_ann + vrp_proxy + log_iv_rv,6,0.15737534088801314,0,0,0.375,-0.02851411597231162,0.17734830506009946,0.705574795467192,0.29442520453280796,0.6258141960577501,-0.007704299787973581,-0.00833011398403133,-0.0122040856244322,0.0899505509701786,72,fitted,
2019-02-28,2019-01-31,ML Gradient Boosting + VRP,Gradient Boosting,equity_ret + bond_ret + log_rv_ann + log_iv_ann + vrp_proxy + log_iv_rv,6,0.07578195176694094,0,0,0.375,-0.02851411597231162,0.17734830506009946,0.7545308289398356,0.24546917106016442,0.09791206694528709,0.03179470229856788,0.03169679023162259,0.0393186927211415,0.1027997660392212,72,fitted,
2019-03-31,2019-02-28,ML Gradient Boosting + VRP,Gradient Boosting,equity_ret + bond_ret + log_rv_ann + log_iv_ann + vrp_proxy + log_iv_rv,6,0.1447505951003484,0,0,0.375,-0.026712143779044878,0.17734830506009946,0.7131496429397911,0.2868503570602089,0.08276237200008896,0.027624584230664835,0.027541821858664745,0.0354775369965916,0.0913299563139267,72,fitted,
2019-04-30,2019-03-31,ML Gradient Boosting + VRP,Gradient Boosting,equity_ret + bond_ret + log_rv_ann + log_iv_ann + vrp_proxy + log_iv_rv,6,0.07639846663770238,0,0,0.375,-0.026712143779044878,0.17734830506009946,0.7541609200173786,0.24583907998262144,0.0820225541551749,0.03459598946905718,0.03451396691490201,0.0435479135820724,0.0514406814597425,72,fitted,
2019-05-31,2019-04-30,ML Gradient Boosting + VRP,Gradient Boosting,equity_ret + bond_ret + log_rv_ann + log_iv_ann + vrp_proxy + log_iv_rv,6,0.10290195551048435,0,1,0.375,-0.026712143779044878,0.17734830506009946,0.7382588266937095,0.26174117330629054,0.031804186647338195,-0.01994319282837057,-0.01997499701501791,-0.0281684755300689,0.0428730592917657,72,fitted,
2019-06-30,2019-05-31,ML Gradient Boosting + VRP,Gradient Boosting,equity_ret + bond_ret + log_rv_ann + log_iv_ann + vrp_proxy + log_iv_rv,6,0.21778183268767734,0,0,0.375,-0.02792663694084122,0.17734830506009946,0.6693309003873936,0.3306690996126064,0.13785585261263167,0.012113079195350932,0.0119752233427383,0.0107200928441295,0.0312228560914626,72,fitted,
2019-07-31,2019-06-30,ML Gradient Boosting + VRP,Gradient Boosting,equity_ret + bond_ret + log_rv_ann + log_iv_ann + vrp_proxy + log_iv_rv,6,0.15644785849944515,0,0,0.375,-0.02792663694084122,0.17734830506009946,0.706131284900333,0.29386871509966705,0.07360076902587864,0.02632842914033554,0.02625482837130966,0.0325102244609072,0.0356824711357968,72,fitted,
2019-08-31,2019-07-31,ML Gradient Boosting + VRP,Gradient Boosting,equity_ret + bond_ret + log_rv_ann + log_iv_ann + vrp_proxy + log_iv_rv,6,0.2578247007217569,0,1,0.375,-0.02792663694084122,0.17734830506009946,0.6453051795669459,0.3546948204330541,0.12165221066677412,-0.015101340881738855,-0.015222993092405629,-0.0347038800061944,0.0576066691497176,72,fitted,
2019-09-30,2019-08-31,ML Gradient Boosting + VRP,Gradient Boosting,equity_ret + bond_ret + log_rv_ann + log_iv_ann + vrp_proxy + log_iv_rv,6,0.18968892606899954,0,0,0.375,-0.02792663694084122,0.17734830506009946,0.6861866443586002,0.3138133556413998,0.08176292958330866,0.03413737175130909,0.034055608821725786,0.0484331335390779,0.0557517645539162,72,fitted,
2019-10-31,2019-09-30,ML Gradient Boosting + VRP,Gradient Boosting,equity_ret + bond_ret + log_rv_ann + log_iv_ann + vrp_proxy + log_iv_rv,6,0.23616643070301288,0,0,0.375,-0.02792663694084122,0.17734830506009946,0.6583001415781924,0.3416998584218076,0.05577300556081566,-0.009306519746882323,-0.009362292752443139,-0.0126877426972058,0.0540597880257949,72,fitted,
2019-11-30,2019-10-31,ML Gradient Boosting + VRP,Gradient Boosting,equity_ret + bond_ret + log_rv_ann + log_iv_ann + vrp_proxy + log_iv_rv,6,0.12255508465280707,0,0,0.375,-0.026712143779044878,0.17734830506009946,0.7264669492083159,0.2735330507916841,0.136333615260247,0.041525586520236954,0.041389252904976706,0.0624620753169182,0.0583813006187289,72,fitted,
2019-12-31,2019-11-30,ML Gradient Boosting + VRP,Gradient Boosting,equity_ret + bond_ret + log_rv_ann + log_iv_ann + vrp_proxy + log_iv_rv,6,0.12091949390008011,0,0,0.375,-0.026712143779044878,0.17734830506009946,0.727448303659952,0.27255169634004806,0.0019627089032721035,-0.0007592887980223959,-0.000761251506925668,-0.0015758454804618,0.0381458968124907,72,fitted,
2020-01-31,2019-12-31,ML Gradient Boosting + VRP,Gradient Boosting,equity_ret + bond_ret + log_rv_ann + log_iv_ann + vrp_proxy + log_iv_rv,6,0.22490394602316624,0,0,0.375,-0.026712143779044878,0.17734830506009946,0.6650576323861003,0.3349423676138997,0.12478134254770334,0.014501522654606493,0.01437674131205879,0.0224398450452896,0.0391153580316663,72,fitted,
2020-02-29,2020-01-31,ML Gradient Boosting + VRP,Gradient Boosting,equity_ret + bond_ret + log_rv_ann + log_iv_ann + vrp_proxy + log_iv_rv,6,0.7198919174399064,1,0,0.375,-0.026712143779044878,0.17734830506009946,0.3680648495360561,0.6319351504639439,0.5939855657000883,0.015882375459210174,0.015288389893510085,0.0171287951441945,0.0391471244686928,72,fitted,
2020-03-31,2020-02-29,ML Gradient Boosting + VRP,Gradient Boosting,equity_ret + bond_ret + log_rv_ann + log_iv_ann + vrp_proxy + log_iv_rv,6,0.6307300352486351,1,1,0.375,-0.026712143779044878,0.17734830506009946,0.4215619788508189,0.5784380211491811,0.10699425862952561,-0.14467654531497273,-0.14478353957360227,-0.3396611105639215,0.6261785661694548,72,fitted,
2020-04-30,2020-03-31,ML Gradient Boosting + VRP,Gradient Boosting,equity_ret + bond_ret + log_rv_ann + log_iv_ann + vrp_proxy + log_iv_rv,6,0.7899625639888768,1,1,0.3611111111111111,-0.02792663694084122,0.18094371425534092,0.326022461606674,0.673977538393326,0.19107903448828983,0.028080946176192063,0.027889867141703772,0.1365534986075169,0.6960988327427069,72,fitted,
2020-05-31,2020-04-30,ML Gradient Boosting + VRP,Gradient Boosting,equity_ret + bond_ret + log_rv_ann + log_iv_ann + vrp_proxy + log_iv_rv,6,0.8127997097897596,1,1,0.3611111111111111,-0.026712143779044878,0.18102680129649007,0.31232017412614427,0.6876798258738557,0.027404574961059414,0.0006219085675178269,0.0005945039925567675,-0.0031250242639212,0.685069415593999,72,fitted,
2020-06-30,2020-05-31,ML Gradient Boosting + VRP,Gradient Boosting,equity_ret + bond_ret + log_rv_ann + log_iv_ann + vrp_proxy + log_iv_rv,6,0.9200453938943831,1,1,0.3611111111111111,-0.026712143779044878,0.19107657643650097,0.24797276366337012,0.7520272363366298,0.1286948209255483,0.030243309737681,0.03011461491675545,0.0904447571250541,0.5924640544289772,72,fitted,
2020-07-31,2020-06-30,ML Gradient Boosting + VRP,Gradient Boosting,equity_ret + bond_ret + log_rv_ann + log_iv_ann + vrp_proxy + log_iv_rv,6,0.9275560603776534,1,1,0.3611111111111111,-0.026712143779044878,0.19814718480844903,0.24346636377340797,0.756533636226592,0.009012799779924308,0.020899677044176612,0.020890664244396687,0.0482259574590655,0.22881979648679,72,fitted,
2020-08-31,2020-07-31,ML Gradient Boosting + VRP,Gradient Boosting,equity_ret + bond_ret + log_rv_ann + log_iv_ann + vrp_proxy + log_iv_rv,6,0.9363733410621226,1,1,0.3611111111111111,-0.026712143779044878,0.19933213101668884,0.2381759953627265,0.7618240046372735,0.010580736821363013,0.009117411760113006,0.009106831023291644,0.0203141663883605,0.2052201498167803,72,fitted,
2020-09-30,2020-08-31,ML Gradient Boosting + VRP,Gradient Boosting,equity_ret + bond_ret + log_rv_ann + log_iv_ann + vrp_proxy + log_iv_rv,6,0.25548043259242253,0,0,0.3611111111111111,-0.026712143779044878,0.20339963033847683,0.6467117404445466,0.3532882595554534,0.8170714901636402,-0.008640558043388796,-0.009457629533552435,-0.0140848464874631,0.0820138272830166,72,fitted,
2020-10-31,2020-09-30,ML Gradient Boosting + VRP,Gradient Boosting,equity_ret + bond_ret + log_rv_ann + log_iv_ann + vrp_proxy + log_iv_rv,6,0.37255656119079483,0,0,0.3611111111111111,-0.026712143779044878,0.20339963033847683,0.5764660632855232,0.4235339367144768,0.14049135431804682,0.0005850949182165327,0.0004446035638984859,-0.005335028573305,0.0512358756615979,72,fitted,
2020-11-30,2020-10-31,ML Gradient Boosting + VRP,Gradient Boosting,equity_ret + bond_ret + log_rv_ann + log_iv_ann + vrp_proxy + log_iv_rv,6,0.7059621452946855,1,1,0.3611111111111111,-0.026712143779044878,0.20339963033847683,0.37642271282318873,0.6235772871768113,0.4000867009246689,0.015616555193582947,0.015216468492658279,0.0394405992997313,0.20371063930144,72,fitted,
2020-12-31,2020-11-30,ML Gradient Boosting + VRP,Gradient Boosting,equity_ret + bond_ret + log_rv_ann + log_iv_ann + vrp_proxy + log_iv_rv,6,0.22639956778482828,0,0,0.3611111111111111,-0.02562385395882136,0.20427306398279946,0.6641602593291032,0.33583974067089684,0.5754750930118289,0.01430000821587025,0.013724533122858422,0.0168135282479793,0.1995487117329469,72,fitted,
2021-01-31,2020-12-31,ML Gradient Boosting + VRP,Gradient Boosting,equity_ret + bond_ret + log_rv_ann + log_iv_ann + vrp_proxy + log_iv_rv,6,0.18237762487085218,0,0,0.3611111111111111,-0.024736959301930837,0.20427306398279946,0.6905734250774886,0.30942657492251135,0.05282633149677096,0.022324486494041743,0.022271660162544973,0.0362293713244592,0.1886738194451048,72,fitted,
2021-02-28,2021-01-31,ML Gradient Boosting + VRP,Gradient Boosting,equity_ret + bond_ret + log_rv_ann + log_iv_ann + vrp_proxy + log_iv_rv,6,0.6996690198568013,1,0,0.3611111111111111,-0.024736959301930837,0.20427306398279946,0.3801985880859192,0.6198014119140808,0.6207496739831388,0.006822875525426302,0.0062021258514431635,0.0231110805307961,0.0898000407082918,72,fitted,
2021-03-31,2021-02-28,ML Gradient Boosting + VRP,Gradient Boosting,equity_ret + bond_ret + log_rv_ann + log_iv_ann + vrp_proxy + log_iv_rv,6,0.6757820714521892,1,0,0.3611111111111111,-0.022228758665688117,0.20427306398279946,0.3945307571286865,0.6054692428713135,0.028664338085534535,0.00837140506929708,0.008342740731211546,0.0372739536899082,0.0267005559612106,72,fitted,
2021-04-30,2021-03-31,ML Gradient Boosting + VRP,Gradient Boosting,equity_ret + bond_ret + log_rv_ann + log_iv_ann + vrp_proxy + log_iv_rv,6,0.780079003277353,1,0,0.3611111111111111,-0.022228758665688117,0.20427306398279946,0.33195259803358823,0.6680474019664118,0.1251563181901965,0.013347455956790304,0.013222299638600108,0.0376875552138742,0.0374479910922146,72,fitted,
2021-05-31,2021-04-30,ML Gradient Boosting + VRP,Gradient Boosting,equity_ret + bond_ret + log_rv_ann + log_iv_ann + vrp_proxy + log_iv_rv,6,0.69092054932477,1,0,0.3611111111111111,-0.022228758665688117,0.20427306398279946,0.38544767040513805,0.614552329594862,0.10699014474309965,-0.010673222365668275,-0.010780212510411374,-0.007986771407346,0.033252845739336,72,fitted,
2021-06-30,2021-05-31,ML Gradient Boosting + VRP,Gradient Boosting,equity_ret + bond_ret + log_rv_ann + log_iv_ann + vrp_proxy + log_iv_rv,6,0.5519172311258702,1,0,0.3611111111111111,-0.022228758665688117,0.20427306398279946,0.4688496613244779,0.5311503386755221,0.16680398183867973,0.021398789408360954,0.021231985426522274,0.03801507412395,0.0416415059371039,72,fitted,
2021-07-31,2021-06-30,ML Gradient Boosting + VRP,Gradient Boosting,equity_ret + bond_ret + log_rv_ann + log_iv_ann + vrp_proxy + log_iv_rv,6,0.5655646774622791,1,0,0.3611111111111111,-0.022228758665688117,0.20427306398279946,0.4606611935226326,0.5393388064773674,0.01637693560369069,0.002370450960894669,0.0023540740252909783,-0.0006567127811994,0.0400979050478682,72,fitted,
2021-08-31,2021-07-31,ML Gradient Boosting + VRP,Gradient Boosting,equity_ret + bond_ret + log_rv_ann + log_iv_ann + vrp_proxy + log_iv_rv,6,0.44340767674056664,0,0,0.3611111111111111,-0.022228758665688117,0.20427306398279946,0.53395539395566,0.46604460604433995,0.14658840086605496,0.022823488021557134,0.02267689962069108,0.0324793200530295,0.0199671051065084,72,fitted,
2021-09-30,2021-08-31,ML Gradient Boosting + VRP,Gradient Boosting,equity_ret + bond_ret + log_rv_ann + log_iv_ann + vrp_proxy + log_iv_rv,6,0.420433914344927,0,0,0.3611111111111111,-0.022228758665688117,0.20427306398279946,0.5477396513930439,0.4522603486069561,0.027568514874767747,-0.010130962209422854,-0.010158530724297623,-0.0116460886712347,0.0056608717122773,72,fitted,
2021-10-31,2021-09-30,ML Gradient Boosting + VRP,Gradient Boosting,equity_ret + bond_ret + log_rv_ann + log_iv_ann + vrp_proxy + log_iv_rv,6,0.5583208328455206,1,1,0.375,-0.018819574247395814,0.2028782537877414,0.46500750029268767,0.5349924997073123,0.1654643022007125,-0.022408795234332868,-0.02257425953653358,-0.0292115312702775,0.01468795822287,72,fitted,
2021-11-30,2021-10-31,ML Gradient Boosting + VRP,Gradient Boosting,equity_ret + bond_ret + log_rv_ann + log_iv_ann + vrp_proxy + log_iv_rv,6,0.2568329235727673,0,0,0.375,-0.02104507672570493,0.2028782537877414,0.6459002458563396,0.35409975414366035,0.36178549112730396,0.051569381926850864,0.05120759643572356,0.0746986886959502,0.0507828908660839,72,fitted,
2021-12-31,2021-11-30,ML Gradient Boosting + VRP,Gradient Boosting,equity_ret + bond_ret + log_rv_ann + log_iv_ann + vrp_proxy + log_iv_rv,6,0.40856858196382706,0,1,0.375,-0.02104507672570493,0.2028782537877414,0.5548588508217038,0.44514114917829617,0.18208279006927164,-0.017839652125033755,-0.018021734915103026,-0.0364478760325837,0.1025522841544392,72,fitted,
2022-01-31,2021-12-31,ML Gradient Boosting + VRP,Gradient Boosting,equity_ret + bond_ret + log_rv_ann + log_iv_ann + vrp_proxy + log_iv_rv,6,0.2878323048291364,0,0,0.375,-0.024736959301930837,0.2028782537877414,0.6273006171025182,0.37269938289748183,0.14488353256162867,0.010389143694385896,0.010244260161824267,0.0279174825695243,0.1061573024259542,72,fitted,
2022-02-28,2022-01-31,ML Gradient Boosting + VRP,Gradient Boosting,equity_ret + bond_ret + log_rv_ann + log_iv_ann + vrp_proxy + log_iv_rv,6,0.30025489410803197,0,1,0.3888888888888889,-0.02104507672570493,0.19950766360232286,0.6198470635351808,0.3801529364648192,0.01490710713467469,-0.03572595957431266,-0.03574086668144734,-0.0373367909631336,0.0865246762476978,72,fitted,
2022-03-31,2022-02-28,ML Gradient Boosting + VRP,Gradient Boosting,equity_ret + bond_ret + log_rv_ann + log_iv_ann + vrp_proxy + log_iv_rv,6,0.1733398487449976,0,1,0.3888888888888889,-0.024736959301930837,0.19933213101668884,0.6959960907530015,0.3040039092469985,0.15229805443564137,-0.0794462728560596,-0.07959857091049524,-0.1127374305089676,0.2561278421728654,72,fitted,
2022-04-30,2022-03-31,ML Gradient Boosting + VRP,Gradient Boosting,equity_ret + bond_ret + log_rv_ann + log_iv_ann + vrp_proxy + log_iv_rv,6,0.8670265695376518,1,1,0.375,-0.02562385395882136,0.19950766360232286,0.27978405827740893,0.7202159417225911,0.8324240649511851,-0.012087399182563748,-0.012919823247514933,0.0414562536077787,0.2747307422393871,72,fitted,
2022-05-31,2022-04-30,ML Gradient Boosting + VRP,Gradient Boosting,equity_ret + bond_ret + log_rv_ann + log_iv_ann + vrp_proxy + log_iv_rv,6,0.9435664441770062,1,1,0.375,-0.024736959301930837,0.2028782537877414,0.2338601334937963,0.7661398665062037,0.09184784956722525,-0.0225268758533281,-0.022618723702895326,-0.058909521943165,0.3085079239302221,72,fitted,
2022-06-30,2022-05-31,ML Gradient Boosting + VRP,Gradient Boosting,equity_ret + bond_ret + log_rv_ann + log_iv_ann + vrp_proxy + log_iv_rv,6,0.9506959433235036,1,1,0.3611111111111111,-0.02562385395882136,0.20491824771371225,0.22958243400589784,0.7704175659941022,0.008555398975796935,-0.037444007939040264,-0.03745256333801606,-0.0039380811965237,0.3388890657620975,72,fitted,
2022-07-31,2022-06-30,ML Gradient Boosting + VRP,Gradient Boosting,equity_ret + bond_ret + log_rv_ann + log_iv_ann + vrp_proxy + log_iv_rv,6,0.9154462275586428,1,1,0.3611111111111111,-0.02562385395882136,0.21042394657052976,0.2507322634648143,0.7492677365351856,0.042299658917832994,0.011113624187622888,0.011071324528705056,-0.0311596754459931,0.1706807663290468,72,fitted,
2022-08-31,2022-07-31,ML Gradient Boosting + VRP,Gradient Boosting,equity_ret + bond_ret + log_rv_ann + log_iv_ann + vrp_proxy + log_iv_rv,6,0.18075758577383252,0,0,0.3611111111111111,-0.026712143779044878,0.21042394657052976,0.6915454485357005,0.30845455146429945,0.8816263701417724,0.06131349475466485,0.06043186838452307,0.0830960283644346,0.1418416885740734,72,fitted,
2022-09-30,2022-08-31,ML Gradient Boosting + VRP,Gradient Boosting,equity_ret + bond_ret + log_rv_ann + log_iv_ann + vrp_proxy + log_iv_rv,6,0.12363899308363574,0,1,0.3611111111111111,-0.026712143779044878,0.21042394657052976,0.7258166041498186,0.27418339585018137,0.06854231122823617,-0.03707411815145676,-0.037142660462684995,-0.0345000269557216,0.1500344624823598,72,fitted,
2022-10-31,2022-09-30,ML Gradient Boosting + VRP,Gradient Boosting,equity_ret + bond_ret + log_rv_ann + log_iv_ann + vrp_proxy + log_iv_rv,6,0.5785877084291642,1,1,0.375,-0.026712143779044878,0.20491824771371225,0.4528473749425015,0.5471526250574985,0.5459384584146343,-0.06248120228493621,-0.06302714074335085,-0.0839597070320542,0.2166304099760133,72,fitted,
2022-11-30,2022-10-31,ML Gradient Boosting + VRP,Gradient Boosting,equity_ret + bond_ret + log_rv_ann + log_iv_ann + vrp_proxy + log_iv_rv,6,0.9682139981545668,1,1,0.3611111111111111,-0.02792663694084122,0.20491824771371225,0.21907160110725993,0.78092839889274,0.46755154767048307,0.04865305269297732,0.048185501145306835,0.1581121400161993,0.2870610773444056,72,fitted,
2022-12-31,2022-11-30,ML Gradient Boosting + VRP,Gradient Boosting,equity_ret + bond_ret + log_rv_ann + log_iv_ann + vrp_proxy + log_iv_rv,6,0.9666194473042166,1,1,0.3611111111111111,-0.02792663694084122,0.20491824771371225,0.2200283316174701,0.77997166838253,0.0019134610204202263,0.021958880077244843,0.021956966616224424,0.0137831377431498,0.246452643289683,72,fitted,
2023-01-31,2022-12-31,ML Gradient Boosting + VRP,Gradient Boosting,equity_ret + bond_ret + log_rv_ann + log_iv_ann + vrp_proxy + log_iv_rv,6,0.8548026795995068,1,0,0.3611111111111111,-0.02792663694084122,0.20491824771371225,0.2871183922402959,0.7128816077597041,0.13418012124565165,0.00505917335195542,0.004924993230709768,0.0522359781558194,0.153399759564035,72,fitted,
2023-02-28,2023-01-31,ML Gradient Boosting + VRP,Gradient Boosting,equity_ret + bond_ret + log_rv_ann + log_iv_ann + vrp_proxy + log_iv_rv,6,0.3627066475421211,0,0,0.3611111111111111,-0.02792663694084122,0.2028782537877414,0.5823760114747273,0.4176239885252727,0.5905152384688628,0.006827038020898576,0.0062365227824297135,0.0172680611507551,0.0491939514786028,72,fitted,
2023-03-31,2023-02-28,ML Gradient Boosting + VRP,Gradient Boosting,equity_ret + bond_ret + log_rv_ann + log_iv_ann + vrp_proxy + log_iv_rv,6,0.6361833522874698,1,0,0.3611111111111111,-0.02792663694084122,0.19737373327537852,0.4182899886275181,0.5817100113724819,0.3281720456944184,-0.0018280190689521397,-0.0021561911146465583,0.0075250823477521,0.0320476441231087,72,fitted,
2023-04-30,2023-03-31,ML Gradient Boosting + VRP,Gradient Boosting,equity_ret + bond_ret + log_rv_ann + log_iv_ann + vrp_proxy + log_iv_rv,6,0.4240048543970534,0,0,0.3611111111111111,-0.02792663694084122,0.19737373327537852,0.5455970873617679,0.45440291263823207,0.25461419746849967,0.01687777046701687,0.01662315626954837,0.0247072382293531,0.0365561602926632,72,fitted,
2023-05-31,2023-04-30,ML Gradient Boosting + VRP,Gradient Boosting,equity_ret + bond_ret + log_rv_ann + log_iv_ann + vrp_proxy + log_iv_rv,6,0.2664171394997096,0,0,0.3611111111111111,-0.02792663694084122,0.19737373327537852,0.6401497163001743,0.35985028369982575,0.18910525787681265,-0.000331031156348379,-0.0005201364142251916,-0.0037263016509628,0.0219755313942162,72,fitted,
2023-06-30,2023-05-31,ML Gradient Boosting + VRP,Gradient Boosting,equity_ret + bond_ret + log_rv_ann + log_iv_ann + vrp_proxy + log_iv_rv,6,0.18843190845780056,0,0,0.3611111111111111,-0.02792663694084122,0.19737373327537852,0.6869408549253198,0.31305914507468025,0.093582277250291,-0.0006653058529581643,-0.0007588881302084553,-0.0003218358257327,0.0209168767684267,72,fitted,
2023-07-31,2023-06-30,ML Gradient Boosting + VRP,Gradient Boosting,equity_ret + bond_ret + log_rv_ann + log_iv_ann + vrp_proxy + log_iv_rv,6,0.11825513482766968,0,0,0.3611111111111111,-0.02792663694084122,0.19737373327537852,0.7290469191033981,0.27095308089660186,0.08421212835615677,0.00532138760982083,0.005237175481464673,0.0101864533857485,0.0473916081964935,72,fitted,
2023-08-31,2023-07-31,ML Gradient Boosting + VRP,Gradient Boosting,equity_ret + bond_ret + log_rv_ann + log_iv_ann + vrp_proxy + log_iv_rv,6,0.2274238156139654,0,0,0.3611111111111111,-0.02792663694084122,0.19737373327537852,0.6635457106316207,0.3364542893683793,0.13100241694355486,-0.005432926418724147,-0.005563928835667702,-0.0089737970679788,0.0409065797422744,72,fitted,
2023-09-30,2023-08-31,ML Gradient Boosting + VRP,Gradient Boosting,equity_ret + bond_ret + log_rv_ann + log_iv_ann + vrp_proxy + log_iv_rv,6,0.13209150773128844,0,0,0.3611111111111111,-0.026612409178363838,0.19737373327537852,0.720745095361227,0.279254904638773,0.11439876945921257,-0.011362505483796763,-0.011476904253255977,-0.0155044856071422,0.039116430241608,72,fitted,
2023-10-31,2023-09-30,ML Gradient Boosting + VRP,Gradient Boosting,equity_ret + bond_ret + log_rv_ann + log_iv_ann + vrp_proxy + log_iv_rv,6,0.1067879854340853,0,0,0.3611111111111111,-0.026612409178363838,0.19737373327537852,0.7359272087395489,0.26407279126045113,0.030364226756643742,-0.010579317054164605,-0.010609681280921249,-0.0125825388379577,0.0516818403453746,72,fitted,
2023-11-30,2023-10-31,ML Gradient Boosting + VRP,Gradient Boosting,equity_ret + bond_ret + log_rv_ann + log_iv_ann + vrp_proxy + log_iv_rv,6,0.16283854687106955,0,0,0.3611111111111111,-0.026612409178363838,0.19737373327537852,0.7022968718773583,0.29770312812264166,0.06726067372438105,0.001121164009597107,0.001053903335872726,-0.0008188777295246,0.0392966989771129,72,fitted,
2023-12-31,2023-11-30,ML Gradient Boosting + VRP,Gradient Boosting,equity_ret + bond_ret + log_rv_ann + log_iv_ann + vrp_proxy + log_iv_rv,6,0.27843464774166576,0,0,0.3611111111111111,-0.026612409178363838,0.19737373327537852,0.6329392113550005,0.36706078864499947,0.13871532104471562,0.06388120508846518,0.06374248976742046,0.0808246161992873,0.0695418014743718,72,fitted,
2024-01-31,2023-12-31,ML Gradient Boosting + VRP,Gradient Boosting,equity_ret + bond_ret + log_rv_ann + log_iv_ann + vrp_proxy + log_iv_rv,6,0.4957506171026571,0,0,0.3611111111111111,-0.026612409178363838,0.19737373327537852,0.5025496297384058,0.4974503702615942,0.2607791632331895,-0.007516344486400003,-0.007777123649633192,-0.0207930769821085,0.0739061400281641,72,fitted,
2024-02-29,2024-01-31,ML Gradient Boosting + VRP,Gradient Boosting,equity_ret + bond_ret + log_rv_ann + log_iv_ann + vrp_proxy + log_iv_rv,6,0.3535818024666824,0,0,0.3611111111111111,-0.026612409178363838,0.19737373327537852,0.5878509185199906,0.4121490814800094,0.17060257756316966,0.03843414834033168,0.03826354576276851,0.0684491583614437,0.0710634131786018,72,fitted,
2024-03-31,2024-02-29,ML Gradient Boosting + VRP,Gradient Boosting,equity_ret + bond_ret + log_rv_ann + log_iv_ann + vrp_proxy + log_iv_rv,6,0.46718927309505587,0,0,0.3611111111111111,-0.024338547841299456,0.19737373327537852,0.5196864361429665,0.4803135638570335,0.1363289647540482,0.03047034510153236,0.03033401613677831,0.049901522808696,0.0475982938777777,72,fitted,
2024-04-30,2024-03-31,ML Gradient Boosting + VRP,Gradient Boosting,equity_ret + bond_ret + log_rv_ann + log_iv_ann + vrp_proxy + log_iv_rv,6,0.6452395183479789,1,0,0.3611111111111111,-0.024338547841299456,0.19737373327537852,0.4128562889912127,0.5871437110087874,0.2136602943035077,-0.002063585650541585,-0.002277245944845093,-0.0056570935508506,0.0455031035282115,72,fitted,
2024-05-31,2024-04-30,ML Gradient Boosting + VRP,Gradient Boosting,equity_ret + bond_ret + log_rv_ann + log_iv_ann + vrp_proxy + log_iv_rv,6,0.1768137583202155,0,0,0.3611111111111111,-0.024338547841299456,0.19737373327537852,0.6939117450078708,0.3060882549921292,0.5621109120333163,0.010908926186405942,0.010346815274372626,0.0167830458835656,0.0273933170442783,72,fitted,
2024-06-30,2024-05-31,ML Gradient Boosting + VRP,Gradient Boosting,equity_ret + bond_ret + log_rv_ann + log_iv_ann + vrp_proxy + log_iv_rv,6,0.213786847476188,0,0,0.3611111111111111,-0.024338547841299456,0.19737373327537852,0.6717278915142871,0.32827210848571287,0.0443677069871673,-0.0019004068286485407,-0.0019447745356357081,-0.000742282644639,0.0236814988852357,72,fitted,
2024-07-31,2024-06-30,ML Gradient Boosting + VRP,Gradient Boosting,equity_ret + bond_ret + log_rv_ann + log_iv_ann + vrp_proxy + log_iv_rv,6,0.38197602749881177,0,0,0.3611111111111111,-0.019735358707115232,0.19737373327537852,0.5708143835007129,0.4291856164992871,0.20182701602714848,-0.0035692552282272343,-0.0037710822442543826,-0.0115803161297599,0.0278732037519852,72,fitted,
2024-08-31,2024-07-31,ML Gradient Boosting + VRP,Gradient Boosting,equity_ret + bond_ret + log_rv_ann + log_iv_ann + vrp_proxy + log_iv_rv,6,0.42840084248814453,0,1,0.3611111111111111,-0.019735358707115232,0.19737373327537852,0.5429594945071133,0.45704050549288666,0.055709777987199116,-0.027349426683824264,-0.027405136461811464,-0.0617728346479099,0.0911844078850842,72,fitted,
2024-09-30,2024-08-31,ML Gradient Boosting + VRP,Gradient Boosting,equity_ret + bond_ret + log_rv_ann + log_iv_ann + vrp_proxy + log_iv_rv,6,0.5775307887612784,1,0,0.3611111111111111,-0.025726041463566093,0.19737373327537852,0.453481526743233,0.546518473256767,0.17895593552776062,0.020321231074683817,0.020142275139156056,0.0311304198678461,0.1457928228026169,72,fitted,
2024-10-31,2024-09-30,ML Gradient Boosting + VRP,Gradient Boosting,equity_ret + bond_ret + log_rv_ann + log_iv_ann + vrp_proxy + log_iv_rv,6,0.3815088793888349,0,0,0.3611111111111111,-0.019735358707115232,0.19737373327537852,0.5710946723666992,0.4289053276333008,0.23522629124693234,0.017989121355492577,0.017753895064245646,0.0324589045236365,0.1468704909168978,72,fitted,
2024-11-30,2024-10-31,ML Gradient Boosting + VRP,Gradient Boosting,equity_ret + bond_ret + log_rv_ann + log_iv_ann + vrp_proxy + log_iv_rv,6,0.1391745754782072,0,1,0.3611111111111111,-0.015220557783206377,0.19737373327537852,0.7164952547130756,0.2835047452869244,0.29080116469275286,-0.03234702593091926,-0.03263782709561201,-0.0453992904785968,0.1503492990097555,72,fitted,
2024-12-31,2024-11-30,ML Gradient Boosting + VRP,Gradient Boosting,equity_ret + bond_ret + log_rv_ann + log_iv_ann + vrp_proxy + log_iv_rv,6,0.15676058827564324,0,0,0.3611111111111111,-0.019735358707115232,0.19737373327537852,0.7059436470346142,0.2940563529653858,0.021103215356922833,0.03720788325121283,0.03718678003585591,0.046544631256673,0.0360630834838487,72,fitted,
2025-01-31,2024-12-31,ML Gradient Boosting + VRP,Gradient Boosting,equity_ret + bond_ret + log_rv_ann + log_iv_ann + vrp_proxy + log_iv_rv,6,0.7177665711460128,1,0,0.3611111111111111,-0.015220557783206377,0.19737373327537852,0.3693400573123923,0.6306599426876077,0.6732071794444439,-0.013031140917770067,-0.01370434809721451,0.0023622817657473,0.0247885078015251,72,fitted,
2025-02-28,2025-01-31,ML Gradient Boosting + VRP,Gradient Boosting,equity_ret + bond_ret + log_rv_ann + log_iv_ann + vrp_proxy + log_iv_rv,6,0.23076595800146077,0,0,0.3611111111111111,-0.015220557783206377,0.19737373327537852,0.6615404251991237,0.3384595748008763,0.5844007357734629,0.06123143335554033,0.060647032619766866,0.0860694753521582,0.0626712711363506,72,fitted,
2025-03-31,2025-02-28,ML Gradient Boosting + VRP,Gradient Boosting,equity_ret + bond_ret + log_rv_ann + log_iv_ann + vrp_proxy + log_iv_rv,6,0.6291899158378823,1,0,0.3611111111111111,-0.015220557783206377,0.19737373327537852,0.4224860504972706,0.5775139495027294,0.4781087494037062,-0.013540087505288453,-0.014018196254692158,-0.0085521595560056,0.0781737201066187,72,fitted,
2025-04-30,2025-03-31,ML Gradient Boosting + VRP,Gradient Boosting,equity_ret + bond_ret + log_rv_ann + log_iv_ann + vrp_proxy + log_iv_rv,6,0.4672443876660468,0,1,0.3611111111111111,-0.015220557783206377,0.19737373327537852,0.5196533674003719,0.48034663259962807,0.19433463380620264,-0.04869617532822597,-0.04889050996203217,-0.1067634090530582,0.1793633188674125,72,fitted,
2025-05-31,2025-04-30,ML Gradient Boosting + VRP,Gradient Boosting,equity_ret + bond_ret + log_rv_ann + log_iv_ann + vrp_proxy + log_iv_rv,6,0.5274487574683564,1,1,0.3611111111111111,-0.019735358707115232,0.19737373327537852,0.48353074551898617,0.5164692544810139,0.07224524376277158,0.0627401730350674,0.06266792779130463,0.1264050161118952,0.2577846268870902,72,fitted,
2025-06-30,2025-05-31,ML Gradient Boosting + VRP,Gradient Boosting,equity_ret + bond_ret + log_rv_ann + log_iv_ann + vrp_proxy + log_iv_rv,6,0.719292386073227,1,1,0.3611111111111111,-0.015220557783206377,0.2028782537877414,0.36842456835606385,0.6315754316439361,0.23021235432584458,0.005860493332531695,0.005630280978205851,0.00014651081948,0.2308426790401719,72,fitted,
2025-07-31,2025-06-30,ML Gradient Boosting + VRP,Gradient Boosting,equity_ret + bond_ret + log_rv_ann + log_iv_ann + vrp_proxy + log_iv_rv,6,0.66931475061781,1,0,0.3611111111111111,-0.015220557783206377,0.20491824771371225,0.398411149629314,0.601588850370686,0.059973162546500314,-0.003564145322714976,-0.0036241184852614764,-0.0017930007602416,0.1493033883768388,72,fitted,
2025-08-31,2025-07-31,ML Gradient Boosting + VRP,Gradient Boosting,equity_ret + bond_ret + log_rv_ann + log_iv_ann + vrp_proxy + log_iv_rv,6,0.566017973627661,1,0,0.3611111111111111,-0.015220557783206377,0.20491824771371225,0.4603892158234034,0.5396107841765966,0.12395613238817882,-0.003045724525812384,-0.003169680658200563,-0.0088251030555264,0.0281379367631093,72,fitted,
2025-09-30,2025-08-31,ML Gradient Boosting + VRP,Gradient Boosting,equity_ret + bond_ret + log_rv_ann + log_iv_ann + vrp_proxy + log_iv_rv,6,0.47296711204439695,0,0,0.3611111111111111,-0.013805425729411638,0.20491824771371225,0.5162197327733618,0.48378026722663825,0.11166103389991666,0.006503278156735265,0.006391617122835348,0.0102586303689389,0.0260820029788217,72,fitted,
2025-10-31,2025-09-30,ML Gradient Boosting + VRP,Gradient Boosting,equity_ret + bond_ret + log_rv_ann + log_iv_ann + vrp_proxy + log_iv_rv,6,0.24349139116913276,0,0,0.3611111111111111,-0.013805425729411638,0.20491824771371225,0.6539051652985204,0.3460948347014796,0.27537086505031727,0.018971224464351656,0.01869585359930134,0.0260837374483409,0.0372170127061661,72,fitted,
2025-11-30,2025-10-31,ML Gradient Boosting + VRP,Gradient Boosting,equity_ret + bond_ret + log_rv_ann + log_iv_ann + vrp_proxy + log_iv_rv,6,0.25883033333843203,0,0,0.3611111111111111,-0.013784384957562018,0.20491824771371225,0.6447017999969407,0.35529820000305934,0.01840673060315945,0.0310750924540207,0.03105668572341754,0.0462801361176319,0.0434625634835228,72,fitted,
2025-12-31,2025-11-30,ML Gradient Boosting + VRP,Gradient Boosting,equity_ret + bond_ret + log_rv_ann + log_iv_ann + vrp_proxy + log_iv_rv,6,0.08786186632138109,0,0,0.3611111111111111,-0.013784384957562018,0.20491824771371225,0.7472828802071714,0.2527171197928286,0.20516216042046143,-0.011094079056709076,-0.011299241217129538,-0.0115079539513099,0.0462365539373476,72,fitted,
2026-01-31,2025-12-31,ML Gradient Boosting + VRP,Gradient Boosting,equity_ret + bond_ret + log_rv_ann + log_iv_ann + vrp_proxy + log_iv_rv,6,0.17389533820137806,0,0,0.3611111111111111,-0.013784384957562018,0.20491824771371225,0.6956627970791732,0.3043372029208268,0.1032401662559963,0.026606908477138695,0.0265036683108827,0.0354606097261407,0.047185894866654,72,fitted,
2026-02-28,2026-01-31,ML Gradient Boosting + VRP,Gradient Boosting,equity_ret + bond_ret + log_rv_ann + log_iv_ann + vrp_proxy + log_iv_rv,6,0.13916813160145408,0,0,0.3611111111111111,-0.013784384957562018,0.20491824771371225,0.7164991210391276,0.2835008789608724,0.04167264791990877,0.010184617875356846,0.010142945227436938,0.0126325983056794,0.0481916911852781,72,fitted,
2026-03-31,2026-02-28,ML Gradient Boosting + VRP,Gradient Boosting,equity_ret + bond_ret + log_rv_ann + log_iv_ann + vrp_proxy + log_iv_rv,6,0.22685975546620343,0,1,0.3611111111111111,-0.013784384957562018,0.20491824771371225,0.663884146720278,0.33611585327972204,0.1052299486376993,-0.03178758823106394,-0.03189281817970164,-0.0464290485019482,0.0534549078400147,72,fitted,
2026-04-30,2026-03-31,ML Gradient Boosting + VRP,Gradient Boosting,equity_ret + bond_ret + log_rv_ann + log_iv_ann + vrp_proxy + log_iv_rv,6,0.595312548153411,1,0,0.375,-0.013784384957562018,0.2028782537877414,0.44281247110795346,0.5571875288920465,0.44214335122464893,-0.006694769289045581,-0.00713691264027023,-0.004727362283284,0.0535888878229993,72,fitted,
2026-05-31,2026-04-30,ML Gradient Boosting + VRP,Gradient Boosting,equity_ret + bond_ret + log_rv_ann + log_iv_ann + vrp_proxy + log_iv_rv,6,0.5891816303287556,1,0,0.375,-0.013784384957562018,0.19737373327537852,0.4464910218027467,0.5535089781972533,0.007357101389586396,0.029790176175346236,0.02978281907395665,0.0587174157732706,0.0715497098939358,72,fitted,
2026-06-30,2026-05-31,ML Gradient Boosting + VRP,Gradient Boosting,equity_ret + bond_ret + log_rv_ann + log_iv_ann + vrp_proxy + log_iv_rv,6,0.3918801988548814,0,0,0.375,-0.013784384957562018,0.1868117193295664,0.5648718806870712,0.43512811931292883,0.23676171776864896,0.0029510120740215105,0.0027142503562528615,0.0057971110770131,0.0596109071575914,72,fitted,
2026-07-31,2026-06-30,ML Gradient Boosting + VRP,Gradient Boosting,equity_ret + bond_ret + log_rv_ann + log_iv_ann + vrp_proxy + log_iv_rv,6,0.2240152203626723,0,0,0.3611111111111111,-0.013784384957562018,0.1776268083597394,0.6655908677823966,0.3344091322176034,0.2014379741906509,0.027406746556703748,0.027205308582513098,0.0363621967699221,0.0746015252107158,72,fitted,
