date,signal_date,strategy,model,features,feature_count,stress_probability,predicted_stress,actual_stress,train_stress_rate,return_threshold,rv_threshold,equity_weight,bond_weight,turnover,gross_return,net_return,next_equity_return,next_realized_variance,train_obs,fit_status,error_message
2011-04-30,2011-03-31,ML Logistic Base,Logistic,equity_ret + bond_ret + log_rv_ann + log_iv_ann,4,0.4356354881127781,0,0,0.2916666666666667,-0.02540426883526746,0.05024129622728161,0.5386187071323332,0.4613812928676668,1.0,0.022831083472607476,0.021831083472607475,0.0289613761733893,0.0075587205607825,72,fitted,
2011-05-31,2011-04-30,ML Logistic Base,Logistic,equity_ret + bond_ret + log_rv_ann + log_iv_ann,4,0.16376760406863414,0,0,0.2916666666666667,-0.02540426883526746,0.05024129622728161,0.7017394375588196,0.2982605624411804,0.3262414608529729,-0.004171577660400327,-0.0044978191212533,-0.0112144254815793,0.0110761203392562,72,fitted,
2011-06-30,2011-05-31,ML Logistic Base,Logistic,equity_ret + bond_ret + log_rv_ann + log_iv_ann,4,0.25016080544390734,0,0,0.2916666666666667,-0.02540426883526746,0.05024129622728161,0.6499035167336557,0.35009648326634435,0.10367184165032794,-0.01252244532186826,-0.012626117163518587,-0.0168700078463259,0.0214107095288551,72,fitted,
2011-07-31,2011-06-30,ML Logistic Base,Logistic,equity_ret + bond_ret + log_rv_ann + log_iv_ann,4,0.4173358608739909,0,0,0.2916666666666667,-0.02540426883526746,0.05024129622728161,0.5495984834756055,0.45040151652439453,0.20061006651610036,-0.0033975643374062675,-0.0035981744039223678,-0.0200043491479079,0.0234689545298284,72,fitted,
2011-08-31,2011-07-31,ML Logistic Base,Logistic,equity_ret + bond_ret + log_rv_ann + log_iv_ann,4,0.515850126342753,1,1,0.2916666666666667,-0.02540426883526746,0.05024129622728161,0.4904899241943482,0.5095100758056518,0.11821711856251449,-0.019218254458107615,-0.01933647157667013,-0.0549756689838916,0.2183075845871292,72,fitted,
2011-09-30,2011-08-31,ML Logistic Base,Logistic,equity_ret + bond_ret + log_rv_ann + log_iv_ann,4,0.8270491546857427,1,1,0.2916666666666667,-0.029265442999799995,0.05215353486915771,0.3037705071885544,0.6962294928114456,0.3734388340115877,-0.01572318634570908,-0.01609662517972067,-0.0694209569617928,0.0837550521056862,72,fitted,
2011-10-31,2011-09-30,ML Logistic Base,Logistic,equity_ret + bond_ret + log_rv_ann + log_iv_ann,4,0.8798942631627574,1,1,0.2777777777777778,-0.03107264108505382,0.06131442345129999,0.27206344210234557,0.7279365578976544,0.06341413017241765,0.030615643158454553,0.030552229028282134,0.1091471376825803,0.0854744311998559,72,fitted,
2011-11-30,2011-10-31,ML Logistic Base,Logistic,equity_ret + bond_ret + log_rv_ann + log_iv_ann,4,0.759112282326676,1,1,0.2916666666666667,-0.03107264108505382,0.06726469050944478,0.3445326306039944,0.6554673693960056,0.1449383770032977,-0.0035681455643811573,-0.003713083941384455,-0.0040636591106093,0.0892741878172766,72,fitted,
2011-12-31,2011-11-30,ML Logistic Base,Logistic,equity_ret + bond_ret + log_rv_ann + log_iv_ann,4,0.7894617010529452,1,0,0.3055555555555556,-0.03107264108505382,0.06977431435421386,0.3263229793682329,0.673677020631767,0.036419302471522974,0.012549105792576128,0.012512686490104605,0.01044831087433,0.0337262085043343,72,fitted,
2012-01-31,2011-12-31,ML Logistic Base,Logistic,equity_ret + bond_ret + log_rv_ann + log_iv_ann,4,0.46095303455939113,0,0,0.3055555555555556,-0.03107264108505382,0.06977431435421386,0.5234281792643654,0.47657182073563464,0.39421039979226485,0.02773209607400376,0.027337885674211495,0.0463746526390511,0.0083654259453761,72,fitted,
2012-02-29,2012-01-31,ML Logistic Base,Logistic,equity_ret + bond_ret + log_rv_ann + log_iv_ann,4,0.21639388091369544,0,0,0.3055555555555556,-0.03107264108505382,0.06977431435421386,0.6701636714517829,0.3298363285482171,0.2934709843748351,0.02904437488568969,0.028750903901314854,0.0434056984734232,0.0073543583714155,72,fitted,
2012-03-31,2012-02-29,ML Logistic Base,Logistic,equity_ret + bond_ret + log_rv_ann + log_iv_ann,4,0.2079644888814713,0,0,0.3055555555555556,-0.03107264108505382,0.06977431435421386,0.6752213066711172,0.32477869332888276,0.010115270438668666,0.019856749171050025,0.019846633900611355,0.0321635863595661,0.0131720446982552,72,fitted,
2012-04-30,2012-03-31,ML Logistic Base,Logistic,equity_ret + bond_ret + log_rv_ann + log_iv_ann,4,0.22836362163549043,0,0,0.3055555555555556,-0.03107264108505382,0.06977431435421386,0.6629818270187059,0.3370181729812941,0.02447895930482269,-0.0013727106772934501,-0.0013971896365982729,-0.0066757506999459,0.0190166819597253,72,fitted,
2012-05-31,2012-04-30,ML Logistic Base,Logistic,equity_ret + bond_ret + log_rv_ann + log_iv_ann,4,0.2477676226942407,0,1,0.3055555555555556,-0.03107264108505382,0.06977431435421386,0.6513394263834555,0.34866057361654446,0.0232848012705007,-0.03535726697571346,-0.03538055177698396,-0.0600555737185005,0.0184635370320247,72,fitted,
2012-06-30,2012-05-31,ML Logistic Base,Logistic,equity_ret + bond_ret + log_rv_ann + log_iv_ann,4,0.40041687919513247,0,0,0.3055555555555556,-0.03533607479626376,0.06977431435421386,0.5597498724829205,0.4402501275170795,0.18317910780107005,0.022628373284677775,0.022445194176876706,0.0405811990245525,0.0416179538698594,72,fitted,
2012-07-31,2012-06-30,ML Logistic Base,Logistic,equity_ret + bond_ret + log_rv_ann + log_iv_ann,4,0.38683342826602896,0,0,0.3055555555555556,-0.03533607479626376,0.06977431435421386,0.5678999430403826,0.4321000569596174,0.01630014111492417,0.012603821779299907,0.012587521638184983,0.0118296419497001,0.0188292832116557,72,fitted,
2012-08-31,2012-07-31,ML Logistic Base,Logistic,equity_ret + bond_ret + log_rv_ann + log_iv_ann,4,0.2716547330311304,0,0,0.3055555555555556,-0.03533607479626376,0.06977431435421386,0.6370071601813218,0.36299283981867825,0.1382144342818783,0.01595853384079485,0.015820319406512972,0.0250523617917455,0.0079970053660368,72,fitted,
2012-09-30,2012-08-31,ML Logistic Base,Logistic,equity_ret + bond_ret + log_rv_ann + log_iv_ann,4,0.19105795768452424,0,0,0.3055555555555556,-0.03533607479626376,0.06977431435421386,0.6853652253892856,0.31463477461071443,0.09671613041592764,0.018213407386339572,0.018116691255923644,0.0253509542714824,0.012787973643012,72,fitted,
2012-10-31,2012-09-30,ML Logistic Base,Logistic,equity_ret + bond_ret + log_rv_ann + log_iv_ann,4,0.18946744787135608,0,0,0.3055555555555556,-0.03533607479626376,0.06977431435421386,0.6863195312771864,0.31368046872281363,0.0019086117758015941,-0.01263800936975571,-0.012639917981531513,-0.0181984465942166,0.0111640835734069,72,fitted,
2012-11-30,2012-10-31,ML Logistic Base,Logistic,equity_ret + bond_ret + log_rv_ann + log_iv_ann,4,0.2432807365776108,0,0,0.3055555555555556,-0.03533607479626376,0.06977431435421386,0.6540315580534335,0.3459684419465665,0.06457594644750575,0.004638192528718101,0.004573616582270595,0.0056596591664745,0.0222651919464717,72,fitted,
2012-12-31,2012-11-30,ML Logistic Base,Logistic,equity_ret + bond_ret + log_rv_ann + log_iv_ann,4,0.2426188031895931,0,0,0.3055555555555556,-0.03533607479626376,0.06977431435421386,0.6544287180862443,0.34557128191375575,0.0007943200656215232,0.004999560983497436,0.004998766663431815,0.008934591377669,0.0121228158935489,72,fitted,
2013-01-31,2012-12-31,ML Logistic Base,Logistic,equity_ret + bond_ret + log_rv_ann + log_iv_ann,4,0.23731974557900024,0,0,0.3055555555555556,-0.03533607479626376,0.06977431435421386,0.6576081526526,0.3423918473474,0.006358869132711442,0.031536126341050845,0.03152976747191814,0.0511901683618252,0.0107814717977941,72,fitted,
2013-02-28,2013-01-31,ML Logistic Base,Logistic,equity_ret + bond_ret + log_rv_ann + log_iv_ann,4,0.15220220808563803,0,0,0.3055555555555556,-0.03533607479626376,0.06977431435421386,0.7086786751486172,0.29132132485138285,0.10214104499203436,0.010763496232255563,0.010661355187263528,0.0127590213208466,0.0157771665562433,72,fitted,
2013-03-31,2013-02-28,ML Logistic Base,Logistic,equity_ret + bond_ret + log_rv_ann + log_iv_ann,4,0.17879361933564253,0,0,0.3055555555555556,-0.03533607479626376,0.06977431435421386,0.6927238283986146,0.30727617160138543,0.031909693500005165,0.026606087935038235,0.02657417824153823,0.0379711887423981,0.0061156058796676,72,fitted,
2013-04-30,2013-03-31,ML Logistic Base,Logistic,equity_ret + bond_ret + log_rv_ann + log_iv_ann,4,0.07740895165046174,0,0,0.3055555555555556,-0.03533607479626376,0.06977431435421386,0.753554629009723,0.24644537099027697,0.12166160122221692,0.016864432548773796,0.01674277094755158,0.0192120425258286,0.0201297160662904,72,fitted,
2013-05-31,2013-04-30,ML Logistic Base,Logistic,equity_ret + bond_ret + log_rv_ann + log_iv_ann,4,0.15321034340493794,0,0,0.3055555555555556,-0.03533607479626376,0.06977431435421386,0.7080737939570374,0.2919262060429626,0.09096167010537126,0.010875758039485307,0.010784796369379936,0.0236100506671108,0.0105088114329687,72,fitted,
2013-06-30,2013-05-31,ML Logistic Base,Logistic,equity_ret + bond_ret + log_rv_ann + log_iv_ann,4,0.22557427559150423,0,0,0.3055555555555556,-0.03533607479626376,0.06977431435421386,0.6646554346450975,0.33534456535490254,0.08683671862387987,-0.014118977686960639,-0.014205814405584518,-0.0133447853857828,0.0300261699601843,72,fitted,
2013-07-31,2013-06-30,ML Logistic Base,Logistic,equity_ret + bond_ret + log_rv_ann + log_iv_ann,4,0.3508184469437695,0,0,0.3055555555555556,-0.03533607479626376,0.06977431435421386,0.5895089318337383,0.4104910681662617,0.1502930056227183,0.031568343715284095,0.031418050709661374,0.0516768409309673,0.0058845046247947,72,fitted,
2013-08-31,2013-07-31,ML Logistic Base,Logistic,equity_ret + bond_ret + log_rv_ann + log_iv_ann,4,0.08338952668624897,0,0,0.3055555555555556,-0.03424248759524367,0.06977431435421386,0.7499662839882506,0.2500337160117494,0.3209147043090246,-0.024559202054007075,-0.024880116758316098,-0.0299920451157992,0.0097758966126948,72,fitted,
2013-09-30,2013-08-31,ML Logistic Base,Logistic,equity_ret + bond_ret + log_rv_ann + log_iv_ann,4,0.20161976096225073,0,0,0.3055555555555556,-0.03507238154346391,0.06977431435421386,0.6790281434226495,0.3209718565773505,0.1418762811312022,0.02508572847123463,0.02494385219010343,0.0316465616335366,0.0072570980514356,72,fitted,
2013-10-31,2013-09-30,ML Logistic Base,Logistic,equity_ret + bond_ret + log_rv_ann + log_iv_ann,4,0.1319314890426696,0,0,0.3055555555555556,-0.03507238154346391,0.06977431435421386,0.7208411065743984,0.27915889342560163,0.08362592630349774,0.0357039220716534,0.0356202961453499,0.0463062010108756,0.0162586541179686,72,fitted,
2013-11-30,2013-10-31,ML Logistic Base,Logistic,equity_ret + bond_ret + log_rv_ann + log_iv_ann,4,0.1484384836530156,0,0,0.3055555555555556,-0.03507238154346391,0.06977431435421386,0.7109369098081907,0.2890630901918093,0.01980839353241537,0.020346235899978304,0.02032642750644589,0.0296382009223603,0.0076676402226258,72,fitted,
2013-12-31,2013-11-30,ML Logistic Base,Logistic,equity_ret + bond_ret + log_rv_ann + log_iv_ann,4,0.13550019888655748,0,0,0.3055555555555556,-0.029162151167578955,0.06883783694844543,0.7186998806680654,0.28130011933193455,0.015525941719749525,0.0170671116738249,0.017051585732105152,0.0259262463698537,0.0093337447007758,72,fitted,
2014-01-31,2013-12-31,ML Logistic Base,Logistic,equity_ret + bond_ret + log_rv_ann + log_iv_ann,4,0.15286151911946863,0,1,0.3055555555555556,-0.029162151167578955,0.06883783694844543,0.7082830885283189,0.2917169114716811,0.02083358427949311,-0.020470806202185374,-0.020491639786464868,-0.035248510781063,0.0159872280500098,72,fitted,
2014-02-28,2014-01-31,ML Logistic Base,Logistic,equity_ret + bond_ret + log_rv_ann + log_iv_ann,4,0.2800514764106233,0,0,0.3055555555555556,-0.029162151167578955,0.06883783694844543,0.6319691141536261,0.3680308858463739,0.15262794874938557,0.030149907163345258,0.02999727921459587,0.0455158663927885,0.0163493295969697,72,fitted,
2014-03-31,2014-02-28,ML Logistic Base,Logistic,equity_ret + bond_ret + log_rv_ann + log_iv_ann,4,0.23172770772256876,0,0,0.3055555555555556,-0.027994505922220927,0.06883783694844543,0.6609633753664588,0.33903662463354123,0.05798852242566532,0.004981005930980734,0.004923017408555068,0.0082954994542154,0.009683363565597,72,fitted,
2014-04-30,2014-03-31,ML Logistic Base,Logistic,equity_ret + bond_ret + log_rv_ann + log_iv_ann,4,0.1878763820687662,0,0,0.2916666666666667,-0.027994505922220927,0.06043256133499791,0.6872741707587403,0.3127258292412597,0.05262159078456308,0.0073473887225173114,0.007294767131732749,0.0069518475292078,0.0162621120321702,72,fitted,
2014-05-31,2014-04-30,ML Logistic Base,Logistic,equity_ret + bond_ret + log_rv_ann + log_iv_ann,4,0.21638569697273793,0,0,0.2916666666666667,-0.027994505922220927,0.06043256133499791,0.6701685818163573,0.3298314181836427,0.03421117788476602,0.019440754765328652,0.019406543587443887,0.0232060193655998,0.0064799496520708,72,fitted,
2014-06-30,2014-05-31,ML Logistic Base,Logistic,equity_ret + bond_ret + log_rv_ann + log_iv_ann,4,0.10426848937957668,0,0,0.2916666666666667,-0.027994505922220927,0.06043256133499791,0.737438906372254,0.26256109362774604,0.1345406491117933,0.015073450934103394,0.014938910284991601,0.0206450108571647,0.0032678749048789,72,fitted,
2014-07-31,2014-06-30,ML Logistic Base,Logistic,equity_ret + bond_ret + log_rv_ann + log_iv_ann,4,0.08637674273618956,0,0,0.2916666666666667,-0.0198485017927891,0.06043256133499791,0.7481739543582863,0.25182604564171374,0.021470095972064618,-0.010685820158604323,-0.010707290254576387,-0.0134380323126438,0.0103065016660115,72,fitted,
2014-08-31,2014-07-31,ML Logistic Base,Logistic,equity_ret + bond_ret + log_rv_ann + log_iv_ann,4,0.26565533185855095,0,0,0.2916666666666667,-0.0198485017927891,0.059200735261029695,0.6406068008848694,0.35939319911513057,0.21513430694683366,0.02941271097120201,0.029197576664255175,0.0394641530141997,0.006543651975585,72,fitted,
2014-09-30,2014-08-31,ML Logistic Base,Logistic,equity_ret + bond_ret + log_rv_ann + log_iv_ann,4,0.12256311818691772,0,0,0.2916666666666667,-0.0198485017927891,0.059200735261029695,0.7264621290878495,0.27353787091215054,0.17171065640596006,-0.01170413488022484,-0.0118758455366308,-0.0137960646349067,0.0083852752536563,72,fitted,
2014-10-31,2014-09-30,ML Logistic Base,Logistic,equity_ret + bond_ret + log_rv_ann + log_iv_ann,4,0.23510046689067715,0,0,0.3055555555555556,-0.01901977921669444,0.04186643298170308,0.6589397198655937,0.34106028013440626,0.13504481844451144,0.019147688569695526,0.019012643751251015,0.0235507941510688,0.0322112420841767,72,fitted,
2014-11-30,2014-10-31,ML Logistic Base,Logistic,equity_ret + bond_ret + log_rv_ann + log_iv_ann,4,0.3180463944081369,0,0,0.3194444444444444,-0.01793275884463846,0.04115087425286223,0.6091721633551179,0.3908278366448821,0.09953511302095164,0.0193029456993819,0.01920341058636095,0.0274718902984996,0.0040727695658734,72,fitted,
2014-12-31,2014-11-30,ML Logistic Base,Logistic,equity_ret + bond_ret + log_rv_ann + log_iv_ann,4,0.1634531804293901,0,0,0.3333333333333333,-0.01625521920404206,0.03900163017787599,0.701928091742366,0.29807190825763397,0.18551185677449622,-0.0013408362839118849,-0.001526348140686381,-0.0025368191991439,0.0231050557664015,72,fitted,
2015-01-31,2014-12-31,ML Logistic Base,Logistic,equity_ret + bond_ret + log_rv_ann + log_iv_ann,4,0.46972038982182507,0,1,0.3194444444444444,-0.01625521920404206,0.0370475839007756,0.518167766106905,0.48183223389309504,0.36752065127092215,-0.005464175309481676,-0.005831695960752599,-0.0296294039445595,0.0273729514320056,72,fitted,
2015-02-28,2015-01-31,ML Logistic Base,Logistic,equity_ret + bond_ret + log_rv_ann + log_iv_ann,4,0.5959875260354638,1,0,0.3333333333333333,-0.01625521920404206,0.03367208875240104,0.44240748437872174,0.5575925156212782,0.1515205634563664,0.01987606561549893,0.019724545052042564,0.0562047157616216,0.0123289611594899,72,fitted,
2015-03-31,2015-02-28,ML Logistic Base,Logistic,equity_ret + bond_ret + log_rv_ann + log_iv_ann,4,0.22040882920127325,0,1,0.3472222222222222,-0.01372445817045412,0.033347542089627,0.6677547024792362,0.3322452975207638,0.45069443620102884,-0.009242331702914632,-0.00969302613911566,-0.015705318762726,0.0196625988822306,72,fitted,
2015-04-30,2015-03-31,ML Logistic Base,Logistic,equity_ret + bond_ret + log_rv_ann + log_iv_ann,4,0.3989122916449881,0,0,0.3472222222222222,-0.015323467937162138,0.032774465592405745,0.5606526250130072,0.43934737498699283,0.21420415493245804,0.004095230631287371,0.0038810264763549135,0.0098335988197435,0.0069824951346415,72,fitted,
2015-05-31,2015-04-30,ML Logistic Base,Logistic,equity_ret + bond_ret + log_rv_ann + log_iv_ann,4,0.27820582988981035,0,0,0.3472222222222222,-0.015323467937162138,0.03179099127707973,0.6330765020661139,0.3669234979338861,0.14484775410621342,0.006533879790194118,0.006389032036087905,0.0128561307003343,0.011684481555973,72,fitted,
2015-06-30,2015-05-31,ML Logistic Base,Logistic,equity_ret + bond_ret + log_rv_ann + log_iv_ann,4,0.31303810753953065,0,1,0.3472222222222222,-0.015323467937162138,0.0300932244309903,0.6121771354762816,0.3878228645237184,0.04179873317966454,-0.01660998448487621,-0.016651783218055875,-0.0203115919609671,0.0126300938740652,72,fitted,
2015-07-31,2015-06-30,ML Logistic Base,Logistic,equity_ret + bond_ret + log_rv_ann + log_iv_ann,4,0.6729655175112169,1,0,0.3472222222222222,-0.01663707002960592,0.02949552625454857,0.39622068949326983,0.6037793105067302,0.43191289196602356,0.014155741732152005,0.013723828840185982,0.0225885702991868,0.0130861289347497,72,fitted,
2015-08-31,2015-07-31,ML Logistic Base,Logistic,equity_ret + bond_ret + log_rv_ann + log_iv_ann,4,0.1970311219340145,0,1,0.3333333333333333,-0.01663707002960592,0.027348668472675003,0.6817813268395913,0.31821867316040875,0.5711212746926428,-0.04262292080683016,-0.043194042081522804,-0.0609495604894528,0.0708891127570091,72,fitted,
2015-09-30,2015-08-31,ML Logistic Base,Logistic,equity_ret + bond_ret + log_rv_ann + log_iv_ann,4,0.9155530751849564,1,1,0.3333333333333333,-0.01793275884463846,0.02949552625454857,0.25066815488902616,0.7493318451109738,0.8622263439011302,-0.0003156273369501793,-0.0011778536808513095,-0.0255163653773383,0.0488701190813771,72,fitted,
2015-10-31,2015-09-30,ML Logistic Base,Logistic,equity_ret + bond_ret + log_rv_ann + log_iv_ann,4,0.7941617324133121,1,0,0.3194444444444444,-0.01901977921669444,0.0300932244309903,0.3235029605520128,0.6764970394479872,0.14566961132597323,0.02798061179282928,0.027834942181503307,0.0850598819349353,0.0192470206457399,72,fitted,
2015-11-30,2015-10-31,ML Logistic Base,Logistic,equity_ret + bond_ret + log_rv_ann + log_iv_ann,4,0.2819442199922068,0,0,0.3333333333333333,-0.01793275884463846,0.02949552625454857,0.6308334680046759,0.3691665319953241,0.6146610149053262,0.0008693651996371098,0.0002547041847317836,0.0036551569603713,0.0134588757471278,72,fitted,
2015-12-31,2015-11-30,ML Logistic Base,Logistic,equity_ret + bond_ret + log_rv_ann + log_iv_ann,4,0.47333794337945095,0,1,0.3194444444444444,-0.01793275884463846,0.027348668472675003,0.5159972339723295,0.48400276602767045,0.22967246806469266,-0.009845271863574211,-0.010074944331638904,-0.0172824293324246,0.0322499404329786,72,fitted,
2016-01-31,2015-12-31,ML Logistic Base,Logistic,equity_ret + bond_ret + log_rv_ann + log_iv_ann,4,0.6679544022409494,1,1,0.3333333333333333,-0.0180152431418582,0.02949552625454857,0.39922735865543035,0.6007726413445696,0.2335397506337984,-0.012422799456040239,-0.012656339206674036,-0.0497869575816805,0.0530294566212985,72,fitted,
2016-02-29,2016-01-31,ML Logistic Base,Logistic,equity_ret + bond_ret + log_rv_ann + log_iv_ann,4,0.7949146071764689,1,1,0.3194444444444444,-0.0180152431418582,0.0300932244309903,0.3230512356941187,0.6769487643058814,0.15235224592262336,0.005738088436040479,0.0055857361901178555,-0.0008256443239732,0.0390280071522599,72,fitted,
2016-03-31,2016-02-29,ML Logistic Base,Logistic,equity_ret + bond_ret + log_rv_ann + log_iv_ann,4,0.6727680465434437,1,0,0.3194444444444444,-0.0180152431418582,0.03177422765937823,0.39633917207393377,0.6036608279260662,0.1465758727596302,0.03194019924863852,0.03179362337587889,0.0672660877237718,0.0083737007573496,72,fitted,
2016-04-30,2016-03-31,ML Logistic Base,Logistic,equity_ret + bond_ret + log_rv_ann + log_iv_ann,4,0.18946576791204994,0,0,0.3194444444444444,-0.0180152431418582,0.03177422765937823,0.68632053925277,0.31367946074722997,0.5799627343576725,0.003504687710354024,0.0029247249759963515,0.0039410588202721,0.0099836167506883,72,fitted,
2016-05-31,2016-04-30,ML Logistic Base,Logistic,equity_ret + bond_ret + log_rv_ann + log_iv_ann,4,0.3535706964033181,0,0,0.3194444444444444,-0.0180152431418582,0.03177422765937823,0.5878575821580092,0.4121424178419908,0.19692591418952166,0.010055940798907337,0.009859014884717816,0.0170112297539695,0.011685875544568,72,fitted,
2016-06-30,2016-05-31,ML Logistic Base,Logistic,equity_ret + bond_ret + log_rv_ann + log_iv_ann,4,0.3588870607411672,0,1,0.3194444444444444,-0.01719994503520486,0.02949552625454857,0.5846677635552997,0.4153322364447003,0.006379637205419009,0.010069723390414112,0.010063343753208692,0.0034763530420491,0.0349160132281398,72,fitted,
2016-07-31,2016-06-30,ML Logistic Base,Logistic,equity_ret + bond_ret + log_rv_ann + log_iv_ann,4,0.5012810466046747,1,0,0.3333333333333333,-0.01663707002960592,0.02949552625454857,0.49923137203719525,0.5007686279628047,0.1708727830362089,0.020933966806028777,0.02076309402299257,0.0364710284772564,0.0079791447561163,72,fitted,
2016-08-31,2016-07-31,ML Logistic Base,Logistic,equity_ret + bond_ret + log_rv_ann + log_iv_ann,4,0.25169523137929095,0,0,0.3194444444444444,-0.01663707002960592,0.027348668472675003,0.6489828611724254,0.35101713882757457,0.29950297827046035,2.122885264527381e-05,-0.00027827412562518654,0.0011974654720063,0.0026413094086102,72,fitted,
2016-09-30,2016-08-31,ML Logistic Base,Logistic,equity_ret + bond_ret + log_rv_ann + log_iv_ann,4,0.2709246995368196,0,0,0.3194444444444444,-0.015323467937162138,0.027348668472675003,0.6374451802779083,0.3625548197220917,0.023075361789034243,0.00022430592741947962,0.00020123056563044536,5.8425491511693295e-05,0.0193310506087537,72,fitted,
2016-10-31,2016-09-30,ML Logistic Base,Logistic,equity_ret + bond_ret + log_rv_ann + log_iv_ann,4,0.564380724496258,1,1,0.3194444444444444,-0.015323467937162138,0.026809032298505474,0.4613715653022452,0.5386284346977548,0.3521472299513262,-0.01240045310441125,-0.012752600334362575,-0.0173372667020604,0.0045127851148509,72,fitted,
2016-11-30,2016-10-31,ML Logistic Base,Logistic,equity_ret + bond_ret + log_rv_ann + log_iv_ann,4,0.4597413824376488,0,0,0.3194444444444444,-0.01663707002960592,0.026809032298505474,0.5241551705374107,0.4758448294625893,0.12556721047033093,0.0071013728928827295,0.006975805682412398,0.0368383640292446,0.0111910308336225,72,fitted,
2016-12-31,2016-11-30,ML Logistic Base,Logistic,equity_ret + bond_ret + log_rv_ann + log_iv_ann,4,0.5792734475185025,1,0,0.3194444444444444,-0.01663707002960592,0.026809032298505474,0.4524359314888985,0.5475640685111015,0.14343847809702437,0.010562912980967292,0.010419474502870268,0.0202717664609688,0.0063208434705503,72,fitted,
2017-01-31,2016-12-31,ML Logistic Base,Logistic,equity_ret + bond_ret + log_rv_ann + log_iv_ann,4,0.28021850434008616,0,0,0.3194444444444444,-0.01663707002960592,0.026809032298505474,0.6318688973959483,0.3681311026040517,0.35886593181409965,0.012090594981832115,0.011731729050018016,0.0178946523171026,0.0043110840112382,72,fitted,
2017-02-28,2017-01-31,ML Logistic Base,Logistic,equity_ret + bond_ret + log_rv_ann + log_iv_ann,4,0.21687900855632258,0,0,0.3194444444444444,-0.01663707002960592,0.026809032298505474,0.6698725948662065,0.33012740513379346,0.07600739494051645,0.02845254455369252,0.028376537158752,0.0392915362557069,0.0031851732529309,72,fitted,
2017-03-31,2017-02-28,ML Logistic Base,Logistic,equity_ret + bond_ret + log_rv_ann + log_iv_ann,4,0.1389203402889052,0,0,0.3194444444444444,-0.01663707002960592,0.026809032298505474,0.7166477958266568,0.28335220417334317,0.09355040192090058,0.0007392244237408613,0.0006456740218199607,0.0012500669692114,0.0045255027533027,72,fitted,
2017-04-30,2017-03-31,ML Logistic Base,Logistic,equity_ret + bond_ret + log_rv_ann + log_iv_ann,4,0.2758496326675286,0,0,0.3194444444444444,-0.01663707002960592,0.026592152051570176,0.6344902203994829,0.3655097796005171,0.1643151508543479,0.00961316411068016,0.009448848959825812,0.0099260101203619,0.0051054340649919,72,fitted,
2017-05-31,2017-04-30,ML Logistic Base,Logistic,equity_ret + bond_ret + log_rv_ann + log_iv_ann,4,0.1813900740106309,0,0,0.3194444444444444,-0.01663707002960592,0.026592152051570176,0.6911659555936216,0.3088340444063784,0.11335147038827742,0.011876410809836,0.011763059339447723,0.0141130016792141,0.005987699963594,72,fitted,
2017-06-30,2017-05-31,ML Logistic Base,Logistic,equity_ret + bond_ret + log_rv_ann + log_iv_ann,4,0.19644455023429616,0,0,0.3194444444444444,-0.01663707002960592,0.026592152051570176,0.6821332698594222,0.31786673014057776,0.018065371468398705,0.004290605365752104,0.004272539994283705,0.0063750149976713,0.0047988397358414,72,fitted,
2017-07-31,2017-06-30,ML Logistic Base,Logistic,equity_ret + bond_ret + log_rv_ann + log_iv_ann,4,0.22660196011034894,0,0,0.3194444444444444,-0.015323467937162138,0.026592152051570176,0.6640388239337908,0.33596117606620923,0.03618889185126295,0.014770682376681513,0.01473449348483025,0.0205540626266318,0.0031085303636449,72,fitted,
2017-08-31,2017-07-31,ML Logistic Base,Logistic,equity_ret + bond_ret + log_rv_ann + log_iv_ann,4,0.16452681677164552,0,0,0.3194444444444444,-0.01372445817045412,0.026519372298884798,0.7012839099370128,0.29871609006298716,0.07449017200644414,0.004857974898214348,0.004783484726207904,0.0029176592589472,0.0091542658595658,72,fitted,
2017-09-30,2017-08-31,ML Logistic Base,Logistic,equity_ret + bond_ret + log_rv_ann + log_iv_ann,4,0.3246447719678159,0,0,0.3333333333333333,-0.0134193829272716,0.022937083002415544,0.6052131368193105,0.39478686318068945,0.19214154623540458,0.009938211003129615,0.009746069456894211,0.0201494694043284,0.003303149973887,72,fitted,
2017-10-31,2017-09-30,ML Logistic Base,Logistic,equity_ret + bond_ret + log_rv_ann + log_iv_ann,4,0.33373059332812727,0,0,0.3333333333333333,-0.012010978448615412,0.02183809677043545,0.5997616440031236,0.4002383559968764,0.010902985632373907,0.014524443485968291,0.014513540500335917,0.0235640599878685,0.0025804918545498,72,fitted,
2017-11-30,2017-10-31,ML Logistic Base,Logistic,equity_ret + bond_ret + log_rv_ann + log_iv_ann,4,0.3113040941936238,0,0,0.3333333333333333,-0.012010978448615412,0.020036292629478442,0.6132175434838257,0.38678245651617427,0.026911798961404276,0.018170174790105357,0.018143262991143952,0.0305659512903513,0.0044864660920446,72,fitted,
2017-12-31,2017-11-30,ML Logistic Base,Logistic,equity_ret + bond_ret + log_rv_ann + log_iv_ann,4,0.40692708421420165,0,0,0.3194444444444444,-0.012010978448615412,0.019596289227535223,0.555843749471479,0.44415625052852103,0.11474758802469354,0.008851566850279758,0.008736819262255065,0.0121280447504534,0.0037377996842623,72,fitted,
2018-01-31,2017-12-31,ML Logistic Base,Logistic,equity_ret + bond_ret + log_rv_ann + log_iv_ann,4,0.4432017250656949,0,0,0.3194444444444444,-0.012010978448615412,0.01931424461615094,0.534078964960583,0.46592103503941695,0.043529569021791836,0.024858553251339708,0.024815023682317916,0.0563590508865274,0.0088455913877699,72,fitted,
2018-02-28,2018-01-31,ML Logistic Base,Logistic,equity_ret + bond_ret + log_rv_ann + log_iv_ann,4,0.49728968629537523,0,1,0.3194444444444444,-0.012010978448615412,0.01931424461615094,0.5016261882227748,0.4983738117772252,0.06490555347561644,-0.02326672342211332,-0.023331628975588936,-0.0363602968309803,0.0693817661865629,72,fitted,
2018-03-31,2018-02-28,ML Logistic Base,Logistic,equity_ret + bond_ret + log_rv_ann + log_iv_ann,4,0.7701338311013226,1,1,0.3194444444444444,-0.0134193829272716,0.019596289227535223,0.33791970133920646,0.6620802986607935,0.32741297376713674,-0.004818979260396704,-0.005146392234163841,-0.0274106125187965,0.0391566421627034,72,fitted,
2018-04-30,2018-03-31,ML Logistic Base,Logistic,equity_ret + bond_ret + log_rv_ann + log_iv_ann,4,0.641112179315464,1,1,0.3194444444444444,-0.01372445817045412,0.020036292629478442,0.41533269241072157,0.5846673075892784,0.15482598214303023,-0.0033557017699306765,-0.0035105277520737065,0.0051679530466695,0.0280178091882417,72,fitted,
2018-05-31,2018-04-30,ML Logistic Base,Logistic,equity_ret + bond_ret + log_rv_ann + log_iv_ann,4,0.7201185391702867,1,0,0.3194444444444444,-0.01372445817045412,0.02183809677043545,0.367928876497828,0.632071123502172,0.09480763182578711,0.013127853332966814,0.013033045701141027,0.0243094062948869,0.0110016758787904,72,fitted,
2018-06-30,2018-05-31,ML Logistic Base,Logistic,equity_ret + bond_ret + log_rv_ann + log_iv_ann,4,0.42876480739322936,0,0,0.3194444444444444,-0.0134193829272716,0.02183809677043545,0.5427411155640625,0.45725888443593754,0.3496244781324689,0.0035903426616518638,0.003240718183519395,0.0057506380670362,0.0069522162226171,72,fitted,
2018-07-31,2018-06-30,ML Logistic Base,Logistic,equity_ret + bond_ret + log_rv_ann + log_iv_ann,4,0.4731874483776107,0,0,0.3194444444444444,-0.0134193829272716,0.020036292629478442,0.5160875309734336,0.48391246902656637,0.05330716918125766,0.018977681109849365,0.018924373940668107,0.0370465593619937,0.0074932326452525,72,fitted,
2018-08-31,2018-07-31,ML Logistic Base,Logistic,equity_ret + bond_ret + log_rv_ann + log_iv_ann,4,0.46042809939032964,0,0,0.3194444444444444,-0.0134193829272716,0.020036292629478442,0.5237431403658023,0.4762568596341977,0.01531121878473729,0.01942315872441561,0.019407847505630873,0.0319200726736803,0.0051995850054083,72,fitted,
2018-09-30,2018-08-31,ML Logistic Base,Logistic,equity_ret + bond_ret + log_rv_ann + log_iv_ann,4,0.3467446352073063,0,0,0.3194444444444444,-0.0134193829272716,0.020036292629478442,0.5919532188756162,0.40804678112438375,0.13642015701962795,0.0009907129358940523,0.0008542927788744244,0.0059453879165258,0.0028989515877322,72,fitted,
2018-10-31,2018-09-30,ML Logistic Base,Logistic,equity_ret + bond_ret + log_rv_ann + log_iv_ann,4,0.3908703513807398,0,1,0.3194444444444444,-0.0134193829272716,0.020036292629478442,0.5654777891715561,0.4345222108284439,0.05295085940812028,-0.041875505069918245,-0.04192845592932636,-0.0691042387374787,0.0541512353077064,72,fitted,
2018-11-30,2018-10-31,ML Logistic Base,Logistic,equity_ret + bond_ret + log_rv_ann + log_iv_ann,4,0.7955876403378103,1,1,0.3055555555555556,-0.0134193829272716,0.02183809677043545,0.3226474157973139,0.6773525842026862,0.48566074674848453,0.011210880985659255,0.01072522023891077,0.0185491980903704,0.0337290643444268,72,fitted,
2018-12-31,2018-11-30,ML Logistic Base,Logistic,equity_ret + bond_ret + log_rv_ann + log_iv_ann,4,0.5138101807878189,1,1,0.3055555555555556,-0.0134193829272716,0.022509987826379294,0.49171389152730866,0.5082861084726913,0.3381329514599897,-0.03322468751063723,-0.03356282046209722,-0.0880482601435995,0.0819994357360099,72,fitted,
2019-01-31,2018-12-31,ML Logistic Base,Logistic,equity_ret + bond_ret + log_rv_ann + log_iv_ann,4,0.6232601948781443,1,1,0.2916666666666667,-0.01372445817045412,0.026519372298884798,0.4260438830731134,0.5739561169268865,0.13134001690839048,0.03933957922063357,0.03920823920372518,0.0800652766185778,0.0348266773224755,72,fitted,
2019-02-28,2019-01-31,ML Logistic Base,Logistic,equity_ret + bond_ret + log_rv_ann + log_iv_ann,4,0.5628072824428355,1,0,0.3055555555555556,-0.01372445817045412,0.027888837636994485,0.4623156305342987,0.5376843694657013,0.0725434949223705,0.01437454900932555,0.01430200551440318,0.0324160808511369,0.010145527749623,72,fitted,
2019-03-31,2019-02-28,ML Logistic Base,Logistic,equity_ret + bond_ret + log_rv_ann + log_iv_ann,4,0.466804824809268,0,0,0.3055555555555556,-0.01372445817045412,0.027888837636994485,0.5199171051144392,0.4800828948855608,0.11520294916028107,0.019601111122261764,0.019485908173101484,0.0181005597670835,0.0134174937530691,72,fitted,
2019-04-30,2019-03-31,ML Logistic Base,Logistic,equity_ret + bond_ret + log_rv_ann + log_iv_ann,4,0.21234789028206338,0,0,0.3055555555555556,-0.01372445817045412,0.027888837636994485,0.6725912658307621,0.3274087341692379,0.3053483214326458,0.02682109603006879,0.026515747708636146,0.0408522807714701,0.0045284274287446,72,fitted,
2019-05-31,2019-04-30,ML Logistic Base,Logistic,equity_ret + bond_ret + log_rv_ann + log_iv_ann,4,0.31093670264537365,0,1,0.3055555555555556,-0.01372445817045412,0.027888837636994485,0.6134379784127758,0.3865620215872242,0.11830657483597262,-0.03173358059442513,-0.03185188716926111,-0.0637715446163655,0.0232894863692865,72,fitted,
2019-06-30,2019-05-31,ML Logistic Base,Logistic,equity_ret + bond_ret + log_rv_ann + log_iv_ann,4,0.38988239292072724,0,0,0.3055555555555556,-0.015323467937162138,0.027888837636994485,0.5660705642475636,0.43392943575243637,0.09473482833042435,0.0441583176238292,0.044063582795498775,0.0695869836370073,0.0150522029767334,72,fitted,
2019-07-31,2019-06-30,ML Logistic Base,Logistic,equity_ret + bond_ret + log_rv_ann + log_iv_ann,4,0.3099563367037547,0,0,0.2916666666666667,-0.015323467937162138,0.026556258419461798,0.614026197977747,0.38597380202225295,0.09591126746036682,0.009985296291665792,0.009889385024205425,0.015119155506172,0.0063572894106064,72,fitted,
2019-08-31,2019-07-31,ML Logistic Base,Logistic,equity_ret + bond_ret + log_rv_ann + log_iv_ann,4,0.35996778731905793,0,1,0.2916666666666667,-0.015323467937162138,0.026556258419461798,0.5840193276085652,0.41598067239143477,0.06001374073836363,0.0017976253191543633,0.0017376115784159996,-0.0167431178325256,0.0529314210345212,72,fitted,
2019-09-30,2019-08-31,ML Logistic Base,Logistic,equity_ret + bond_ret + log_rv_ann + log_iv_ann,4,0.26966786462829895,0,0,0.2916666666666667,-0.015323467937162138,0.027888837636994485,0.6381992812230207,0.3618007187769793,0.10835990722891098,0.010203115633940536,0.010094755726711625,0.019457607137904,0.0069507188464891,72,fitted,
2019-10-31,2019-09-30,ML Logistic Base,Logistic,equity_ret + bond_ret + log_rv_ann + log_iv_ann,4,0.6002110663035876,1,0,0.2916666666666667,-0.015323467937162138,0.027888837636994485,0.4398733602178475,0.5601266397821525,0.3966518420103464,0.010889190882195122,0.010492539040184776,0.022104910520698,0.0121560388082833,72,fitted,
2019-11-30,2019-10-31,ML Logistic Base,Logistic,equity_ret + bond_ret + log_rv_ann + log_iv_ann,4,0.42340970853659,0,0,0.2916666666666667,-0.015323467937162138,0.027888837636994485,0.545954174878046,0.454045825121954,0.21216162932039695,0.01960557001093129,0.019393408381610893,0.0361980390510503,0.0037265753735674,72,fitted,
2019-12-31,2019-11-30,ML Logistic Base,Logistic,equity_ret + bond_ret + log_rv_ann + log_iv_ann,4,0.2400118657650589,0,0,0.2916666666666667,-0.015323467937162138,0.027888837636994485,0.6559928805409647,0.3440071194590353,0.22007741132583747,0.018899235829626132,0.018679158418300295,0.0290553857921926,0.0058181637561704,72,fitted,
2020-01-31,2019-12-31,ML Logistic Base,Logistic,equity_ret + bond_ret + log_rv_ann + log_iv_ann,4,0.3460017326497595,0,0,0.2916666666666667,-0.015323467937162138,0.027888837636994485,0.5923989604101443,0.4076010395898557,0.12718784026164087,0.008030975297926344,0.007903787457664704,-0.0004039100321869,0.0142020296605696,72,fitted,
2020-02-29,2020-01-31,ML Logistic Base,Logistic,equity_ret + bond_ret + log_rv_ann + log_iv_ann,4,0.2510796309003495,0,1,0.2916666666666667,-0.01372445817045412,0.027888837636994485,0.6493522214597902,0.3506477785402098,0.11390652209929186,-0.045849815714841265,-0.045963722236940556,-0.0791656798108233,0.0634267713446377,72,fitted,
2020-03-31,2020-02-29,ML Logistic Base,Logistic,equity_ret + bond_ret + log_rv_ann + log_iv_ann,4,0.8977057879190522,1,1,0.2777777777777778,-0.015323467937162138,0.03137255550498972,0.2613765272485687,0.7386234727514314,0.7759513884224432,-0.03652933894582444,-0.037305290334246885,-0.1248710855259812,0.8051106406451516,72,fitted,
2020-04-30,2020-03-31,ML Logistic Base,Logistic,equity_ret + bond_ret + log_rv_ann + log_iv_ann,4,0.9964124692894948,1,1,0.2638888888888889,-0.01653555801856568,0.03224220076321822,0.20215251842630316,0.7978474815736969,0.11844801764453106,0.039385565815428236,0.039267117797783704,0.1269835643306984,0.1613253614718995,72,fitted,
2020-05-31,2020-04-30,ML Logistic Base,Logistic,equity_ret + bond_ret + log_rv_ann + log_iv_ann,4,0.647147678593537,1,1,0.2777777777777778,-0.01653555801856568,0.03343323956213717,0.4117113928438778,0.5882886071561222,0.41911774883514935,0.023572566828270164,0.023153449079435014,0.0476451398891062,0.0477456220094945,72,fitted,
2020-06-30,2020-05-31,ML Logistic Base,Logistic,equity_ret + bond_ret + log_rv_ann + log_iv_ann,4,0.7983209169613695,1,1,0.2777777777777778,-0.01653555801856568,0.03460715472686576,0.3210074498231783,0.6789925501768217,0.181407886041399,0.010168225115087042,0.009986817229045642,0.0177345013421075,0.0850247449024201,72,fitted,
2020-07-31,2020-06-30,ML Logistic Base,Logistic,equity_ret + bond_ret + log_rv_ann + log_iv_ann,4,0.8683050691981589,1,0,0.2777777777777778,-0.01653555801856568,0.03489814604700694,0.2790169584811047,0.7209830415188954,0.08398098268414728,0.026044024041547126,0.02596004305886298,0.058892149898498,0.0181833778382797,72,fitted,
2020-08-31,2020-07-31,ML Logistic Base,Logistic,equity_ret + bond_ret + log_rv_ann + log_iv_ann,4,0.5968766477722591,1,0,0.2777777777777778,-0.01653555801856568,0.03489814604700694,0.44187401133664456,0.5581259886633554,0.32571410571107984,0.026244672398616498,0.025918958292905418,0.0697968738185985,0.0089494184556946,72,fitted,
2020-09-30,2020-08-31,ML Logistic Base,Logistic,equity_ret + bond_ret + log_rv_ann + log_iv_ann,4,0.7389592777665192,1,1,0.2777777777777778,-0.01653555801856568,0.03489814604700694,0.35662443334008853,0.6433755666599115,0.1704991559931121,-0.013979550989549333,-0.014150050145542445,-0.0374436483963509,0.0584435139542133,72,fitted,
2020-10-31,2020-09-30,ML Logistic Base,Logistic,equity_ret + bond_ret + log_rv_ann + log_iv_ann,4,0.8082976446429315,1,1,0.2777777777777778,-0.0171745670324448,0.0382056083674359,0.3150214132142411,0.684978586785759,0.08320604025169492,-0.011678867663133054,-0.01176207370338475,-0.0249336012019394,0.0417113427069923,72,fitted,
2020-11-30,2020-10-31,ML Logistic Base,Logistic,equity_ret + bond_ret + log_rv_ann + log_iv_ann,4,0.9115653894038916,1,0,0.2638888888888889,-0.01732629922813324,0.0391309151606147,0.253060766357665,0.746939233642335,0.12392129371315219,0.03654104385944368,0.03641712256573053,0.1087766095892315,0.0313735993757135,72,fitted,
2020-12-31,2020-11-30,ML Logistic Base,Logistic,equity_ret + bond_ret + log_rv_ann + log_iv_ann,4,0.6129936958069484,1,0,0.2638888888888889,-0.01732629922813324,0.0391309151606147,0.43220378251583097,0.5677962174841691,0.35828603231633194,0.016499335590618718,0.016141049558302385,0.037048736202923,0.0067159522540785,72,fitted,
2021-01-31,2020-12-31,ML Logistic Base,Logistic,equity_ret + bond_ret + log_rv_ann + log_iv_ann,4,0.5791205431009496,1,0,0.2638888888888889,-0.01732629922813324,0.0391309151606147,0.45252767413943024,0.5474723258605698,0.04064778324719853,-0.008687963552431635,-0.008728611335678834,-0.0101906258057092,0.0245146166345033,72,fitted,
2021-02-28,2021-01-31,ML Logistic Base,Logistic,equity_ret + bond_ret + log_rv_ann + log_iv_ann,4,0.8202434036169983,1,0,0.2638888888888889,-0.0171745670324448,0.0391309151606147,0.307853957829801,0.692146042170199,0.28934743261925844,-0.0019473397282277344,-0.002236687160846993,0.0278056149599641,0.0239993198244283,72,fitted,
2021-03-31,2021-02-28,ML Logistic Base,Logistic,equity_ret + bond_ret + log_rv_ann + log_iv_ann,4,0.8082910688280839,1,0,0.2638888888888889,-0.0171745670324448,0.0391309151606147,0.3150253587031497,0.6849746412968503,0.014342801746697442,0.006449646057008844,0.006435303255262146,0.0453989969246546,0.0211477529194429,72,fitted,
2021-04-30,2021-03-31,ML Logistic Base,Logistic,equity_ret + bond_ret + log_rv_ann + log_iv_ann,4,0.6798668730194127,1,0,0.2638888888888889,-0.0171745670324448,0.0391309151606147,0.3920798761883524,0.6079201238116476,0.15410903497040535,0.025195298521202503,0.025041189486232098,0.0529105803307079,0.011960095705553,72,fitted,
2021-05-31,2021-04-30,ML Logistic Base,Logistic,equity_ret + bond_ret + log_rv_ann + log_iv_ann,4,0.44047713308088077,0,0,0.2638888888888889,-0.0171745670324448,0.0391309151606147,0.5357137201514716,0.46428627984852844,0.28726768792623836,0.004463844261798933,0.004176576573872695,0.0065659769961186,0.0184358368555118,72,fitted,
2021-06-30,2021-05-31,ML Logistic Base,Logistic,equity_ret + bond_ret + log_rv_ann + log_iv_ann,4,0.5002351270626616,1,0,0.2638888888888889,-0.0171745670324448,0.0391309151606147,0.49985892376240304,0.500141076237597,0.07170959277813704,0.0153513225697541,0.015279612976975963,0.0224276872580317,0.0076236756644047,72,fitted,
2021-07-31,2021-06-30,ML Logistic Base,Logistic,equity_ret + bond_ret + log_rv_ann + log_iv_ann,4,0.35579165062329104,0,0,0.25,-0.015432619427162312,0.0391309151606147,0.5865250096260255,0.4134749903739745,0.1733321717272449,0.018935382961359083,0.018762050789631838,0.0244125006416975,0.0126017914009117,72,fitted,
2021-08-31,2021-07-31,ML Logistic Base,Logistic,equity_ret + bond_ret + log_rv_ann + log_iv_ann,4,0.40194675590057394,0,0,0.25,-0.015432619427162312,0.0391309151606147,0.5588319464596556,0.4411680535403444,0.05538612633273976,0.01574667492857401,0.01569128880224127,0.0297596367958095,0.0072916961285565,72,fitted,
2021-09-30,2021-08-31,ML Logistic Base,Logistic,equity_ret + bond_ret + log_rv_ann + log_iv_ann,4,0.44641073232898615,0,1,0.2638888888888889,-0.00831762950936199,0.0382056083674359,0.5321535606026084,0.46784643939739157,0.053356771714094364,-0.0290924388562387,-0.029145795627952793,-0.0466053391645534,0.0169393666259173,72,fitted,
2021-10-31,2021-09-30,ML Logistic Base,Logistic,equity_ret + bond_ret + log_rv_ann + log_iv_ann,4,0.7116216927497031,1,0,0.2777777777777778,-0.00831762950936199,0.03489814604700694,0.3730269843501781,0.6269730156498219,0.31825315250486064,0.02611812300674981,0.02579986985424495,0.070163231687061,0.0138465001309024,72,fitted,
2021-11-30,2021-10-31,ML Logistic Base,Logistic,equity_ret + bond_ret + log_rv_ann + log_iv_ann,4,0.4804002340791532,0,0,0.2777777777777778,-0.00831762950936199,0.03489814604700694,0.5117598595525081,0.48824014044749187,0.27746575040466004,-0.0027893988297282295,-0.0030668645801328895,-0.0080346346338684,0.0158472021138178,72,fitted,
2021-12-31,2021-11-30,ML Logistic Base,Logistic,equity_ret + bond_ret + log_rv_ann + log_iv_ann,4,0.6465492620390388,1,0,0.2777777777777778,-0.009759427571341038,0.03489814604700694,0.4120704427765767,0.5879295572234233,0.19937883355186292,0.016948262110840325,0.016748883277288462,0.0462477179391753,0.0280975939519886,72,fitted,
2022-01-31,2021-12-31,ML Logistic Base,Logistic,equity_ret + bond_ret + log_rv_ann + log_iv_ann,4,0.6055517192751807,1,1,0.2777777777777778,-0.006592836571889351,0.03489814604700694,0.4366689684348916,0.5633310315651083,0.049197051316629936,-0.0342891573953714,-0.034338354446688035,-0.0527411838705357,0.0333761810708161,72,fitted,
2022-02-28,2022-01-31,ML Logistic Base,Logistic,equity_ret + bond_ret + log_rv_ann + log_iv_ann,4,0.73759015420367,1,1,0.2916666666666667,-0.006592836571889351,0.03460715472686576,0.35744590747779803,0.642554092522202,0.15844612191418722,-0.017912288534938814,-0.018070734656853,-0.0295169814791933,0.0549600150805621,72,fitted,
2022-03-31,2022-02-28,ML Logistic Base,Logistic,equity_ret + bond_ret + log_rv_ann + log_iv_ann,4,0.8167454827261763,1,1,0.2777777777777778,-0.009759427571341038,0.03460715472686576,0.3099527103642942,0.6900472896357057,0.09498639422700755,-0.007754182283114079,-0.007849168677341086,0.0375903093946135,0.0508991242086973,72,fitted,
2022-04-30,2022-03-31,ML Logistic Base,Logistic,equity_ret + bond_ret + log_rv_ann + log_iv_ann,4,0.859627223470892,1,1,0.2777777777777778,-0.009759427571341038,0.03489814604700694,0.2842236659174648,0.7157763340825352,0.05145808889365888,-0.05218765748267397,-0.05223911557156763,-0.0877689610309558,0.0650108003515997,72,fitted,
2022-05-31,2022-04-30,ML Logistic Base,Logistic,equity_ret + bond_ret + log_rv_ann + log_iv_ann,4,0.9395118853741943,1,1,0.2638888888888889,-0.015432619427162312,0.0383085163757907,0.23629286877548344,0.7637071312245165,0.09586159428396268,0.0063420841918457645,0.006246222597561802,0.0022570559091426,0.0940260584652756,72,fitted,
2022-06-30,2022-05-31,ML Logistic Base,Logistic,equity_ret + bond_ret + log_rv_ann + log_iv_ann,4,0.6834330156697805,1,1,0.2777777777777778,-0.015432619427162312,0.04120040259813453,0.3899401905981317,0.6100598094018683,0.3072946436452964,-0.04162900652593644,-0.04193630116958174,-0.082460269627578,0.0889215252801937,72,fitted,
2022-07-31,2022-06-30,ML Logistic Base,Logistic,equity_ret + bond_ret + log_rv_ann + log_iv_ann,4,0.8504580391986699,1,0,0.2916666666666667,-0.01721843692815344,0.04653876614899408,0.28972517648079804,0.710274823519202,0.20043002823466732,0.044707445562393,0.04450701553415833,0.0920873250468234,0.0382937338439917,72,fitted,
2022-08-31,2022-07-31,ML Logistic Base,Logistic,equity_ret + bond_ret + log_rv_ann + log_iv_ann,4,0.4565528014829115,0,1,0.2916666666666667,-0.01721843692815344,0.04653876614899408,0.5260683191102531,0.4739316808897469,0.47268628525891015,-0.03588296164926995,-0.03635564793452886,-0.0408018508723103,0.03964988655659,72,fitted,
2022-09-30,2022-08-31,ML Logistic Base,Logistic,equity_ret + bond_ret + log_rv_ann + log_iv_ann,4,0.790243136075867,1,1,0.2916666666666667,-0.02341433430196359,0.04653876614899408,0.3258541183544798,0.6741458816455201,0.4004284015115465,-0.05806714058008389,-0.058467568981595434,-0.0924459211402304,0.0607277089411956,72,fitted,
2022-10-31,2022-09-30,ML Logistic Base,Logistic,equity_ret + bond_ret + log_rv_ann + log_iv_ann,4,0.8881518069052786,1,1,0.2777777777777778,-0.026915210255425075,0.050268423768856756,0.26710891585683283,0.7328910841431672,0.117490404995294,0.01233962291422684,0.012222132509231546,0.081275540632878,0.0769434253227362,72,fitted,
2022-11-30,2022-10-31,ML Logistic Base,Logistic,equity_ret + bond_ret + log_rv_ann + log_iv_ann,4,0.7881549907651115,1,1,0.2777777777777778,-0.026915210255425075,0.052524961669356426,0.3271070055409331,0.6728929944590669,0.1199961793682005,0.04381093177612054,0.04369093559675234,0.0555915071749977,0.0740758740770046,72,fitted,
2022-12-31,2022-11-30,ML Logistic Base,Logistic,equity_ret + bond_ret + log_rv_ann + log_iv_ann,4,0.3136359873804424,0,1,0.2777777777777778,-0.026915210255425075,0.053907272453069366,0.6118184075717346,0.38818159242826544,0.569422804061603,-0.03863705450075946,-0.03920647730482106,-0.0576283212677928,0.0330097876182882,72,fitted,
2023-01-31,2022-12-31,ML Logistic Base,Logistic,equity_ret + bond_ret + log_rv_ann + log_iv_ann,4,0.518749757087074,1,0,0.2777777777777778,-0.029095707687113937,0.053907272453069366,0.4887501457477556,0.5112498542522443,0.24613652364795785,0.047761985542877146,0.04751584901922919,0.0628875637028856,0.0270783137113775,72,fitted,
2023-02-28,2023-01-31,ML Logistic Base,Logistic,equity_ret + bond_ret + log_rv_ann + log_iv_ann,4,0.381305751851035,0,0,0.2777777777777778,-0.029095707687113937,0.053907272453069366,0.571216548889379,0.428783451110621,0.16493280628324675,-0.025791739133352164,-0.025956671939635412,-0.0251428085962797,0.0257109474056733,72,fitted,
2023-03-31,2023-02-28,ML Logistic Base,Logistic,equity_ret + bond_ret + log_rv_ann + log_iv_ann,4,0.6531838905518764,1,0,0.2777777777777778,-0.029095707687113937,0.053907272453069366,0.40808966566887417,0.5919103343311258,0.3262537664410097,0.03076454457518157,0.03043829080874056,0.0370776993762178,0.0342983710803908,72,fitted,
2023-04-30,2023-03-31,ML Logistic Base,Logistic,equity_ret + bond_ret + log_rv_ann + log_iv_ann,4,0.39132119665910575,0,0,0.2777777777777778,-0.029095707687113937,0.053907272453069366,0.5652072820045366,0.4347927179954634,0.3142352326713249,0.011531626497022374,0.01121739126435105,0.015975076842235,0.0153013085471043,72,fitted,
2023-05-31,2023-04-30,ML Logistic Base,Logistic,equity_ret + bond_ret + log_rv_ann + log_iv_ann,4,0.3727128460559294,0,0,0.2777777777777778,-0.029095707687113937,0.053907272453069366,0.5763722923664423,0.4236277076335577,0.022330020723811295,-0.002186877414730146,-0.002209207435453957,0.0046162773444813,0.0162709612878342,72,fitted,
2023-06-30,2023-05-31,ML Logistic Base,Logistic,equity_ret + bond_ret + log_rv_ann + log_iv_ann,4,0.5077632334029392,1,0,0.2777777777777778,-0.029095707687113937,0.053907272453069366,0.49534205995823655,0.5046579400417635,0.16206046481641145,0.030239832033447732,0.03007777156863132,0.0647997868231831,0.0126982381756767,72,fitted,
2023-07-31,2023-06-30,ML Logistic Base,Logistic,equity_ret + bond_ret + log_rv_ann + log_iv_ann,4,0.4469522883373752,0,0,0.2777777777777778,-0.029095707687113937,0.053907272453069366,0.5318286269975749,0.46817137300242506,0.07297313407867678,0.01733660697406961,0.017263633839990935,0.0327333273782939,0.0080320331531871,72,fitted,
2023-08-31,2023-07-31,ML Logistic Base,Logistic,equity_ret + bond_ret + log_rv_ann + log_iv_ann,4,0.3438193345587771,0,0,0.2777777777777778,-0.029095707687113937,0.053907272453069366,0.5937083992647337,0.40629160073526627,0.12375954453431759,-0.012214032983711435,-0.012337792528245753,-0.0162522872564353,0.0135663756498067,72,fitted,
2023-09-30,2023-08-31,ML Logistic Base,Logistic,equity_ret + bond_ret + log_rv_ann + log_iv_ann,4,0.3450641855796955,0,1,0.2777777777777778,-0.029095707687113937,0.053907272453069366,0.5929614886521828,0.4070385113478172,0.0014938212251018879,-0.03866751587533382,-0.03866900969655892,-0.0474343383529096,0.0123089230331672,72,fitted,
2023-10-31,2023-09-30,ML Logistic Base,Logistic,equity_ret + bond_ret + log_rv_ann + log_iv_ann,4,0.5254531296385325,1,0,0.2916666666666667,-0.03499163376062289,0.053907272453069366,0.4847281222168805,0.5152718777831196,0.21646673287060464,-0.018616011730314776,-0.01883247846318538,-0.0217085890517351,0.01986358683567,72,fitted,
2023-11-30,2023-10-31,ML Logistic Base,Logistic,equity_ret + bond_ret + log_rv_ann + log_iv_ann,4,0.5211217987877081,1,0,0.2916666666666667,-0.03499163376062289,0.053907272453069366,0.48732692072737516,0.5126730792726248,0.005197597020989375,0.06806110125690337,0.06805590365988239,0.0913438546150167,0.0161631210576473,72,fitted,
2023-12-31,2023-11-30,ML Logistic Base,Logistic,equity_ret + bond_ret + log_rv_ann + log_iv_ann,4,0.23798568531016395,0,0,0.2916666666666667,-0.03499163376062289,0.053907272453069366,0.6572085888139018,0.34279141118609824,0.3397633361730532,0.0426803668304035,0.042340603494230446,0.0456553235023327,0.0095094452987884,72,fitted,
2024-01-31,2023-12-31,ML Logistic Base,Logistic,equity_ret + bond_ret + log_rv_ann + log_iv_ann,4,0.20162084467446867,0,0,0.2916666666666667,-0.03499163376062289,0.053907272453069366,0.6790274931953189,0.32097250680468115,0.043637808762834185,0.010329326820740028,0.010285689011977194,0.0159264537676127,0.012022422301711,72,fitted,
2024-02-29,2024-01-31,ML Logistic Base,Logistic,equity_ret + bond_ret + log_rv_ann + log_iv_ann,4,0.4004458128271348,0,0,0.2916666666666667,-0.03499163376062289,0.053907272453069366,0.5597325123037191,0.4402674876962809,0.23858996178319947,0.02271860429575914,0.02248001433397594,0.0521867637573512,0.0180361802883255,72,fitted,
2024-03-31,2024-02-29,ML Logistic Base,Logistic,equity_ret + bond_ret + log_rv_ann + log_iv_ann,4,0.4782471595384722,0,0,0.2916666666666667,-0.029095707687113937,0.052524961669356426,0.5130517042769167,0.4869482957230833,0.09336161605360482,0.02117248213212431,0.021079120516070707,0.0327019623256443,0.0093227575805002,72,fitted,
2024-04-30,2024-03-31,ML Logistic Base,Logistic,equity_ret + bond_ret + log_rv_ann + log_iv_ann,4,0.3208708527849068,0,1,0.2916666666666667,-0.028642146902610577,0.052524961669356426,0.607477488329056,0.392522511670944,0.1888515681042786,-0.034220932781767834,-0.03440978434987211,-0.0403195712622416,0.0183152967077742,72,fitted,
2024-05-31,2024-04-30,ML Logistic Base,Logistic,equity_ret + bond_ret + log_rv_ann + log_iv_ann,4,0.5277101239332047,1,0,0.3055555555555556,-0.03585831501291937,0.052524961669356426,0.4833739256400772,0.5166260743599228,0.24820712537795764,0.033074225548535445,0.03282601842315749,0.050579662758128,0.0101744101541005,72,fitted,
2024-06-30,2024-05-31,ML Logistic Base,Logistic,equity_ret + bond_ret + log_rv_ann + log_iv_ann,4,0.3341135321384218,0,0,0.3055555555555556,-0.03585831501291937,0.052524961669356426,0.599531880716947,0.40046811928305304,0.23231591015373954,0.024697773825742,0.024465457915588257,0.0352802155686315,0.0057546308194498,72,fitted,
2024-07-31,2024-06-30,ML Logistic Base,Logistic,equity_ret + bond_ret + log_rv_ann + log_iv_ann,4,0.3232137307301329,0,0,0.3055555555555556,-0.03585831501291937,0.052524961669356426,0.6060717615619203,0.39392823843807967,0.013079761689946734,0.01686872943998043,0.016855649678290483,0.0121090001742765,0.0207364655978954,72,fitted,
2024-08-31,2024-07-31,ML Logistic Base,Logistic,equity_ret + bond_ret + log_rv_ann + log_iv_ann,4,0.36223237753755355,0,0,0.3055555555555556,-0.03585831501291937,0.052524961669356426,0.5826605734774679,0.4173394265225321,0.04682237616890483,0.01971339702714898,0.019666574650980078,0.0233655116495199,0.0345395476672931,72,fitted,
2024-09-30,2024-08-31,ML Logistic Base,Logistic,equity_ret + bond_ret + log_rv_ann + log_iv_ann,4,0.4047311807596891,0,0,0.3055555555555556,-0.03585831501291937,0.052524961669356426,0.5571612915441865,0.4428387084558135,0.050998563866562874,0.017605224581793165,0.0175542260179266,0.0210046691575342,0.0182264857507831,72,fitted,
2024-10-31,2024-09-30,ML Logistic Base,Logistic,equity_ret + bond_ret + log_rv_ann + log_iv_ann,4,0.4001026946701087,0,0,0.3055555555555556,-0.03585831501291937,0.052524961669356426,0.5599383831979348,0.44006161680206524,0.005554183307496574,-0.016080563280207728,-0.016086117463515223,-0.0089233226091341,0.0121040367628089,72,fitted,
2024-11-30,2024-10-31,ML Logistic Base,Logistic,equity_ret + bond_ret + log_rv_ann + log_iv_ann,4,0.5942484700570307,1,0,0.3055555555555556,-0.028642146902610577,0.050268423768856756,0.44345091796578157,0.5565490820342185,0.23297493046430645,0.03262759964231335,0.03239462471184904,0.0596334124214321,0.0193589143729322,72,fitted,
2024-12-31,2024-11-30,ML Logistic Base,Logistic,equity_ret + bond_ret + log_rv_ann + log_iv_ann,4,0.3607594239570601,0,0,0.3055555555555556,-0.028642146902610577,0.050268423768856756,0.5835443456257638,0.41645565437423615,0.2801868553199646,-0.02109224574213482,-0.021372432597454787,-0.0240601679420293,0.0201427399796311,72,fitted,
2025-01-31,2024-12-31,ML Logistic Base,Logistic,equity_ret + bond_ret + log_rv_ann + log_iv_ann,4,0.41745230945984546,0,0,0.3194444444444444,-0.025100967117411638,0.04653876614899408,0.5495286143240927,0.4504713856759073,0.06803146260334225,0.017082608765639995,0.017014577303036654,0.0268563430385335,0.0181639146208578,72,fitted,
2025-02-28,2025-01-31,ML Logistic Base,Logistic,equity_ret + bond_ret + log_rv_ann + log_iv_ann,4,0.39672261194132025,0,0,0.3194444444444444,-0.025100967117411638,0.04653876614899408,0.5619664328352079,0.43803356716479214,0.02487563702223028,0.002666415502327023,0.0026415398653047927,-0.0126948383346631,0.0156150264513951,72,fitted,
2025-03-31,2025-02-28,ML Logistic Base,Logistic,equity_ret + bond_ret + log_rv_ann + log_iv_ann,4,0.361726385903829,0,1,0.3194444444444444,-0.025100967117411638,0.04653876614899408,0.5829641684577026,0.4170358315422974,0.04199547124498948,-0.03259197521176058,-0.03263397068300557,-0.0557193109152176,0.0429462964131152,72,fitted,
2025-04-30,2025-03-31,ML Logistic Base,Logistic,equity_ret + bond_ret + log_rv_ann + log_iv_ann,4,0.5339319032704682,1,1,0.3194444444444444,-0.028642146902610577,0.04678575689021866,0.47964085803771905,0.520359141962281,0.2066466208399671,-0.0019155133356346058,-0.002122159956474573,-0.0086700565441837,0.2567628013799623,72,fitted,
2025-05-31,2025-04-30,ML Logistic Base,Logistic,equity_ret + bond_ret + log_rv_ann + log_iv_ann,4,0.7112030875558741,1,0,0.3194444444444444,-0.028642146902610577,0.050268423768856756,0.37327814746647553,0.6267218525335245,0.2127254211424871,0.019655151764362177,0.01944242634321969,0.0628449330316358,0.0291108184760711,72,fitted,
2025-06-30,2025-05-31,ML Logistic Base,Logistic,equity_ret + bond_ret + log_rv_ann + log_iv_ann,4,0.4593187755947233,0,0,0.3194444444444444,-0.025100967117411638,0.050268423768856756,0.5244087346431661,0.47559126535683394,0.3022611743533811,0.0338689103218179,0.03356664914746452,0.0513862300067524,0.0104482979209881,72,fitted,
2025-07-31,2025-06-30,ML Logistic Base,Logistic,equity_ret + bond_ret + log_rv_ann + log_iv_ann,4,0.3552233544455812,0,0,0.3194444444444444,-0.025100967117411638,0.050268423768856756,0.5868659873326514,0.4131340126673486,0.12491450537897064,0.012425895278049057,0.012300980772670087,0.0230314465157532,0.0045755355674042,72,fitted,
2025-08-31,2025-07-31,ML Logistic Base,Logistic,equity_ret + bond_ret + log_rv_ann + log_iv_ann,4,0.30612883097657334,0,0,0.3194444444444444,-0.025100967117411638,0.050268423768856756,0.616322701414056,0.383677298585944,0.0589134281628092,0.017213825020895714,0.017154911592732906,0.020519581676716,0.0138541544091754,72,fitted,
2025-09-30,2025-08-31,ML Logistic Base,Logistic,equity_ret + bond_ret + log_rv_ann + log_iv_ann,4,0.30865931193884977,0,0,0.3194444444444444,-0.025100967117411638,0.04678575689021866,0.6148044128366902,0.3851955871633098,0.003036577154731601,0.02623982596813437,0.026236789390979637,0.0356203351082846,0.0055984775803282,72,fitted,
2025-10-31,2025-09-30,ML Logistic Base,Logistic,equity_ret + bond_ret + log_rv_ann + log_iv_ann,4,0.2269510193932338,0,0,0.3194444444444444,-0.025100967117411638,0.04678575689021866,0.6638293883640598,0.3361706116359402,0.09804995105473924,0.017892944374702582,0.017794894423647845,0.0238373935763009,0.0199937619170661,72,fitted,
2025-11-30,2025-10-31,ML Logistic Base,Logistic,equity_ret + bond_ret + log_rv_ann + log_iv_ann,4,0.405810220436268,0,0,0.3194444444444444,-0.025100967117411638,0.04678575689021866,0.5565138677382392,0.4434861322617608,0.21463104125164123,0.003771470730054096,0.0035568396888024548,0.0019500049129079,0.0218304524668779,72,fitted,
2025-12-31,2025-11-30,ML Logistic Base,Logistic,equity_ret + bond_ret + log_rv_ann + log_iv_ann,4,0.38938506145371016,0,0,0.3194444444444444,-0.025100967117411638,0.04678575689021866,0.5663689631277739,0.43363103687222615,0.019710190779069325,-0.00075809914003904,-0.0007778093308181093,0.0007975029584423,0.0072805308906585,72,fitted,
2026-01-31,2025-12-31,ML Logistic Base,Logistic,equity_ret + bond_ret + log_rv_ann + log_iv_ann,4,0.21363141662928753,0,0,0.3194444444444444,-0.025100967117411638,0.04678575689021866,0.6718211500224275,0.3281788499775725,0.21090437378930726,0.010722547921875413,0.010511643548086105,0.0147377288395744,0.0104027816905062,72,fitted,
2026-02-28,2026-01-31,ML Logistic Base,Logistic,equity_ret + bond_ret + log_rv_ann + log_iv_ann,4,0.30725024710267834,0,0,0.3194444444444444,-0.025100967117411638,0.04678575689021866,0.615649851738393,0.38435014826160696,0.11234259656806889,0.0008219744420218484,0.0007096318454537795,-0.0086419583402239,0.0155355419994685,72,fitted,
2026-03-31,2026-02-28,ML Logistic Base,Logistic,equity_ret + bond_ret + log_rv_ann + log_iv_ann,4,0.38468116564668914,0,1,0.3194444444444444,-0.024758914549957378,0.042699305671890626,0.5691913006119866,0.43080869938801336,0.0929171022528128,-0.03583753037306569,-0.035930447475318504,-0.0493795666434433,0.0336631117304774,72,fitted,
2026-04-30,2026-03-31,ML Logistic Base,Logistic,equity_ret + bond_ret + log_rv_ann + log_iv_ann,4,0.6121242152989513,1,0,0.3194444444444444,-0.024758914549957378,0.041299051476911854,0.43272547082062923,0.5672745291793708,0.27293165958271487,0.04641657535602952,0.04614364369644681,0.1050526868659724,0.0185667696328473,72,fitted,
2026-05-31,2026-04-30,ML Logistic Base,Logistic,equity_ret + bond_ret + log_rv_ann + log_iv_ann,4,0.4064424986614904,0,0,0.3055555555555556,-0.024758914549957378,0.03937865601407035,0.5561345008031058,0.4438654991968942,0.24681805996495315,0.030570244758567115,0.030323426698602163,0.0526257530375027,0.0113541354564915,72,fitted,
2026-06-30,2026-05-31,ML Logistic Base,Logistic,equity_ret + bond_ret + log_rv_ann + log_iv_ann,4,0.2539206334544445,0,0,0.3055555555555556,-0.024758914549957378,0.037542896608651996,0.6476476199273333,0.35235238007266667,0.1830262382484551,-0.0069504939977086426,-0.007133520235957098,-0.010292566443839,0.0305821878815242,72,fitted,
2026-07-31,2026-06-30,ML Logistic Base,Logistic,equity_ret + bond_ret + log_rv_ann + log_iv_ann,4,0.5205145097060749,1,0,0.3055555555555556,-0.024758914549957378,0.034491312349912644,0.48769129417635504,0.512308705823645,0.3199126515019566,-0.00028542338656759427,-0.0006053360380695509,0.0029192289711224,0.0307701984972596,72,fitted,
2011-04-30,2011-03-31,ML Logistic + VRP,Logistic,equity_ret + bond_ret + log_rv_ann + log_iv_ann + vrp_proxy + log_iv_rv,6,0.44221575775099936,0,0,0.2916666666666667,-0.02540426883526746,0.05024129622728161,0.5346705453494005,0.4653294546505995,1.0,0.022778624936178778,0.021778624936178777,0.0289613761733893,0.0075587205607825,72,fitted,
2011-05-31,2011-04-30,ML Logistic + VRP,Logistic,equity_ret + bond_ret + log_rv_ann + log_iv_ann + vrp_proxy + log_iv_rv,6,0.16299724407362928,0,0,0.2916666666666667,-0.02540426883526746,0.05024129622728161,0.7022016535558225,0.29779834644417746,0.33506221641284406,-0.004182491999529719,-0.004517554215942563,-0.0112144254815793,0.0110761203392562,72,fitted,
2011-06-30,2011-05-31,ML Logistic + VRP,Logistic,equity_ret + bond_ret + log_rv_ann + log_iv_ann + vrp_proxy + log_iv_rv,6,0.24868487831280917,0,0,0.2916666666666667,-0.02540426883526746,0.05024129622728161,0.6507890730123146,0.3492109269876854,0.10282516108701589,-0.012533442322622096,-0.012636267483709112,-0.0168700078463259,0.0214107095288551,72,fitted,
2011-07-31,2011-06-30,ML Logistic + VRP,Logistic,equity_ret + bond_ret + log_rv_ann + log_iv_ann + vrp_proxy + log_iv_rv,6,0.4260735368940267,0,0,0.2916666666666667,-0.02540426883526746,0.05024129622728161,0.544355877863584,0.45564412213641603,0.21286639029746124,-0.003204263870931366,-0.003417130261228827,-0.0200043491479079,0.0234689545298284,72,fitted,
2011-08-31,2011-07-31,ML Logistic + VRP,Logistic,equity_ret + bond_ret + log_rv_ann + log_iv_ann + vrp_proxy + log_iv_rv,6,0.50327533711282,1,1,0.2916666666666667,-0.02540426883526746,0.05024129622728161,0.498034797732308,0.5019652022676919,0.09264216026255184,-0.019747753644585635,-0.019840395804848185,-0.0549756689838916,0.2183075845871292,72,fitted,
2011-09-30,2011-08-31,ML Logistic + VRP,Logistic,equity_ret + bond_ret + log_rv_ann + log_iv_ann + vrp_proxy + log_iv_rv,6,0.8369662372761559,1,1,0.2916666666666667,-0.029265442999799995,0.05215353486915771,0.2978202576343065,0.7021797423656935,0.4004290801960031,-0.0152642641957981,-0.015664693275994103,-0.0694209569617928,0.0837550521056862,72,fitted,
2011-10-31,2011-09-30,ML Logistic + VRP,Logistic,equity_ret + bond_ret + log_rv_ann + log_iv_ann + vrp_proxy + log_iv_rv,6,0.8586577146924694,1,1,0.2777777777777778,-0.03107264108505382,0.06131442345129999,0.2848053711845184,0.7151946288154816,0.026029772899576198,0.031990272201448906,0.03196424242854933,0.1091471376825803,0.0854744311998559,72,fitted,
2011-11-30,2011-10-31,ML Logistic + VRP,Logistic,equity_ret + bond_ret + log_rv_ann + log_iv_ann + vrp_proxy + log_iv_rv,6,0.7619109603825623,1,1,0.2916666666666667,-0.03107264108505382,0.06726469050944478,0.34285342377046263,0.6571465762295374,0.1160961051718884,-0.003566876134701232,-0.0036829722398731206,-0.0040636591106093,0.0892741878172766,72,fitted,
2011-12-31,2011-11-30,ML Logistic + VRP,Logistic,equity_ret + bond_ret + log_rv_ann + log_iv_ann + vrp_proxy + log_iv_rv,6,0.7993298434069077,1,0,0.3055555555555556,-0.03107264108505382,0.06977431435421386,0.3204020939558554,0.6795979060441446,0.044902659629214414,0.012567569486015121,0.012522666826385906,0.01044831087433,0.0337262085043343,72,fitted,
2012-01-31,2011-12-31,ML Logistic + VRP,Logistic,equity_ret + bond_ret + log_rv_ann + log_iv_ann + vrp_proxy + log_iv_rv,6,0.460455504236013,0,0,0.3055555555555556,-0.03107264108505382,0.06977431435421386,0.5237266974583922,0.4762733025416078,0.40664920700507357,0.027743773521296488,0.027337124314291413,0.0463746526390511,0.0083654259453761,72,fitted,
2012-02-29,2012-01-31,ML Logistic + VRP,Logistic,equity_ret + bond_ret + log_rv_ann + log_iv_ann + vrp_proxy + log_iv_rv,6,0.21686337567987798,0,0,0.3055555555555556,-0.03107264108505382,0.06977431435421386,0.6698819745920733,0.3301180254079267,0.2923105542673623,0.02903210959103963,0.02873979903677227,0.0434056984734232,0.0073543583714155,72,fitted,
2012-03-31,2012-02-29,ML Logistic + VRP,Logistic,equity_ret + bond_ret + log_rv_ann + log_iv_ann + vrp_proxy + log_iv_rv,6,0.20339895039310965,0,0,0.3055555555555556,-0.03107264108505382,0.06977431435421386,0.6779606297641343,0.3220393702358657,0.016157310344121933,0.019960550325512964,0.019944393015168843,0.0321635863595661,0.0131720446982552,72,fitted,
2012-04-30,2012-03-31,ML Logistic + VRP,Logistic,equity_ret + bond_ret + log_rv_ann + log_iv_ann + vrp_proxy + log_iv_rv,6,0.23208515832479454,0,0,0.3055555555555556,-0.03107264108505382,0.06977431435421386,0.6607489050051234,0.3392510949948766,0.03442344951802179,-0.0013375752580347773,-0.001371998707552799,-0.0066757506999459,0.0190166819597253,72,fitted,
2012-05-31,2012-04-30,ML Logistic + VRP,Logistic,equity_ret + bond_ret + log_rv_ann + log_iv_ann + vrp_proxy + log_iv_rv,6,0.25169762716272676,0,1,0.3055555555555556,-0.03107264108505382,0.06977431435421386,0.648981423702364,0.351018576297636,0.023534962605518794,-0.03519023153229116,-0.03521376649489668,-0.0600555737185005,0.0184635370320247,72,fitted,
2012-06-30,2012-05-31,ML Logistic + VRP,Logistic,equity_ret + bond_ret + log_rv_ann + log_iv_ann + vrp_proxy + log_iv_rv,6,0.39579776840335307,0,0,0.3055555555555556,-0.03533607479626376,0.06977431435421386,0.5625213389579882,0.43747866104201183,0.17292016948875166,0.022741390071183677,0.022568469901694924,0.0405811990245525,0.0416179538698594,72,fitted,
2012-07-31,2012-06-30,ML Logistic + VRP,Logistic,equity_ret + bond_ret + log_rv_ann + log_iv_ann + vrp_proxy + log_iv_rv,6,0.4033965647736432,0,0,0.3055555555555556,-0.03533607479626376,0.06977431435421386,0.557962061135814,0.44203793886418596,0.00911855564434827,0.0126216271639453,0.012612508608300951,0.0118296419497001,0.0188292832116557,72,fitted,
2012-08-31,2012-07-31,ML Logistic + VRP,Logistic,equity_ret + bond_ret + log_rv_ann + log_iv_ann + vrp_proxy + log_iv_rv,6,0.27280392523463365,0,0,0.3055555555555556,-0.03533607479626376,0.06977431435421386,0.6363176448592198,0.3636823551407802,0.15671116744681157,0.0159412598534846,0.01578454868603779,0.0250523617917455,0.0079970053660368,72,fitted,
2012-09-30,2012-08-31,ML Logistic + VRP,Logistic,equity_ret + bond_ret + log_rv_ann + log_iv_ann + vrp_proxy + log_iv_rv,6,0.1896619596200513,0,0,0.3055555555555556,-0.03533607479626376,0.06977431435421386,0.6862028242279692,0.3137971757720308,0.09977035873749873,0.018232408467798042,0.018132638109060545,0.0253509542714824,0.012787973643012,72,fitted,
2012-10-31,2012-09-30,ML Logistic + VRP,Logistic,equity_ret + bond_ret + log_rv_ann + log_iv_ann + vrp_proxy + log_iv_rv,6,0.19194196182848558,0,0,0.3055555555555556,-0.03533607479626376,0.06977431435421386,0.6848348229029088,0.31516517709709124,0.002736002650120861,-0.012611690779550155,-0.012614426782200277,-0.0181984465942166,0.0111640835734069,72,fitted,
2012-11-30,2012-10-31,ML Logistic + VRP,Logistic,equity_ret + bond_ret + log_rv_ann + log_iv_ann + vrp_proxy + log_iv_rv,6,0.24091847085354748,0,0,0.3055555555555556,-0.03533607479626376,0.06977431435421386,0.6554489174878715,0.3445510825121285,0.058771810830074545,0.004642377261197867,0.004583605450367792,0.0056596591664745,0.0222651919464717,72,fitted,
2012-12-31,2012-11-30,ML Logistic + VRP,Logistic,equity_ret + bond_ret + log_rv_ann + log_iv_ann + vrp_proxy + log_iv_rv,6,0.2497212706313599,0,0,0.3055555555555556,-0.03533607479626376,0.06977431435421386,0.6501672376211842,0.3498327623788158,0.010563359733374522,0.00495103537957192,0.004940472019838545,0.008934591377669,0.0121228158935489,72,fitted,
2013-01-31,2012-12-31,ML Logistic + VRP,Logistic,equity_ret + bond_ret + log_rv_ann + log_iv_ann + vrp_proxy + log_iv_rv,6,0.23681980761963445,0,0,0.3055555555555556,-0.03533607479626376,0.06977431435421386,0.6579081154282194,0.34209188457178064,0.01548175561407028,0.03155334486141681,0.03153786310580274,0.0511901683618252,0.0107814717977941,72,fitted,
2013-02-28,2013-01-31,ML Logistic + VRP,Logistic,equity_ret + bond_ret + log_rv_ann + log_iv_ann + vrp_proxy + log_iv_rv,6,0.15487364590002914,0,0,0.3055555555555556,-0.03533607479626376,0.06977431435421386,0.7070758124599826,0.29292418754001737,0.09833539406352654,0.010752516765818055,0.010654181371754529,0.0127590213208466,0.0157771665562433,72,fitted,
2013-03-31,2013-02-28,ML Logistic + VRP,Logistic,equity_ret + bond_ret + log_rv_ann + log_iv_ann + vrp_proxy + log_iv_rv,6,0.1820712392362102,0,0,0.3055555555555556,-0.03533607479626376,0.06977431435421386,0.6907572564582739,0.3092427435417261,0.03263711200341746,0.026533351125573257,0.026500714013569838,0.0379711887423981,0.0061156058796676,72,fitted,
2013-04-30,2013-03-31,ML Logistic + VRP,Logistic,equity_ret + bond_ret + log_rv_ann + log_iv_ann + vrp_proxy + log_iv_rv,6,0.07877293416391618,0,0,0.3055555555555556,-0.03533607479626376,0.06977431435421386,0.7527362395016503,0.24726376049834975,0.12395796608675269,0.016856636665383704,0.01673267869929695,0.0192120425258286,0.0201297160662904,72,fitted,
2013-05-31,2013-04-30,ML Logistic + VRP,Logistic,equity_ret + bond_ret + log_rv_ann + log_iv_ann + vrp_proxy + log_iv_rv,6,0.16338887976860972,0,0,0.3055555555555556,-0.03533607479626376,0.06977431435421386,0.7019666721388341,0.2980333278611659,0.10153913472563225,0.010609355521534893,0.01050781638680926,0.0236100506671108,0.0105088114329687,72,fitted,
2013-06-30,2013-05-31,ML Logistic + VRP,Logistic,equity_ret + bond_ret + log_rv_ann + log_iv_ann + vrp_proxy + log_iv_rv,6,0.22577363072919868,0,0,0.3055555555555556,-0.03533607479626376,0.06977431435421386,0.6645358215624808,0.3354641784375192,0.07486170115270663,-0.014119253831372237,-0.014194115532524943,-0.0133447853857828,0.0300261699601843,72,fitted,
2013-07-31,2013-06-30,ML Logistic + VRP,Logistic,equity_ret + bond_ret + log_rv_ann + log_iv_ann + vrp_proxy + log_iv_rv,6,0.35940102141903,0,0,0.3055555555555556,-0.03533607479626376,0.06977431435421386,0.584359387148582,0.41564061285141796,0.16035286882779753,0.031316085839306236,0.03115573297047844,0.0516768409309673,0.0058845046247947,72,fitted,
2013-08-31,2013-07-31,ML Logistic + VRP,Logistic,equity_ret + bond_ret + log_rv_ann + log_iv_ann + vrp_proxy + log_iv_rv,6,0.08478092931234996,0,0,0.3055555555555556,-0.03424248759524367,0.06977431435421386,0.74913144241259,0.25086855758741,0.3295441105280159,-0.024541062247366713,-0.024870606357894728,-0.0299920451157992,0.0097758966126948,72,fitted,
2013-09-30,2013-08-31,ML Logistic + VRP,Logistic,equity_ret + bond_ret + log_rv_ann + log_iv_ann + vrp_proxy + log_iv_rv,6,0.2010382641814831,0,0,0.3055555555555556,-0.03507238154346391,0.06977431435421386,0.6793770414911102,0.3206229585088898,0.13950880184295955,0.025092860130820703,0.024953351328977743,0.0316465616335366,0.0072570980514356,72,fitted,
2013-10-31,2013-09-30,ML Logistic + VRP,Logistic,equity_ret + bond_ret + log_rv_ann + log_iv_ann + vrp_proxy + log_iv_rv,6,0.12999795734056474,0,0,0.3055555555555556,-0.03507238154346391,0.06977431435421386,0.7220012255956612,0.27799877440433884,0.08524836820910187,0.03574798266135982,0.035662734293150714,0.0463062010108756,0.0162586541179686,72,fitted,
2013-11-30,2013-10-31,ML Logistic + VRP,Logistic,equity_ret + bond_ret + log_rv_ann + log_iv_ann + vrp_proxy + log_iv_rv,6,0.1574813931688723,0,0,0.3055555555555556,-0.03507238154346391,0.06977431435421386,0.7055111640986766,0.29448883590132335,0.03298012299396902,0.02017182470372461,0.020138844580730644,0.0296382009223603,0.0076676402226258,72,fitted,
2013-12-31,2013-11-30,ML Logistic + VRP,Logistic,equity_ret + bond_ret + log_rv_ann + log_iv_ann + vrp_proxy + log_iv_rv,6,0.13858713756567392,0,0,0.3055555555555556,-0.029162151167578955,0.06883783694844543,0.7168477174605956,0.2831522825394044,0.022673106723837932,0.01700878051003808,0.01698610740331424,0.0259262463698537,0.0093337447007758,72,fitted,
2014-01-31,2013-12-31,ML Logistic + VRP,Logistic,equity_ret + bond_ret + log_rv_ann + log_iv_ann + vrp_proxy + log_iv_rv,6,0.15610836007740964,0,1,0.3055555555555556,-0.029162151167578955,0.06883783694844543,0.7063349839535542,0.2936650160464458,0.02102546701408281,-0.020372119726487416,-0.020393145193501497,-0.035248510781063,0.0159872280500098,72,fitted,
2014-02-28,2014-01-31,ML Logistic + VRP,Logistic,equity_ret + bond_ret + log_rv_ann + log_iv_ann + vrp_proxy + log_iv_rv,6,0.281555371845893,0,0,0.3055555555555556,-0.029162151167578955,0.06883783694844543,0.6310667768924643,0.36893322310753573,0.15053641412217988,0.030112232940611657,0.029961696526489476,0.0455158663927885,0.0163493295969697,72,fitted,
2014-03-31,2014-02-28,ML Logistic + VRP,Logistic,equity_ret + bond_ret + log_rv_ann + log_iv_ann + vrp_proxy + log_iv_rv,6,0.24285313895644875,0,0,0.3055555555555556,-0.027994505922220927,0.06883783694844543,0.6542881166261307,0.34571188337386927,0.04644267946733294,0.004915747194156512,0.004869304514689179,0.0082954994542154,0.009683363565597,72,fitted,
2014-04-30,2014-03-31,ML Logistic + VRP,Logistic,equity_ret + bond_ret + log_rv_ann + log_iv_ann + vrp_proxy + log_iv_rv,6,0.19268286589254371,0,0,0.2916666666666667,-0.027994505922220927,0.06043256133499791,0.6843902804644739,0.3156097195355261,0.060204327676686376,0.007351036318275985,0.007290831990599298,0.0069518475292078,0.0162621120321702,72,fitted,
2014-05-31,2014-04-30,ML Logistic + VRP,Logistic,equity_ret + bond_ret + log_rv_ann + log_iv_ann + vrp_proxy + log_iv_rv,6,0.23098300493703847,0,0,0.2916666666666667,-0.027994505922220927,0.06043256133499791,0.661410197037777,0.33858980296222296,0.04596016685339377,0.019340771457662127,0.019294811290808733,0.0232060193655998,0.0064799496520708,72,fitted,
2014-06-30,2014-05-31,ML Logistic + VRP,Logistic,equity_ret + bond_ret + log_rv_ann + log_iv_ann + vrp_proxy + log_iv_rv,6,0.10951881313065143,0,0,0.2916666666666667,-0.027994505922220927,0.06043256133499791,0.7342887121216091,0.26571128787839093,0.14575703016766406,0.015006603649937084,0.01486084661976942,0.0206450108571647,0.0032678749048789,72,fitted,
2014-07-31,2014-06-30,ML Logistic + VRP,Logistic,equity_ret + bond_ret + log_rv_ann + log_iv_ann + vrp_proxy + log_iv_rv,6,0.08697212410062863,0,0,0.2916666666666667,-0.0198485017927891,0.06043256133499791,0.747816725539623,0.252183274460377,0.027056026836027813,-0.010681915997325086,-0.010708972024161113,-0.0134380323126438,0.0103065016660115,72,fitted,
2014-08-31,2014-07-31,ML Logistic + VRP,Logistic,equity_ret + bond_ret + log_rv_ann + log_iv_ann + vrp_proxy + log_iv_rv,6,0.2607951355087559,0,0,0.2916666666666667,-0.0198485017927891,0.059200735261029695,0.6435229186947464,0.3564770813052536,0.2085876136897531,0.029494268410877274,0.029285680797187522,0.0394641530141997,0.006543651975585,72,fitted,
2014-09-30,2014-08-31,ML Logistic + VRP,Logistic,equity_ret + bond_ret + log_rv_ann + log_iv_ann + vrp_proxy + log_iv_rv,6,0.12782802340542565,0,0,0.2916666666666667,-0.0198485017927891,0.059200735261029695,0.7233031859567447,0.2766968140432553,0.15956053452399654,-0.011679976298061173,-0.011839536832585169,-0.0137960646349067,0.0083852752536563,72,fitted,
2014-10-31,2014-09-30,ML Logistic + VRP,Logistic,equity_ret + bond_ret + log_rv_ann + log_iv_ann + vrp_proxy + log_iv_rv,6,0.2354763215283748,0,0,0.3055555555555556,-0.01901977921669444,0.04186643298170308,0.6587142070829752,0.34128579291702477,0.12917795774753893,0.019144777188190104,0.019015599230442565,0.0235507941510688,0.0322112420841767,72,fitted,
2014-11-30,2014-10-31,ML Logistic + VRP,Logistic,equity_ret + bond_ret + log_rv_ann + log_iv_ann + vrp_proxy + log_iv_rv,6,0.3121772306010419,0,0,0.3194444444444444,-0.01793275884463846,0.04115087425286223,0.6126936616393748,0.3873063383606252,0.09204109088720092,0.01937655080549956,0.019284509714612357,0.0274718902984996,0.0040727695658734,72,fitted,
2014-12-31,2014-11-30,ML Logistic + VRP,Logistic,equity_ret + bond_ret + log_rv_ann + log_iv_ann + vrp_proxy + log_iv_rv,6,0.16679279602611669,0,0,0.3333333333333333,-0.01625521920404206,0.03900163017787599,0.6999243223843301,0.3000756776156699,0.17446132148991067,-0.001332796365181251,-0.0015072576866711617,-0.0025368191991439,0.0231050557664015,72,fitted,
2015-01-31,2014-12-31,ML Logistic + VRP,Logistic,equity_ret + bond_ret + log_rv_ann + log_iv_ann + vrp_proxy + log_iv_rv,6,0.4662028495414206,0,1,0.3194444444444444,-0.01625521920404206,0.0370475839007756,0.5202782902751477,0.4797217097248523,0.3592920642183648,-0.005570023975216146,-0.005929316039434511,-0.0296294039445595,0.0273729514320056,72,fitted,
2015-02-28,2015-01-31,ML Logistic + VRP,Logistic,equity_ret + bond_ret + log_rv_ann + log_iv_ann + vrp_proxy + log_iv_rv,6,0.5973357382313425,1,0,0.3333333333333333,-0.01625521920404206,0.03367208875240104,0.44159855706119455,0.5584014429388054,0.15735946642790632,0.01982336182789636,0.019666002361468454,0.0562047157616216,0.0123289611594899,72,fitted,
2015-03-31,2015-02-28,ML Logistic + VRP,Logistic,equity_ret + bond_ret + log_rv_ann + log_iv_ann + vrp_proxy + log_iv_rv,6,0.22213144077078434,0,1,0.3472222222222222,-0.01372445817045412,0.033347542089627,0.6667211355375293,0.3332788644624707,0.45024515695266953,-0.009222226287369111,-0.009672471444321781,-0.015705318762726,0.0196625988822306,72,fitted,
2015-04-30,2015-03-31,ML Logistic + VRP,Logistic,equity_ret + bond_ret + log_rv_ann + log_iv_ann + vrp_proxy + log_iv_rv,6,0.410323764473591,0,0,0.3472222222222222,-0.015323467937162138,0.032774465592405745,0.5538057413158455,0.4461942586841545,0.22583078844336768,0.004005802671011031,0.003779971882567663,0.0098335988197435,0.0069824951346415,72,fitted,
2015-05-31,2015-04-30,ML Logistic + VRP,Logistic,equity_ret + bond_ret + log_rv_ann + log_iv_ann + vrp_proxy + log_iv_rv,6,0.2756402502092858,0,0,0.3472222222222222,-0.015323467937162138,0.03179099127707973,0.6346158498744285,0.36538415012557146,0.16162021711716612,0.006560403420152244,0.006398783203035078,0.0128561307003343,0.011684481555973,72,fitted,
2015-06-30,2015-05-31,ML Logistic + VRP,Logistic,equity_ret + bond_ret + log_rv_ann + log_iv_ann + vrp_proxy + log_iv_rv,6,0.3139261052706995,0,1,0.3472222222222222,-0.015323467937162138,0.0300932244309903,0.6116443368375803,0.38835566316241965,0.04594302607369638,-0.016604899144106813,-0.016650842170180508,-0.0203115919609671,0.0126300938740652,72,fitted,
2015-07-31,2015-06-30,ML Logistic + VRP,Logistic,equity_ret + bond_ret + log_rv_ann + log_iv_ann + vrp_proxy + log_iv_rv,6,0.67471155178825,1,0,0.3472222222222222,-0.01663707002960592,0.02949552625454857,0.39517306892704995,0.60482693107295,0.4329425358210608,0.0141411098882241,0.01370816735240304,0.0225885702991868,0.0130861289347497,72,fitted,
2015-08-31,2015-07-31,ML Logistic + VRP,Logistic,equity_ret + bond_ret + log_rv_ann + log_iv_ann + vrp_proxy + log_iv_rv,6,0.19393893649593844,0,1,0.3333333333333333,-0.01663707002960592,0.027348668472675003,0.683636638102437,0.316363361897563,0.5769271383507741,-0.042729770667888266,-0.04330669780623904,-0.0609495604894528,0.0708891127570091,72,fitted,
2015-09-30,2015-08-31,ML Logistic + VRP,Logistic,equity_ret + bond_ret + log_rv_ann + log_iv_ann + vrp_proxy + log_iv_rv,6,0.9159266864168947,1,1,0.3333333333333333,-0.01793275884463846,0.02949552625454857,0.2504439881498632,0.7495560118501368,0.8663852999051476,-0.00030808839768332267,-0.0011744736975884702,-0.0255163653773383,0.0488701190813771,72,fitted,
2015-10-31,2015-09-30,ML Logistic + VRP,Logistic,equity_ret + bond_ret + log_rv_ann + log_iv_ann + vrp_proxy + log_iv_rv,6,0.7936746264683163,1,0,0.3194444444444444,-0.01901977921669444,0.0300932244309903,0.32379522411901024,0.6762047758809897,0.1467024719382941,0.02800527145890403,0.02785856898696574,0.0850598819349353,0.0192470206457399,72,fitted,
2015-11-30,2015-10-31,ML Logistic + VRP,Logistic,equity_ret + bond_ret + log_rv_ann + log_iv_ann + vrp_proxy + log_iv_rv,6,0.2908806474686454,0,0,0.3333333333333333,-0.01793275884463846,0.02949552625454857,0.6254716115188128,0.3745283884811872,0.603352774799605,0.0008289037430152899,0.00022555096821568485,0.0036551569603713,0.0134588757471278,72,fitted,
2015-12-31,2015-11-30,ML Logistic + VRP,Logistic,equity_ret + bond_ret + log_rv_ann + log_iv_ann + vrp_proxy + log_iv_rv,6,0.47530588879206903,0,1,0.3194444444444444,-0.01793275884463846,0.027348668472675003,0.5148164667247586,0.48518353327524144,0.2213102895881085,-0.00982712826487886,-0.010048438554466969,-0.0172824293324246,0.0322499404329786,72,fitted,
2016-01-31,2015-12-31,ML Logistic + VRP,Logistic,equity_ret + bond_ret + log_rv_ann + log_iv_ann + vrp_proxy + log_iv_rv,6,0.6751351954472399,1,1,0.3333333333333333,-0.0180152431418582,0.02949552625454857,0.3949188827316561,0.6050811172683439,0.23979516798620493,-0.01215484022384863,-0.012394635391834836,-0.0497869575816805,0.0530294566212985,72,fitted,
2016-02-29,2016-01-31,ML Logistic + VRP,Logistic,equity_ret + bond_ret + log_rv_ann + log_iv_ann + vrp_proxy + log_iv_rv,6,0.8105036929834748,1,1,0.3194444444444444,-0.0180152431418582,0.0300932244309903,0.3136977842099151,0.6863022157900849,0.16244219704348195,0.005828780020342307,0.005666337823298825,-0.0008256443239732,0.0390280071522599,72,fitted,
2016-03-31,2016-02-29,ML Logistic + VRP,Logistic,equity_ret + bond_ret + log_rv_ann + log_iv_ann + vrp_proxy + log_iv_rv,6,0.689354937507264,1,0,0.3194444444444444,-0.0180152431418582,0.03177422765937823,0.3863870374956416,0.6136129625043584,0.14537850657145301,0.03135780599080513,0.031212427484233675,0.0672660877237718,0.0083737007573496,72,fitted,
2016-04-30,2016-03-31,ML Logistic + VRP,Logistic,equity_ret + bond_ret + log_rv_ann + log_iv_ann + vrp_proxy + log_iv_rv,6,0.18597661545928199,0,0,0.3194444444444444,-0.0180152431418582,0.03177422765937823,0.6884140307244307,0.31158596927556925,0.6040539864575782,0.0035076000438390292,0.002903546057381451,0.0039410588202721,0.0099836167506883,72,fitted,
2016-05-31,2016-04-30,ML Logistic + VRP,Logistic,equity_ret + bond_ret + log_rv_ann + log_iv_ann + vrp_proxy + log_iv_rv,6,0.34572377424166517,0,0,0.3194444444444444,-0.0180152431418582,0.03177422765937823,0.5925657354550009,0.4074342645449991,0.19169659053885968,0.010135395291353828,0.00994369870081497,0.0170112297539695,0.011685875544568,72,fitted,
2016-06-30,2016-05-31,ML Logistic + VRP,Logistic,equity_ret + bond_ret + log_rv_ann + log_iv_ann + vrp_proxy + log_iv_rv,6,0.3660007179489388,0,1,0.3194444444444444,-0.01719994503520486,0.02949552625454857,0.5803995692306367,0.41960043076936326,0.024332332448728344,0.010137480678271638,0.010113148345822909,0.0034763530420491,0.0349160132281398,72,fitted,
2016-07-31,2016-06-30,ML Logistic + VRP,Logistic,equity_ret + bond_ret + log_rv_ann + log_iv_ann + vrp_proxy + log_iv_rv,6,0.5374884976421948,1,0,0.3333333333333333,-0.01663707002960592,0.02949552625454857,0.47750690141468316,0.5224930985853169,0.2057853356319072,0.02025993408714645,0.020054148751514542,0.0364710284772564,0.0079791447561163,72,fitted,
2016-08-31,2016-07-31,ML Logistic + VRP,Logistic,equity_ret + bond_ret + log_rv_ann + log_iv_ann + vrp_proxy + log_iv_rv,6,0.2561605645247594,0,0,0.3194444444444444,-0.01663707002960592,0.027348668472675003,0.6463036612851445,0.3536963387148555,0.3375935197409227,1.2251020313400825e-05,-0.0003253424994275219,0.0011974654720063,0.0026413094086102,72,fitted,
2016-09-30,2016-08-31,ML Logistic + VRP,Logistic,equity_ret + bond_ret + log_rv_ann + log_iv_ann + vrp_proxy + log_iv_rv,6,0.24802115737501101,0,0,0.3194444444444444,-0.015323467937162138,0.027348668472675003,0.6511873055749935,0.3488126944250065,0.009767288579697997,0.00021801846519148537,0.00020825117661178738,5.8425491511693295e-05,0.0193310506087537,72,fitted,
2016-10-31,2016-09-30,ML Logistic + VRP,Logistic,equity_ret + bond_ret + log_rv_ann + log_iv_ann + vrp_proxy + log_iv_rv,6,0.5967178150606688,1,1,0.3194444444444444,-0.015323467937162138,0.026809032298505474,0.44196931096359876,0.5580306890364013,0.4184359892227895,-0.012222621213494041,-0.01264105720271683,-0.0173372667020604,0.0045127851148509,72,fitted,
2016-11-30,2016-10-31,ML Logistic + VRP,Logistic,equity_ret + bond_ret + log_rv_ann + log_iv_ann + vrp_proxy + log_iv_rv,6,0.419522010100515,0,0,0.3194444444444444,-0.01663707002960592,0.026809032298505474,0.5482867939396909,0.45171320606030907,0.2126349659521844,0.008609431459012527,0.008396796493060342,0.0368383640292446,0.0111910308336225,72,fitted,
2016-12-31,2016-11-30,ML Logistic + VRP,Logistic,equity_ret + bond_ret + log_rv_ann + log_iv_ann + vrp_proxy + log_iv_rv,6,0.5997595021966292,1,0,0.3194444444444444,-0.01663707002960592,0.026809032298505474,0.4401442986820225,0.5598557013179775,0.21628499051533684,0.010344970152329113,0.010128685161813776,0.0202717664609688,0.0063208434705503,72,fitted,
2017-01-31,2016-12-31,ML Logistic + VRP,Logistic,equity_ret + bond_ret + log_rv_ann + log_iv_ann + vrp_proxy + log_iv_rv,6,0.26695031503983124,0,0,0.3194444444444444,-0.01663707002960592,0.026809032298505474,0.6398298109761013,0.36017018902389875,0.3993710245881575,0.012216108959144809,0.011816737934556652,0.0178946523171026,0.0043110840112382,72,fitted,
2017-02-28,2017-01-31,ML Logistic + VRP,Logistic,equity_ret + bond_ret + log_rv_ann + log_iv_ann + vrp_proxy + log_iv_rv,6,0.20569579955761808,0,0,0.3194444444444444,-0.01663707002960592,0.026809032298505474,0.6765825202654292,0.3234174797345708,0.07350541857865589,0.02867284988003716,0.028599344461458506,0.0392915362557069,0.0031851732529309,72,fitted,
2017-03-31,2017-02-28,ML Logistic + VRP,Logistic,equity_ret + bond_ret + log_rv_ann + log_iv_ann + vrp_proxy + log_iv_rv,6,0.12151864914153322,0,0,0.3194444444444444,-0.01663707002960592,0.026809032298505474,0.7270888105150801,0.2729111894849199,0.10101258049930184,0.0007580480448109359,0.000657035464311634,0.0012500669692114,0.0045255027533027,72,fitted,
2017-04-30,2017-03-31,ML Logistic + VRP,Logistic,equity_ret + bond_ret + log_rv_ann + log_iv_ann + vrp_proxy + log_iv_rv,6,0.2617897115826133,0,0,0.3194444444444444,-0.01663707002960592,0.026592152051570176,0.6429261730504321,0.3570738269495679,0.16832527492929605,0.00962038458540343,0.009452059310474133,0.0099260101203619,0.0051054340649919,72,fitted,
2017-05-31,2017-04-30,ML Logistic + VRP,Logistic,equity_ret + bond_ret + log_rv_ann + log_iv_ann + vrp_proxy + log_iv_rv,6,0.1806031730818057,0,0,0.3194444444444444,-0.01663707002960592,0.026592152051570176,0.6916380961509166,0.30836190384908335,0.09742384620096911,0.011879830074255308,0.011782406228054338,0.0141130016792141,0.005987699963594,72,fitted,
2017-06-30,2017-05-31,ML Logistic + VRP,Logistic,equity_ret + bond_ret + log_rv_ann + log_iv_ann + vrp_proxy + log_iv_rv,6,0.20341771756031168,0,0,0.3194444444444444,-0.01663707002960592,0.026592152051570176,0.6779493694638131,0.3220506305361869,0.02737745337420705,0.004263169458006297,0.004235792004632089,0.0063750149976713,0.0047988397358414,72,fitted,
2017-07-31,2017-06-30,ML Logistic + VRP,Logistic,equity_ret + bond_ret + log_rv_ann + log_iv_ann + vrp_proxy + log_iv_rv,6,0.2196949267090108,0,0,0.3194444444444444,-0.015323467937162138,0.026592152051570176,0.6681830439745936,0.3318169560254064,0.019532650978439037,0.014842022763734761,0.014822490112756322,0.0205540626266318,0.0031085303636449,72,fitted,
2017-08-31,2017-07-31,ML Logistic + VRP,Logistic,equity_ret + bond_ret + log_rv_ann + log_iv_ann + vrp_proxy + log_iv_rv,6,0.15406738096000047,0,0,0.3194444444444444,-0.01372445817045412,0.026519372298884798,0.7075595714239998,0.29244042857600017,0.07875305489881246,0.004817211228177759,0.004738458173278947,0.0029176592589472,0.0091542658595658,72,fitted,
2017-09-30,2017-08-31,ML Logistic + VRP,Logistic,equity_ret + bond_ret + log_rv_ann + log_iv_ann + vrp_proxy + log_iv_rv,6,0.330823962967387,0,0,0.3333333333333333,-0.0134193829272716,0.022937083002415544,0.6015056222195678,0.3984943777804322,0.21210789840886402,0.009842315234716313,0.009630207336307449,0.0201494694043284,0.003303149973887,72,fitted,
2017-10-31,2017-09-30,ML Logistic + VRP,Logistic,equity_ret + bond_ret + log_rv_ann + log_iv_ann + vrp_proxy + log_iv_rv,6,0.33688098528681626,0,0,0.3333333333333333,-0.012010978448615412,0.02183809677043545,0.5978714088279102,0.40212859117208977,0.007268426783315185,0.014481751423035512,0.014474482996252197,0.0235640599878685,0.0025804918545498,72,fitted,
2017-11-30,2017-10-31,ML Logistic + VRP,Logistic,equity_ret + bond_ret + log_rv_ann + log_iv_ann + vrp_proxy + log_iv_rv,6,0.3219782955491024,0,0,0.3333333333333333,-0.012010978448615412,0.020036292629478442,0.6068130226705386,0.3931869773294614,0.017883227685256742,0.017964919853498997,0.01794703662581374,0.0305659512903513,0.0044864660920446,72,fitted,
2017-12-31,2017-11-30,ML Logistic + VRP,Logistic,equity_ret + bond_ret + log_rv_ann + log_iv_ann + vrp_proxy + log_iv_rv,6,0.4089307171860065,0,0,0.3194444444444444,-0.012010978448615412,0.019596289227535223,0.5546415696883962,0.4453584303116038,0.10434290596428486,0.008842698539889848,0.008738355633925563,0.0121280447504534,0.0037377996842623,72,fitted,
2018-01-31,2017-12-31,ML Logistic + VRP,Logistic,equity_ret + bond_ret + log_rv_ann + log_iv_ann + vrp_proxy + log_iv_rv,6,0.4465197018417629,0,0,0.3194444444444444,-0.012010978448615412,0.01931424461615094,0.5320881788949423,0.4679118211050577,0.04510678158690773,0.02472395801515859,0.02467885123357168,0.0563590508865274,0.0088455913877699,72,fitted,
2018-02-28,2018-01-31,ML Logistic + VRP,Logistic,equity_ret + bond_ret + log_rv_ann + log_iv_ann + vrp_proxy + log_iv_rv,6,0.496509210278511,0,1,0.3194444444444444,-0.012010978448615412,0.01931424461615094,0.5020944738328934,0.4979055261671066,0.059987410124097806,-0.02327902650038009,-0.023339013910504188,-0.0363602968309803,0.0693817661865629,72,fitted,
2018-03-31,2018-02-28,ML Logistic + VRP,Logistic,equity_ret + bond_ret + log_rv_ann + log_iv_ann + vrp_proxy + log_iv_rv,6,0.6576115587767286,1,1,0.3194444444444444,-0.0134193829272716,0.019596289227535223,0.40543306473396284,0.5945669352660372,0.19332281819786118,-0.007122683431840176,-0.007316006250038037,-0.0274106125187965,0.0391566421627034,72,fitted,
2018-04-30,2018-03-31,ML Logistic + VRP,Logistic,equity_ret + bond_ret + log_rv_ann + log_iv_ann + vrp_proxy + log_iv_rv,6,0.6326126640993821,1,1,0.3194444444444444,-0.01372445817045412,0.020036292629478442,0.42043240154037076,0.5795675984596292,0.029998673612815885,-0.003281354941021388,-0.003311353614634204,0.0051679530466695,0.0280178091882417,72,fitted,
2018-05-31,2018-04-30,ML Logistic + VRP,Logistic,equity_ret + bond_ret + log_rv_ann + log_iv_ann + vrp_proxy + log_iv_rv,6,0.7251120724325915,1,0,0.3194444444444444,-0.01372445817045412,0.02183809677043545,0.3649327565404451,0.6350672434595549,0.11099928999985131,0.013074850952794596,0.012963851662794745,0.0243094062948869,0.0110016758787904,72,fitted,
2018-06-30,2018-05-31,ML Logistic + VRP,Logistic,equity_ret + bond_ret + log_rv_ann + log_iv_ann + vrp_proxy + log_iv_rv,6,0.42912762560203366,0,0,0.3194444444444444,-0.0134193829272716,0.02183809677043545,0.5425234246387798,0.4574765753612202,0.35518133619666936,0.003589314192393662,0.0032341328561969925,0.0057506380670362,0.0069522162226171,72,fitted,
2018-07-31,2018-06-30,ML Logistic + VRP,Logistic,equity_ret + bond_ret + log_rv_ann + log_iv_ann + vrp_proxy + log_iv_rv,6,0.46104376459865576,0,0,0.3194444444444444,-0.0134193829272716,0.020036292629478442,0.5233737412408065,0.4766262587591935,0.03829936679594659,0.01924974197760406,0.019211442610808115,0.0370465593619937,0.0074932326452525,72,fitted,
2018-08-31,2018-07-31,ML Logistic + VRP,Logistic,equity_ret + bond_ret + log_rv_ann + log_iv_ann + vrp_proxy + log_iv_rv,6,0.4619271549747257,0,0,0.3194444444444444,-0.0134193829272716,0.020036292629478442,0.5228437070151646,0.4771562929848354,0.0010600684512838132,0.019399557718028742,0.01939849764957746,0.0319200726736803,0.0051995850054083,72,fitted,
2018-09-30,2018-08-31,ML Logistic + VRP,Logistic,equity_ret + bond_ret + log_rv_ann + log_iv_ann + vrp_proxy + log_iv_rv,6,0.3547023234073322,0,0,0.3194444444444444,-0.0134193829272716,0.020036292629478442,0.5871786059556007,0.4128213940443993,0.12866979788087218,0.0009327375853427854,0.0008040677874619133,0.0059453879165258,0.0028989515877322,72,fitted,
2018-10-31,2018-09-30,ML Logistic + VRP,Logistic,equity_ret + bond_ret + log_rv_ann + log_iv_ann + vrp_proxy + log_iv_rv,6,0.42290163127133,0,1,0.3194444444444444,-0.0134193829272716,0.020036292629478442,0.5462590212372019,0.45374097876279806,0.08183916943679748,-0.04067118754491655,-0.040753026714353345,-0.0691042387374787,0.0541512353077064,72,fitted,
2018-11-30,2018-10-31,ML Logistic + VRP,Logistic,equity_ret + bond_ret + log_rv_ann + log_iv_ann + vrp_proxy + log_iv_rv,6,0.8484117140122279,1,1,0.3055555555555556,-0.0134193829272716,0.02183809677043545,0.29095297159266326,0.7090470284073367,0.5106120992890772,0.010867509029228208,0.01035689692993913,0.0185491980903704,0.0337290643444268,72,fitted,
2018-12-31,2018-11-30,ML Logistic + VRP,Logistic,equity_ret + bond_ret + log_rv_ann + log_iv_ann + vrp_proxy + log_iv_rv,6,0.5637925070826896,1,1,0.3055555555555556,-0.0134193829272716,0.022509987826379294,0.46172449575038627,0.5382755042496137,0.341543048315446,-0.02999004113689497,-0.030331584185210415,-0.0880482601435995,0.0819994357360099,72,fitted,
2019-01-31,2018-12-31,ML Logistic + VRP,Logistic,equity_ret + bond_ret + log_rv_ann + log_iv_ann + vrp_proxy + log_iv_rv,6,0.7562543742158275,1,1,0.2916666666666667,-0.01372445817045412,0.026519372298884798,0.3462473754705035,0.6537526245294965,0.23095424055976554,0.03367752888926544,0.03344657464870567,0.0800652766185778,0.0348266773224755,72,fitted,
2019-02-28,2019-01-31,ML Logistic + VRP,Logistic,equity_ret + bond_ret + log_rv_ann + log_iv_ann + vrp_proxy + log_iv_rv,6,0.6617267326381704,1,0,0.3055555555555556,-0.01372445817045412,0.027888837636994485,0.40296396041709776,0.5970360395829022,0.11343316989318852,0.012383055287184776,0.012269622117291587,0.0324160808511369,0.010145527749623,72,fitted,
2019-03-31,2019-02-28,ML Logistic + VRP,Logistic,equity_ret + bond_ret + log_rv_ann + log_iv_ann + vrp_proxy + log_iv_rv,6,0.4413176392474424,0,0,0.3055555555555556,-0.01372445817045412,0.027888837636994485,0.5352094164515346,0.46479058354846536,0.2644909120688737,0.019553313338284986,0.01928882242621611,0.0181005597670835,0.0134174937530691,72,fitted,
2019-04-30,2019-03-31,ML Logistic + VRP,Logistic,equity_ret + bond_ret + log_rv_ann + log_iv_ann + vrp_proxy + log_iv_rv,6,0.18756294957573028,0,0,0.3055555555555556,-0.01372445817045412,0.027888837636994485,0.6874622302545619,0.3125377697454381,0.3045056276060545,0.027458395000246192,0.027153889372640138,0.0408522807714701,0.0045284274287446,72,fitted,
2019-05-31,2019-04-30,ML Logistic + VRP,Logistic,equity_ret + bond_ret + log_rv_ann + log_iv_ann + vrp_proxy + log_iv_rv,6,0.3144534568851821,0,1,0.3055555555555556,-0.01372445817045412,0.027888837636994485,0.6113279258688907,0.38867207413110927,0.1522686087713423,-0.03155870105709288,-0.03171096966586422,-0.0637715446163655,0.0232894863692865,72,fitted,
2019-06-30,2019-05-31,ML Logistic + VRP,Logistic,equity_ret + bond_ret + log_rv_ann + log_iv_ann + vrp_proxy + log_iv_rv,6,0.2742654966468202,0,0,0.3055555555555556,-0.015323467937162138,0.027888837636994485,0.6354407020119078,0.36455929798809217,0.0482255522860342,0.04822347181517576,0.04817524626288972,0.0695869836370073,0.0150522029767334,72,fitted,
2019-07-31,2019-06-30,ML Logistic + VRP,Logistic,equity_ret + bond_ret + log_rv_ann + log_iv_ann + vrp_proxy + log_iv_rv,6,0.27873975069227125,0,0,0.2916666666666667,-0.015323467937162138,0.026556258419461798,0.6327561495846372,0.3672438504153628,0.005369104854541229,0.01023442442974275,0.01022905532488821,0.015119155506172,0.0063572894106064,72,fitted,
2019-08-31,2019-07-31,ML Logistic + VRP,Logistic,equity_ret + bond_ret + log_rv_ann + log_iv_ann + vrp_proxy + log_iv_rv,6,0.2697182448680812,0,1,0.2916666666666667,-0.015323467937162138,0.026556258419461798,0.6381690530791513,0.3618309469208487,0.01082580698902813,-0.0006158910250362234,-0.0006267168320252516,-0.0167431178325256,0.0529314210345212,72,fitted,
2019-09-30,2019-08-31,ML Logistic + VRP,Logistic,equity_ret + bond_ret + log_rv_ann + log_iv_ann + vrp_proxy + log_iv_rv,6,0.39730661240153464,0,0,0.2916666666666667,-0.015323467937162138,0.027888837636994485,0.5616160325590792,0.4383839674409208,0.15310604104014414,0.008244194638697163,0.008091088597657019,0.019457607137904,0.0069507188464891,72,fitted,
2019-10-31,2019-09-30,ML Logistic + VRP,Logistic,equity_ret + bond_ret + log_rv_ann + log_iv_ann + vrp_proxy + log_iv_rv,6,0.5434312339809674,1,0,0.2916666666666667,-0.015323467937162138,0.027888837636994485,0.4739412596114196,0.5260587403885804,0.1753495458953192,0.011571350917325095,0.011396001371429777,0.022104910520698,0.0121560388082833,72,fitted,
2019-11-30,2019-10-31,ML Logistic + VRP,Logistic,equity_ret + bond_ret + log_rv_ann + log_iv_ann + vrp_proxy + log_iv_rv,6,0.4288567105458151,0,0,0.2916666666666667,-0.015323467937162138,0.027888837636994485,0.5426859736725109,0.4573140263274891,0.13748942812218262,0.019486138173175363,0.019348648745053182,0.0361980390510503,0.0037265753735674,72,fitted,
2019-12-31,2019-11-30,ML Logistic + VRP,Logistic,equity_ret + bond_ret + log_rv_ann + log_iv_ann + vrp_proxy + log_iv_rv,6,0.24691336704597594,0,0,0.2916666666666667,-0.015323467937162138,0.027888837636994485,0.6518519797724145,0.3481480202275855,0.21833201219980714,0.0187769836819042,0.01855865166970439,0.0290553857921926,0.0058181637561704,72,fitted,
2020-01-31,2019-12-31,ML Logistic + VRP,Logistic,equity_ret + bond_ret + log_rv_ann + log_iv_ann + vrp_proxy + log_iv_rv,6,0.32872605615516903,0,0,0.2916666666666667,-0.015323467937162138,0.027888837636994485,0.6027643663068987,0.39723563369310133,0.09817522693103164,0.007816473857431542,0.00771829863050051,-0.0004039100321869,0.0142020296605696,72,fitted,
2020-02-29,2020-01-31,ML Logistic + VRP,Logistic,equity_ret + bond_ret + log_rv_ann + log_iv_ann + vrp_proxy + log_iv_rv,6,0.15469064478966763,0,1,0.2916666666666667,-0.01372445817045412,0.027888837636994485,0.7071856131261995,0.29281438687380046,0.20884249363860174,-0.05134470128060522,-0.05155354377424382,-0.0791656798108233,0.0634267713446377,72,fitted,
2020-03-31,2020-02-29,ML Logistic + VRP,Logistic,equity_ret + bond_ret + log_rv_ann + log_iv_ann + vrp_proxy + log_iv_rv,6,0.8109373180777527,1,1,0.2777777777777778,-0.015323467937162138,0.03137255550498972,0.3134376091533484,0.6865623908466516,0.7874960079457023,-0.042756012039746806,-0.04354350804769251,-0.1248710855259812,0.8051106406451516,72,fitted,
2020-04-30,2020-03-31,ML Logistic + VRP,Logistic,equity_ret + bond_ret + log_rv_ann + log_iv_ann + vrp_proxy + log_iv_rv,6,0.9792481165789881,1,1,0.2638888888888889,-0.01653555801856568,0.03224220076321822,0.21245113005260713,0.7875488699473929,0.2019729582014826,0.040516280377779074,0.04031430741957759,0.1269835643306984,0.1613253614718995,72,fitted,
2020-05-31,2020-04-30,ML Logistic + VRP,Logistic,equity_ret + bond_ret + log_rv_ann + log_iv_ann + vrp_proxy + log_iv_rv,6,0.6306631530086679,1,1,0.2777777777777778,-0.01653555801856568,0.03343323956213717,0.42160210819479926,0.5783978918052007,0.4183019562843843,0.023977291592633655,0.02355898963634927,0.0476451398891062,0.0477456220094945,72,fitted,
2020-06-30,2020-05-31,ML Logistic + VRP,Logistic,equity_ret + bond_ret + log_rv_ann + log_iv_ann + vrp_proxy + log_iv_rv,6,0.7900931228863655,1,1,0.2777777777777778,-0.01653555801856568,0.03460715472686576,0.32594412626818076,0.6740558737318192,0.19131596385323696,0.010223236407356135,0.010031920443502897,0.0177345013421075,0.0850247449024201,72,fitted,
2020-07-31,2020-06-30,ML Logistic + VRP,Logistic,equity_ret + bond_ret + log_rv_ann + log_iv_ann + vrp_proxy + log_iv_rv,6,0.8682154371700677,1,0,0.2777777777777778,-0.01653555801856568,0.03489814604700694,0.2790707376979594,0.7209292623020406,0.09374677714044272,0.026046474232996854,0.025952727455856413,0.058892149898498,0.0181833778382797,72,fitted,
2020-08-31,2020-07-31,ML Logistic + VRP,Logistic,equity_ret + bond_ret + log_rv_ann + log_iv_ann + vrp_proxy + log_iv_rv,6,0.5881128838948273,1,0,0.2777777777777778,-0.01653555801856568,0.03489814604700694,0.44713226966310365,0.5528677303368963,0.3361230639302885,0.026654989657450282,0.026318866593519993,0.0697968738185985,0.0089494184556946,72,fitted,
2020-09-30,2020-08-31,ML Logistic + VRP,Logistic,equity_ret + bond_ret + log_rv_ann + log_iv_ann + vrp_proxy + log_iv_rv,6,0.7208432972038564,1,1,0.2777777777777778,-0.01653555801856568,0.03489814604700694,0.3674940216776862,0.6325059783223138,0.15927649597083499,-0.014375968094490533,-0.014535244590461368,-0.0374436483963509,0.0584435139542133,72,fitted,
2020-10-31,2020-09-30,ML Logistic + VRP,Logistic,equity_ret + bond_ret + log_rv_ann + log_iv_ann + vrp_proxy + log_iv_rv,6,0.8094375808503509,1,1,0.2777777777777778,-0.0171745670324448,0.0382056083674359,0.3143374514897895,0.6856625485102106,0.10631314037579348,-0.011665632606471079,-0.011771945746846871,-0.0249336012019394,0.0417113427069923,72,fitted,
2020-11-30,2020-10-31,ML Logistic + VRP,Logistic,equity_ret + bond_ret + log_rv_ann + log_iv_ann + vrp_proxy + log_iv_rv,6,0.9200599144501042,1,0,0.2638888888888889,-0.01732629922813324,0.0391309151606147,0.24796405132993754,0.7520359486700625,0.13274680031970387,0.03604814687825807,0.035915400077938364,0.1087766095892315,0.0313735993757135,72,fitted,
2020-12-31,2020-11-30,ML Logistic + VRP,Logistic,equity_ret + bond_ret + log_rv_ann + log_iv_ann + vrp_proxy + log_iv_rv,6,0.612431410843579,1,0,0.2638888888888889,-0.01732629922813324,0.0391309151606147,0.43254115349385264,0.5674588465061474,0.3691542043278302,0.016511545554631954,0.016142391350304125,0.037048736202923,0.0067159522540785,72,fitted,
2021-01-31,2020-12-31,ML Logistic + VRP,Logistic,equity_ret + bond_ret + log_rv_ann + log_iv_ann + vrp_proxy + log_iv_rv,6,0.5854452844241855,1,0,0.2638888888888889,-0.01732629922813324,0.0391309151606147,0.4487328293454887,0.5512671706545114,0.03238335170327211,-0.008677547738225978,-0.00870993108992925,-0.0101906258057092,0.0245146166345033,72,fitted,
2021-02-28,2021-01-31,ML Logistic + VRP,Logistic,equity_ret + bond_ret + log_rv_ann + log_iv_ann + vrp_proxy + log_iv_rv,6,0.806030208719973,1,0,0.2638888888888889,-0.0171745670324448,0.0391309151606147,0.3163818747680162,0.6836181252319837,0.26470190915494485,-0.0015807541945565187,-0.0018454561037114636,0.0278056149599641,0.0239993198244283,72,fitted,
2021-03-31,2021-02-28,ML Logistic + VRP,Logistic,equity_ret + bond_ret + log_rv_ann + log_iv_ann + vrp_proxy + log_iv_rv,6,0.7924792507783234,1,0,0.2638888888888889,-0.0171745670324448,0.0391309151606147,0.324512449533006,0.6754875504669939,0.01626114952997959,0.006989105486843649,0.00697284433731367,0.0453989969246546,0.0211477529194429,72,fitted,
2021-04-30,2021-03-31,ML Logistic + VRP,Logistic,equity_ret + bond_ret + log_rv_ann + log_iv_ann + vrp_proxy + log_iv_rv,6,0.6757989016685543,1,0,0.2638888888888889,-0.0171745670324448,0.0391309151606147,0.39452065899886746,0.6054793410011325,0.14001641893172284,0.025306574626038573,0.02516655820710685,0.0529105803307079,0.011960095705553,72,fitted,
2021-05-31,2021-04-30,ML Logistic + VRP,Logistic,equity_ret + bond_ret + log_rv_ann + log_iv_ann + vrp_proxy + log_iv_rv,6,0.43537384346161045,0,0,0.2638888888888889,-0.0171745670324448,0.0391309151606147,0.5387756939230337,0.4612243060769663,0.2885100698483325,0.004477707853242835,0.0041891977833945025,0.0065659769961186,0.0184358368555118,72,fitted,
2021-06-30,2021-05-31,ML Logistic + VRP,Logistic,equity_ret + bond_ret + log_rv_ann + log_iv_ann + vrp_proxy + log_iv_rv,6,0.49989576239332384,0,0,0.2638888888888889,-0.0171745670324448,0.0391309151606147,0.5000625425640057,0.49993745743599427,0.07742630271805595,0.015354203518682292,0.015276777215964236,0.0224276872580317,0.0076236756644047,72,fitted,
2021-07-31,2021-06-30,ML Logistic + VRP,Logistic,equity_ret + bond_ret + log_rv_ann + log_iv_ann + vrp_proxy + log_iv_rv,6,0.3578968483144174,0,0,0.25,-0.015432619427162312,0.0391309151606147,0.5852618910113496,0.4147381089886504,0.17039869689468778,0.01891865099580405,0.018748252298909363,0.0244125006416975,0.0126017914009117,72,fitted,
2021-08-31,2021-07-31,ML Logistic + VRP,Logistic,equity_ret + bond_ret + log_rv_ann + log_iv_ann + vrp_proxy + log_iv_rv,6,0.3992146570916348,0,0,0.25,-0.015432619427162312,0.0391309151606147,0.5604712057450191,0.4395287942549809,0.049581370532661095,0.015798743245107747,0.015749161874575087,0.0297596367958095,0.0072916961285565,72,fitted,
2021-09-30,2021-08-31,ML Logistic + VRP,Logistic,equity_ret + bond_ret + log_rv_ann + log_iv_ann + vrp_proxy + log_iv_rv,6,0.4580027322364492,0,1,0.2638888888888889,-0.00831762950936199,0.0382056083674359,0.5251983606581304,0.4748016393418696,0.07054569017377732,-0.028832084789188552,-0.02890263047936233,-0.0466053391645534,0.0169393666259173,72,fitted,
2021-10-31,2021-09-30,ML Logistic + VRP,Logistic,equity_ret + bond_ret + log_rv_ann + log_iv_ann + vrp_proxy + log_iv_rv,6,0.7072064161705265,1,0,0.2777777777777778,-0.00831762950936199,0.03489814604700694,0.3756761502976841,0.6243238497023159,0.29904442072089266,0.026304227989193345,0.02600518356847245,0.070163231687061,0.0138465001309024,72,fitted,
2021-11-30,2021-10-31,ML Logistic + VRP,Logistic,equity_ret + bond_ret + log_rv_ann + log_iv_ann + vrp_proxy + log_iv_rv,6,0.4712159486147933,0,0,0.2777777777777778,-0.00831762950936199,0.03489814604700694,0.517270430831124,0.482729569168876,0.28318856106687984,-0.002848599709330981,-0.0031317882703978607,-0.0080346346338684,0.0158472021138178,72,fitted,
2021-12-31,2021-11-30,ML Logistic + VRP,Logistic,equity_ret + bond_ret + log_rv_ann + log_iv_ann + vrp_proxy + log_iv_rv,6,0.632593073909217,1,0,0.2777777777777778,-0.009759427571341038,0.03489814604700694,0.4204441556544698,0.5795558443455302,0.19365255035330842,0.017365565897613122,0.017171913347259815,0.0462477179391753,0.0280975939519886,72,fitted,
2022-01-31,2021-12-31,ML Logistic + VRP,Logistic,equity_ret + bond_ret + log_rv_ann + log_iv_ann + vrp_proxy + log_iv_rv,6,0.5949093178627017,1,1,0.2777777777777778,-0.006592836571889351,0.03489814604700694,0.443054409282379,0.5569455907176211,0.04522050725581833,-0.03449831385395683,-0.03454353436121265,-0.0527411838705357,0.0333761810708161,72,fitted,
2022-02-28,2022-01-31,ML Logistic + VRP,Logistic,equity_ret + bond_ret + log_rv_ann + log_iv_ann + vrp_proxy + log_iv_rv,6,0.721620933363409,1,1,0.2916666666666667,-0.006592836571889351,0.03460715472686576,0.3670274399819546,0.6329725600180454,0.1520539386008487,-0.018085333487792007,-0.018237387426392856,-0.0295169814791933,0.0549600150805621,72,fitted,
2022-03-31,2022-02-28,ML Logistic + VRP,Logistic,equity_ret + bond_ret + log_rv_ann + log_iv_ann + vrp_proxy + log_iv_rv,6,0.8015115131285369,1,1,0.2777777777777778,-0.009759427571341038,0.03460715472686576,0.3190930921228779,0.6809069078771222,0.09586869571815348,-0.007153548137007724,-0.007249416832725878,0.0375903093946135,0.0508991242086973,72,fitted,
2022-04-30,2022-03-31,ML Logistic + VRP,Logistic,equity_ret + bond_ret + log_rv_ann + log_iv_ann + vrp_proxy + log_iv_rv,6,0.8530462166172367,1,1,0.2777777777777778,-0.009759427571341038,0.03489814604700694,0.288172270029658,0.7118277299703419,0.06184164418643967,-0.05238394293501157,-0.05244578457919801,-0.0877689610309558,0.0650108003515997,72,fitted,
2022-05-31,2022-04-30,ML Logistic + VRP,Logistic,equity_ret + bond_ret + log_rv_ann + log_iv_ann + vrp_proxy + log_iv_rv,6,0.9328810278582712,1,1,0.2638888888888889,-0.015432619427162312,0.0383085163757907,0.24027138328503728,0.7597286167149627,0.09580177348924152,0.0063208033321677706,0.006225001558678529,0.0022570559091426,0.0940260584652756,72,fitted,
2022-06-30,2022-05-31,ML Logistic + VRP,Logistic,equity_ret + bond_ret + log_rv_ann + log_iv_ann + vrp_proxy + log_iv_rv,6,0.7074912343346016,1,1,0.2777777777777778,-0.015432619427162312,0.04120040259813453,0.37550525939923907,0.6244947406007609,0.2704677522284036,-0.0406628775258734,-0.0409333452781018,-0.082460269627578,0.0889215252801937,72,fitted,
2022-07-31,2022-06-30,ML Logistic + VRP,Logistic,equity_ret + bond_ret + log_rv_ann + log_iv_ann + vrp_proxy + log_iv_rv,6,0.8635176187055151,1,0,0.2916666666666667,-0.01721843692815344,0.04653876614899408,0.28188942877669093,0.7181105712233091,0.18723166124509633,0.04418475100868275,0.043997519347437654,0.0920873250468234,0.0382937338439917,72,fitted,
2022-08-31,2022-07-31,ML Logistic + VRP,Logistic,equity_ret + bond_ret + log_rv_ann + log_iv_ann + vrp_proxy + log_iv_rv,6,0.4558450962080853,0,1,0.2916666666666667,-0.01721843692815344,0.04653876614899408,0.5264929422751488,0.47350705772485124,0.4892070269969157,-0.03588736877036752,-0.03637657579736444,-0.0408018508723103,0.03964988655659,72,fitted,
2022-09-30,2022-08-31,ML Logistic + VRP,Logistic,equity_ret + bond_ret + log_rv_ann + log_iv_ann + vrp_proxy + log_iv_rv,6,0.7803775668338734,1,1,0.2916666666666667,-0.02341433430196359,0.04653876614899408,0.331773459899676,0.668226540100324,0.3894389647509455,-0.05836900364797972,-0.058758442612730666,-0.0924459211402304,0.0607277089411956,72,fitted,
2022-10-31,2022-09-30,ML Logistic + VRP,Logistic,equity_ret + bond_ret + log_rv_ann + log_iv_ann + vrp_proxy + log_iv_rv,6,0.8779632550419253,1,1,0.2777777777777778,-0.026915210255425075,0.050268423768856756,0.2732220469748448,0.7267779530251552,0.11710282584966242,0.012914625548141101,0.012797522722291439,0.081275540632878,0.0769434253227362,72,fitted,
2022-11-30,2022-10-31,ML Logistic + VRP,Logistic,equity_ret + bond_ret + log_rv_ann + log_iv_ann + vrp_proxy + log_iv_rv,6,0.7902693276432017,1,1,0.2777777777777778,-0.026915210255425075,0.052524961669356426,0.325838403414079,0.674161596585921,0.10523271287846842,0.043788721910466344,0.043683489197587876,0.0555915071749977,0.0740758740770046,72,fitted,
2022-12-31,2022-11-30,ML Logistic + VRP,Logistic,equity_ret + bond_ret + log_rv_ann + log_iv_ann + vrp_proxy + log_iv_rv,6,0.32433960299753883,0,1,0.2777777777777778,-0.026915210255425075,0.053907272453069366,0.6053962382014767,0.3946037617985233,0.5591156695747954,-0.038322858428321595,-0.03888197409789639,-0.0576283212677928,0.0330097876182882,72,fitted,
2023-01-31,2022-12-31,ML Logistic + VRP,Logistic,equity_ret + bond_ret + log_rv_ann + log_iv_ann + vrp_proxy + log_iv_rv,6,0.5097427553833097,1,0,0.2777777777777778,-0.029095707687113937,0.053907272453069366,0.4941543467700142,0.5058456532299858,0.22248378286292497,0.04792187148567927,0.04769938770281635,0.0628875637028856,0.0270783137113775,72,fitted,
2023-02-28,2023-01-31,ML Logistic + VRP,Logistic,equity_ret + bond_ret + log_rv_ann + log_iv_ann + vrp_proxy + log_iv_rv,6,0.37449405363337596,0,0,0.2777777777777778,-0.029095707687113937,0.053907272453069366,0.5753035678199744,0.4246964321800256,0.16229844209992034,-0.02578555374680614,-0.02594785218890606,-0.0251428085962797,0.0257109474056733,72,fitted,
2023-03-31,2023-02-28,ML Logistic + VRP,Logistic,equity_ret + bond_ret + log_rv_ann + log_iv_ann + vrp_proxy + log_iv_rv,6,0.6479632157720311,1,0,0.2777777777777778,-0.029095707687113937,0.053907272453069366,0.41122207053678134,0.5887779294632187,0.32816299456638615,0.030797953954412913,0.030469790959846525,0.0370776993762178,0.0342983710803908,72,fitted,
2023-04-30,2023-03-31,ML Logistic + VRP,Logistic,equity_ret + bond_ret + log_rv_ann + log_iv_ann + vrp_proxy + log_iv_rv,6,0.3817445774644618,0,0,0.2777777777777778,-0.029095707687113937,0.053907272453069366,0.570953253521323,0.429046746478677,0.31946236596908334,0.011590348591627723,0.01127088622565864,0.015975076842235,0.0153013085471043,72,fitted,
2023-05-31,2023-04-30,ML Logistic + VRP,Logistic,equity_ret + bond_ret + log_rv_ann + log_iv_ann + vrp_proxy + log_iv_rv,6,0.3688421260261268,0,0,0.2777777777777778,-0.029095707687113937,0.053907272453069366,0.5786947243843239,0.4213052756156761,0.015482941726001842,-0.0021495808353263653,-0.002165063777052367,0.0046162773444813,0.0162709612878342,72,fitted,
2023-06-30,2023-05-31,ML Logistic + VRP,Logistic,equity_ret + bond_ret + log_rv_ann + log_iv_ann + vrp_proxy + log_iv_rv,6,0.5060206858018316,1,0,0.2777777777777778,-0.029095707687113937,0.053907272453069366,0.4963875885189011,0.5036124114810989,0.16461427173084564,0.03031143185764737,0.030146817585916523,0.0647997868231831,0.0126982381756767,72,fitted,
2023-07-31,2023-06-30,ML Logistic + VRP,Logistic,equity_ret + bond_ret + log_rv_ann + log_iv_ann + vrp_proxy + log_iv_rv,6,0.44663321455067273,0,0,0.2777777777777778,-0.029095707687113937,0.053907272453069366,0.5320200712695964,0.4679799287304036,0.07126496550139061,0.017342902988946387,0.017271638023444995,0.0327333273782939,0.0080320331531871,72,fitted,
2023-08-31,2023-07-31,ML Logistic + VRP,Logistic,equity_ret + bond_ret + log_rv_ann + log_iv_ann + vrp_proxy + log_iv_rv,6,0.3510527017734735,0,0,0.2777777777777778,-0.029095707687113937,0.053907272453069366,0.5893683789359159,0.41063162106408413,0.11469661533263897,-0.012170896217888956,-0.012285592833221594,-0.0162522872564353,0.0135663756498067,72,fitted,
2023-09-30,2023-08-31,ML Logistic + VRP,Logistic,equity_ret + bond_ret + log_rv_ann + log_iv_ann + vrp_proxy + log_iv_rv,6,0.33668885538815174,0,1,0.2777777777777778,-0.029095707687113937,0.053907272453069366,0.597986686767109,0.402013313232891,0.017236615662386212,-0.03877574892591748,-0.038792985541579866,-0.0474343383529096,0.0123089230331672,72,fitted,
2023-10-31,2023-09-30,ML Logistic + VRP,Logistic,equity_ret + bond_ret + log_rv_ann + log_iv_ann + vrp_proxy + log_iv_rv,6,0.5268833074943614,1,0,0.2916666666666667,-0.03499163376062289,0.053907272453069366,0.48387001550338316,0.5161299844966168,0.22823334252745164,-0.018610861514523964,-0.018839094857051417,-0.0217085890517351,0.01986358683567,72,fitted,
2023-11-30,2023-10-31,ML Logistic + VRP,Logistic,equity_ret + bond_ret + log_rv_ann + log_iv_ann + vrp_proxy + log_iv_rv,6,0.5178384387950699,1,0,0.2916666666666667,-0.03499163376062289,0.053907272453069366,0.4892969367229581,0.510703063277042,0.01085384243914983,0.06815056840154411,0.06813971455910496,0.0913438546150167,0.0161631210576473,72,fitted,
2023-12-31,2023-11-30,ML Logistic + VRP,Logistic,equity_ret + bond_ret + log_rv_ann + log_iv_ann + vrp_proxy + log_iv_rv,6,0.23382052364545622,0,0,0.2916666666666667,-0.03499163376062289,0.053907272453069366,0.6597076858127262,0.3402923141872738,0.3408214981795363,0.04270205554560417,0.04236123404742463,0.0456553235023327,0.0095094452987884,72,fitted,
2024-01-31,2023-12-31,ML Logistic + VRP,Logistic,equity_ret + bond_ret + log_rv_ann + log_iv_ann + vrp_proxy + log_iv_rv,6,0.20232649782803502,0,0,0.2916666666666667,-0.03499163376062289,0.053907272453069366,0.6786041013031789,0.32139589869682106,0.03779283098090547,0.010321943701879863,0.010284150870898958,0.0159264537676127,0.012022422301711,72,fitted,
2024-02-29,2024-01-31,ML Logistic + VRP,Logistic,equity_ret + bond_ret + log_rv_ann + log_iv_ann + vrp_proxy + log_iv_rv,6,0.4034429115275319,0,0,0.2916666666666667,-0.03499163376062289,0.053907272453069366,0.5579342530834808,0.44206574691651923,0.24133969643939635,0.022598242490865162,0.022356902794425766,0.0521867637573512,0.0180361802883255,72,fitted,
2024-03-31,2024-02-29,ML Logistic + VRP,Logistic,equity_ret + bond_ret + log_rv_ann + log_iv_ann + vrp_proxy + log_iv_rv,6,0.4638227506337691,0,0,0.2916666666666667,-0.029095707687113937,0.052524961669356426,0.5217063496197385,0.4782936503802615,0.07245580692748455,0.02137739826580506,0.021304942458877575,0.0327019623256443,0.0093227575805002,72,fitted,
2024-04-30,2024-03-31,ML Logistic + VRP,Logistic,equity_ret + bond_ret + log_rv_ann + log_iv_ann + vrp_proxy + log_iv_rv,6,0.32233473207135105,0,1,0.2916666666666667,-0.028642146902610577,0.052524961669356426,0.6065991607571894,0.39340083924281055,0.1697856222749019,-0.03420728616999659,-0.034377071792271494,-0.0403195712622416,0.0183152967077742,72,fitted,
2024-05-31,2024-04-30,ML Logistic + VRP,Logistic,equity_ret + bond_ret + log_rv_ann + log_iv_ann + vrp_proxy + log_iv_rv,6,0.518636800794895,1,0,0.3055555555555556,-0.03585831501291937,0.052524961669356426,0.48881791952306297,0.511182080476937,0.23556248246825295,0.033258690672960466,0.03302312819049221,0.050579662758128,0.0101744101541005,72,fitted,
2024-06-30,2024-05-31,ML Logistic + VRP,Logistic,equity_ret + bond_ret + log_rv_ann + log_iv_ann + vrp_proxy + log_iv_rv,6,0.3346401259857051,0,0,0.3055555555555556,-0.03585831501291937,0.052524961669356426,0.5992159244085771,0.40078407559142293,0.2207960097710282,0.024689424623731592,0.024468628613960566,0.0352802155686315,0.0057546308194498,72,fitted,
2024-07-31,2024-06-30,ML Logistic + VRP,Logistic,equity_ret + bond_ret + log_rv_ann + log_iv_ann + vrp_proxy + log_iv_rv,6,0.3392132091231538,0,0,0.3055555555555556,-0.03585831501291937,0.052524961669356426,0.5964720745261077,0.40352792547389227,0.0054876997649386805,0.01698471988409564,0.0169792321843307,0.0121090001742765,0.0207364655978954,72,fitted,
2024-08-31,2024-07-31,ML Logistic + VRP,Logistic,equity_ret + bond_ret + log_rv_ann + log_iv_ann + vrp_proxy + log_iv_rv,6,0.3499982642254007,0,0,0.3055555555555556,-0.03585831501291937,0.052524961669356426,0.5900010414647596,0.4099989585352404,0.012942066122696216,0.01977763306325708,0.019764690997134383,0.0233655116495199,0.0345395476672931,72,fitted,
2024-09-30,2024-08-31,ML Logistic + VRP,Logistic,equity_ret + bond_ret + log_rv_ann + log_iv_ann + vrp_proxy + log_iv_rv,6,0.3817226848782135,0,0,0.3055555555555556,-0.03585831501291937,0.052524961669356426,0.570966389073072,0.42903361092692804,0.038069304783375335,0.017711199201933737,0.017673129897150364,0.0210046691575342,0.0182264857507831,72,fitted,
2024-10-31,2024-09-30,ML Logistic + VRP,Logistic,equity_ret + bond_ret + log_rv_ann + log_iv_ann + vrp_proxy + log_iv_rv,6,0.3931407002050913,0,0,0.3055555555555556,-0.03585831501291937,0.052524961669356426,0.5641155798769453,0.4358844201230547,0.013701618392253367,-0.016012624607938716,-0.01602632622633097,-0.0089233226091341,0.0121040367628089,72,fitted,
2024-11-30,2024-10-31,ML Logistic + VRP,Logistic,equity_ret + bond_ret + log_rv_ann + log_iv_ann + vrp_proxy + log_iv_rv,6,0.6035071203081164,1,0,0.3055555555555556,-0.028642146902610577,0.050268423768856756,0.4378957278151302,0.5621042721848698,0.25243970412363015,0.03235804134098158,0.03210560163685795,0.0596334124214321,0.0193589143729322,72,fitted,
2024-12-31,2024-11-30,ML Logistic + VRP,Logistic,equity_ret + bond_ret + log_rv_ann + log_iv_ann + vrp_proxy + log_iv_rv,6,0.3563553553988539,0,0,0.3055555555555556,-0.028642146902610577,0.050268423768856756,0.5861867867606877,0.4138132132393123,0.296582117891115,-0.021111077422348263,-0.021407659540239377,-0.0240601679420293,0.0201427399796311,72,fitted,
2025-01-31,2024-12-31,ML Logistic + VRP,Logistic,equity_ret + bond_ret + log_rv_ann + log_iv_ann + vrp_proxy + log_iv_rv,6,0.4158710030335554,0,0,0.3194444444444444,-0.025100967117411638,0.04653876614899408,0.5504773981798667,0.44952260182013326,0.07141877716164191,0.017103194226966982,0.01703177544980534,0.0268563430385335,0.0181639146208578,72,fitted,
2025-02-28,2025-01-31,ML Logistic + VRP,Logistic,equity_ret + bond_ret + log_rv_ann + log_iv_ann + vrp_proxy + log_iv_rv,6,0.39332760913992626,0,0,0.3194444444444444,-0.025100967117411638,0.04653876614899408,0.5640034345160443,0.4359965654839557,0.0270520726723551,0.002594980566214166,0.002567928493541811,-0.0126948383346631,0.0156150264513951,72,fitted,
2025-03-31,2025-02-28,ML Logistic + VRP,Logistic,equity_ret + bond_ret + log_rv_ann + log_iv_ann + vrp_proxy + log_iv_rv,6,0.36509271414332023,0,1,0.3194444444444444,-0.025100967117411638,0.04653876614899408,0.5809443715140079,0.4190556284859921,0.033881873995927236,-0.03247996440013105,-0.032513846274126984,-0.0557193109152176,0.0429462964131152,72,fitted,
2025-04-30,2025-03-31,ML Logistic + VRP,Logistic,equity_ret + bond_ret + log_rv_ann + log_iv_ann + vrp_proxy + log_iv_rv,6,0.5323425127514021,1,1,0.3194444444444444,-0.028642146902610577,0.04678575689021866,0.48059449234915874,0.5194055076508413,0.20069975832969833,-0.001927892024971136,-0.0021285917833008343,-0.0086700565441837,0.2567628013799623,72,fitted,
2025-05-31,2025-04-30,ML Logistic + VRP,Logistic,equity_ret + bond_ret + log_rv_ann + log_iv_ann + vrp_proxy + log_iv_rv,6,0.8082150747993668,1,0,0.3194444444444444,-0.028642146902610577,0.050268423768856756,0.3150709551203799,0.6849290448796201,0.3310470744575577,0.01564387324352024,0.015312826169062684,0.0628449330316358,0.0291108184760711,72,fitted,
2025-06-30,2025-05-31,ML Logistic + VRP,Logistic,equity_ret + bond_ret + log_rv_ann + log_iv_ann + vrp_proxy + log_iv_rv,6,0.4581074087158306,0,0,0.3194444444444444,-0.025100967117411638,0.050268423768856756,0.5251355547705017,0.47486444522949833,0.42012919930024356,0.03389568108371242,0.03347555188441218,0.0513862300067524,0.0104482979209881,72,fitted,
2025-07-31,2025-06-30,ML Logistic + VRP,Logistic,equity_ret + bond_ret + log_rv_ann + log_iv_ann + vrp_proxy + log_iv_rv,6,0.3557498704396054,0,0,0.3194444444444444,-0.025100967117411638,0.050268423768856756,0.5865500777362368,0.4134499222637632,0.12282904593147026,0.012417785571976623,0.012294956526045153,0.0230314465157532,0.0045755355674042,72,fitted,
2025-08-31,2025-07-31,ML Logistic + VRP,Logistic,equity_ret + bond_ret + log_rv_ann + log_iv_ann + vrp_proxy + log_iv_rv,6,0.3042801326513944,0,0,0.3194444444444444,-0.025100967117411638,0.050268423768856756,0.6174319204091634,0.3825680795908366,0.06176368534585319,0.017223382031668445,0.017161618346322592,0.020519581676716,0.0138541544091754,72,fitted,
2025-09-30,2025-08-31,ML Logistic + VRP,Logistic,equity_ret + bond_ret + log_rv_ann + log_iv_ann + vrp_proxy + log_iv_rv,6,0.309049044613178,0,0,0.3194444444444444,-0.025100967117411638,0.04678575689021866,0.6145705732320932,0.3854294267679068,0.005722694354140412,0.026234131368763684,0.026228408674409544,0.0356203351082846,0.0055984775803282,72,fitted,
2025-10-31,2025-09-30,ML Logistic + VRP,Logistic,equity_ret + bond_ret + log_rv_ann + log_iv_ann + vrp_proxy + log_iv_rv,6,0.210852264047642,0,0,0.3194444444444444,-0.025100967117411638,0.04678575689021866,0.6734886415714147,0.32651135842858525,0.11783613667864312,0.018063747348041254,0.01794591121136261,0.0238373935763009,0.0199937619170661,72,fitted,
2025-11-30,2025-10-31,ML Logistic + VRP,Logistic,equity_ret + bond_ret + log_rv_ann + log_iv_ann + vrp_proxy + log_iv_rv,6,0.40912255541375164,0,0,0.3194444444444444,-0.025100967117411638,0.04678575689021866,0.554526466751749,0.445473533248251,0.2379243496393315,0.003779633291853701,0.0035417089422143696,0.0019500049129079,0.0218304524668779,72,fitted,
2025-12-31,2025-11-30,ML Logistic + VRP,Logistic,equity_ret + bond_ret + log_rv_ann + log_iv_ann + vrp_proxy + log_iv_rv,6,0.39758395098791766,0,0,0.3194444444444444,-0.025100967117411638,0.04678575689021866,0.5614496294072494,0.4385503705927506,0.013846325311000829,-0.0007757466910860667,-0.0007895930163970676,0.0007975029584423,0.0072805308906585,72,fitted,
2026-01-31,2025-12-31,ML Logistic + VRP,Logistic,equity_ret + bond_ret + log_rv_ann + log_iv_ann + vrp_proxy + log_iv_rv,6,0.2061848182592233,0,0,0.3194444444444444,-0.025100967117411638,0.04678575689021866,0.6762891090444662,0.32371089095553385,0.2296789592744335,0.010777212211812368,0.010547533252537935,0.0147377288395744,0.0104027816905062,72,fitted,
2026-02-28,2026-01-31,ML Logistic + VRP,Logistic,equity_ret + bond_ret + log_rv_ann + log_iv_ann + vrp_proxy + log_iv_rv,6,0.2990165790103464,0,0,0.3194444444444444,-0.025100967117411638,0.04678575689021866,0.6205900525937922,0.3794099474062078,0.11139811290134793,0.0007003308598930143,0.0005889327469916663,-0.0086419583402239,0.0155355419994685,72,fitted,
2026-03-31,2026-02-28,ML Logistic + VRP,Logistic,equity_ret + bond_ret + log_rv_ann + log_iv_ann + vrp_proxy + log_iv_rv,6,0.3739334133696429,0,1,0.3194444444444444,-0.024758914549957378,0.042699305671890626,0.5756399519782143,0.42436004802178573,0.08990020123115583,-0.03604023721445615,-0.036130137415687304,-0.0493795666434433,0.0336631117304774,72,fitted,
2026-04-30,2026-03-31,ML Logistic + VRP,Logistic,equity_ret + bond_ret + log_rv_ann + log_iv_ann + vrp_proxy + log_iv_rv,6,0.6138293128680008,1,0,0.3194444444444444,-0.024758914549957378,0.041299051476911854,0.43170241227919953,0.5682975877208005,0.28787507939802953,0.04631082730701479,0.04602295222761676,0.1050526868659724,0.0185667696328473,72,fitted,
2026-05-31,2026-04-30,ML Logistic + VRP,Logistic,equity_ret + bond_ret + log_rv_ann + log_iv_ann + vrp_proxy + log_iv_rv,6,0.41880640497577903,0,0,0.3055555555555556,-0.024758914549957378,0.03937865601407035,0.5487161570145326,0.4512838429854674,0.23402748947066615,0.030201630069791117,0.02996760258032045,0.0526257530375027,0.0113541354564915,72,fitted,
2026-06-30,2026-05-31,ML Logistic + VRP,Logistic,equity_ret + bond_ret + log_rv_ann + log_iv_ann + vrp_proxy + log_iv_rv,6,0.25072190830753477,0,0,0.3055555555555556,-0.024758914549957378,0.037542896608651996,0.6495668550154792,0.35043314498452083,0.20170139600189319,-0.006968697997648748,-0.007170399393650641,-0.010292566443839,0.0305821878815242,72,fitted,
2026-07-31,2026-06-30,ML Logistic + VRP,Logistic,equity_ret + bond_ret + log_rv_ann + log_iv_ann + vrp_proxy + log_iv_rv,6,0.5430813429721928,1,0,0.3055555555555556,-0.024758914549957378,0.034491312349912644,0.47415119421668434,0.5258488057833157,0.35083132159758973,-0.00037012097762132486,-0.0007209522992189146,0.0029192289711224,0.0307701984972596,72,fitted,
2011-04-30,2011-03-31,ML Random Forest Base,Random Forest,equity_ret + bond_ret + log_rv_ann + log_iv_ann,4,0.47617043797410813,0,0,0.2916666666666667,-0.02540426883526746,0.05024129622728161,0.5142977372155352,0.4857022627844648,1.0,0.022507934990729943,0.021507934990729942,0.0289613761733893,0.0075587205607825,72,fitted,
2011-05-31,2011-04-30,ML Random Forest Base,Random Forest,equity_ret + bond_ret + log_rv_ann + log_iv_ann,4,0.04518322257728363,0,0,0.2916666666666667,-0.02540426883526746,0.05024129622728161,0.7728900664536298,0.2271099335463702,0.5171846584761892,-0.005851662508312963,-0.006368847166789152,-0.0112144254815793,0.0110761203392562,72,fitted,
2011-06-30,2011-05-31,ML Random Forest Base,Random Forest,equity_ret + bond_ret + log_rv_ann + log_iv_ann,4,0.18685027282309774,0,0,0.2916666666666667,-0.02540426883526746,0.05024129622728161,0.6878898363061413,0.3121101636938587,0.17000046029497695,-0.012994166425361236,-0.013164166885656213,-0.0168700078463259,0.0214107095288551,72,fitted,
2011-07-31,2011-06-30,ML Random Forest Base,Random Forest,equity_ret + bond_ret + log_rv_ann + log_iv_ann,4,0.4093304752508441,0,0,0.2916666666666667,-0.02540426883526746,0.05024129622728161,0.5544017148494935,0.4455982851505065,0.2669762429132956,-0.003574664606598832,-0.0038416408495121276,-0.0200043491479079,0.0234689545298284,72,fitted,
2011-08-31,2011-07-31,ML Random Forest Base,Random Forest,equity_ret + bond_ret + log_rv_ann + log_iv_ann,4,0.3952769432076437,0,1,0.2916666666666667,-0.02540426883526746,0.05024129622728161,0.5628338340754138,0.43716616592458624,0.016864238451840485,-0.024295349685209553,-0.024312213923661393,-0.0549756689838916,0.2183075845871292,72,fitted,
2011-09-30,2011-08-31,ML Random Forest Base,Random Forest,equity_ret + bond_ret + log_rv_ann + log_iv_ann,4,0.7406942209817663,1,1,0.2916666666666667,-0.029265442999799995,0.05215353486915771,0.35558346741094027,0.6444165325890597,0.414500733328947,-0.01971934060474079,-0.02013384133806974,-0.0694209569617928,0.0837550521056862,72,fitted,
2011-10-31,2011-09-30,ML Random Forest Base,Random Forest,equity_ret + bond_ret + log_rv_ann + log_iv_ann,4,0.8667920421798668,1,1,0.2777777777777778,-0.03107264108505382,0.06131442345129999,0.27992477469207994,0.7200752253079201,0.15131738543772072,0.03146374206285091,0.031312424677413186,0.1091471376825803,0.0854744311998559,72,fitted,
2011-11-30,2011-10-31,ML Random Forest Base,Random Forest,equity_ret + bond_ret + log_rv_ann + log_iv_ann,4,0.6808262446041479,1,1,0.2916666666666667,-0.03107264108505382,0.06726469050944478,0.39150425323751126,0.6084957467624887,0.2231589570908627,-0.0036036546932713895,-0.003826813650362252,-0.0040636591106093,0.0892741878172766,72,fitted,
2011-12-31,2011-11-30,ML Random Forest Base,Random Forest,equity_ret + bond_ret + log_rv_ann + log_iv_ann,4,0.827053045350787,1,0,0.3055555555555556,-0.03107264108505382,0.06977431435421386,0.3037681727895278,0.6962318272104722,0.1754721608959669,0.012619440718054412,0.012443968557158446,0.01044831087433,0.0337262085043343,72,fitted,
2012-01-31,2011-12-31,ML Random Forest Base,Random Forest,equity_ret + bond_ret + log_rv_ann + log_iv_ann,4,0.38959522360598725,0,0,0.3055555555555556,-0.03107264108505382,0.06977431435421386,0.5662428658364077,0.4337571341635923,0.5249493860937597,0.029406922787429686,0.028881973401335925,0.0463746526390511,0.0083654259453761,72,fitted,
2012-02-29,2012-01-31,ML Random Forest Base,Random Forest,equity_ret + bond_ret + log_rv_ann + log_iv_ann,4,0.21878384673883758,0,0,0.3055555555555556,-0.03107264108505382,0.06977431435421386,0.6687296919566975,0.3312703080433025,0.20497365224057962,0.028981938332270182,0.028776964680029604,0.0434056984734232,0.0073543583714155,72,fitted,
2012-03-31,2012-02-29,ML Random Forest Base,Random Forest,equity_ret + bond_ret + log_rv_ann + log_iv_ann,4,0.20887792172932,0,0,0.3055555555555556,-0.03107264108505382,0.06977431435421386,0.6746732469624082,0.32532675303759184,0.011887110011421287,0.01983598154760917,0.019824094437597747,0.0321635863595661,0.0131720446982552,72,fitted,
2012-04-30,2012-03-31,ML Random Forest Base,Random Forest,equity_ret + bond_ret + log_rv_ann + log_iv_ann,4,0.12601889698763327,0,0,0.3055555555555556,-0.03107264108505382,0.06977431435421386,0.72438866180742,0.27561133819258,0.0994308296900237,-0.002338957985764357,-0.0024383888154543808,-0.0066757506999459,0.0190166819597253,72,fitted,
2012-05-31,2012-04-30,ML Random Forest Base,Random Forest,equity_ret + bond_ret + log_rv_ann + log_iv_ann,4,0.24185959152099362,0,1,0.3055555555555556,-0.03107264108505382,0.06977431435421386,0.654884245087404,0.34511575491259605,0.13900883344003212,-0.035608373714825226,-0.03574738254826526,-0.0600555737185005,0.0184635370320247,72,fitted,
2012-06-30,2012-05-31,ML Random Forest Base,Random Forest,equity_ret + bond_ret + log_rv_ann + log_iv_ann,4,0.3522556676125375,0,0,0.3055555555555556,-0.03533607479626376,0.06977431435421386,0.5886465994324775,0.41135340056752245,0.1324752913098528,0.023806744103793583,0.02367426881248373,0.0405811990245525,0.0416179538698594,72,fitted,
2012-07-31,2012-06-30,ML Random Forest Base,Random Forest,equity_ret + bond_ret + log_rv_ann + log_iv_ann,4,0.26816225512906167,0,0,0.3055555555555556,-0.03533607479626376,0.06977431435421386,0.639102646922563,0.360897353077437,0.10091209498017095,0.012476250175754149,0.012375338080773977,0.0118296419497001,0.0188292832116557,72,fitted,
2012-08-31,2012-07-31,ML Random Forest Base,Random Forest,equity_ret + bond_ret + log_rv_ann + log_iv_ann,4,0.35878432786625114,0,0,0.3055555555555556,-0.03533607479626376,0.06977431435421386,0.5847294032802494,0.41527059671975064,0.10874648728462732,0.014648852561248265,0.014540106073963638,0.0250523617917455,0.0079970053660368,72,fitted,
2012-09-30,2012-08-31,ML Random Forest Base,Random Forest,equity_ret + bond_ret + log_rv_ann + log_iv_ann,4,0.11408089083637454,0,0,0.3055555555555556,-0.03533607479626376,0.06977431435421386,0.7315514654981753,0.2684485345018247,0.29364412443585186,0.01926115061381192,0.018967506489376066,0.0253509542714824,0.012787973643012,72,fitted,
2012-10-31,2012-09-30,ML Random Forest Base,Random Forest,equity_ret + bond_ret + log_rv_ann + log_iv_ann,4,0.047855710858557055,0,0,0.3055555555555556,-0.03533607479626376,0.06977431435421386,0.7712865734848657,0.22871342651513427,0.07947021597338089,-0.014144172333192902,-0.014223642549166284,-0.0181984465942166,0.0111640835734069,72,fitted,
2012-11-30,2012-10-31,ML Random Forest Base,Random Forest,equity_ret + bond_ret + log_rv_ann + log_iv_ann,4,0.2994611156398414,0,0,0.3055555555555556,-0.03533607479626376,0.06977431435421386,0.6203233306160951,0.3796766693839049,0.3019264857375412,0.0045386694925954475,0.004236743006857906,0.0056596591664745,0.0222651919464717,72,fitted,
2012-12-31,2012-11-30,ML Random Forest Base,Random Forest,equity_ret + bond_ret + log_rv_ann + log_iv_ann,4,0.4005516698809754,0,0,0.3055555555555556,-0.03533607479626376,0.06977431435421386,0.5596689980714147,0.4403310019285853,0.12130866508936089,0.003920529252803442,0.0037992205877140812,0.008934591377669,0.0121228158935489,72,fitted,
2013-01-31,2012-12-31,ML Random Forest Base,Random Forest,equity_ret + bond_ret + log_rv_ann + log_iv_ann,4,0.27277908925300126,0,0,0.3055555555555556,-0.03533607479626376,0.06977431435421386,0.6363325464481993,0.36366745355180075,0.15332709675356915,0.030314859942337586,0.030161532845584017,0.0511901683618252,0.0107814717977941,72,fitted,
2013-02-28,2013-01-31,ML Random Forest Base,Random Forest,equity_ret + bond_ret + log_rv_ann + log_iv_ann,4,0.08295461478724014,0,0,0.3055555555555556,-0.03533607479626376,0.06977431435421386,0.7502272311276559,0.24977276887234412,0.22778936935891325,0.011048100134469718,0.010820310765110804,0.0127590213208466,0.0157771665562433,72,fitted,
2013-03-31,2013-02-28,ML Random Forest Base,Random Forest,equity_ret + bond_ret + log_rv_ann + log_iv_ann,4,0.24462702331141895,0,0,0.3055555555555556,-0.03533607479626376,0.06977431435421386,0.6532237860131487,0.3467762139868513,0.1940068902290144,0.02514511567263914,0.024951108782410126,0.0379711887423981,0.0061156058796676,72,fitted,
2013-04-30,2013-03-31,ML Random Forest Base,Random Forest,equity_ret + bond_ret + log_rv_ann + log_iv_ann,4,0.026794264910098033,0,0,0.3055555555555556,-0.03533607479626376,0.06977431435421386,0.7839234410539413,0.2160765589460587,0.26139931008158523,0.017153722324677607,0.016892323014596023,0.0192120425258286,0.0201297160662904,72,fitted,
2013-05-31,2013-04-30,ML Random Forest Base,Random Forest,equity_ret + bond_ret + log_rv_ann + log_iv_ann,4,0.44505355630408333,0,0,0.3055555555555556,-0.03533607479626376,0.06977431435421386,0.53296786621755,0.46703213378245,0.5019111496727826,0.0032373546399004412,0.0027354434902276585,0.0236100506671108,0.0105088114329687,72,fitted,
2013-06-30,2013-05-31,ML Random Forest Base,Random Forest,equity_ret + bond_ret + log_rv_ann + log_iv_ann,4,0.07199993685860098,0,0,0.3055555555555556,-0.03533607479626376,0.06977431435421386,0.7568000378848395,0.24319996211516048,0.44766434333457905,-0.013906248304130783,-0.014353912647465362,-0.0133447853857828,0.0300261699601843,72,fitted,
2013-07-31,2013-06-30,ML Random Forest Base,Random Forest,equity_ret + bond_ret + log_rv_ann + log_iv_ann,4,0.37449997989009376,0,0,0.3055555555555556,-0.03533607479626376,0.06977431435421386,0.5753000120659438,0.42469998793405617,0.36300005163779137,0.03087229928034687,0.03050929922870908,0.0516768409309673,0.0058845046247947,72,fitted,
2013-08-31,2013-07-31,ML Random Forest Base,Random Forest,equity_ret + bond_ret + log_rv_ann + log_iv_ann,4,0.050978670029517045,0,0,0.3055555555555556,-0.03424248759524367,0.06977431435421386,0.7694127979822899,0.2305872020177101,0.38822557183269213,-0.024981744502736648,-0.02536997007456934,-0.0299920451157992,0.0097758966126948,72,fitted,
2013-09-30,2013-08-31,ML Random Forest Base,Random Forest,equity_ret + bond_ret + log_rv_ann + log_iv_ann,4,0.268242679266326,0,0,0.3055555555555556,-0.03507238154346391,0.06977431435421386,0.6390543924402045,0.36094560755979554,0.2607168110841709,0.024268644026935307,0.024007927215851137,0.0316465616335366,0.0072570980514356,72,fitted,
2013-10-31,2013-09-30,ML Random Forest Base,Random Forest,equity_ret + bond_ret + log_rv_ann + log_iv_ann,4,0.10834102374894544,0,0,0.3055555555555556,-0.03507238154346391,0.06977431435421386,0.7349953857506328,0.26500461424936717,0.19188198662085676,0.03624149267944797,0.03604961069282711,0.0463062010108756,0.0162586541179686,72,fitted,
2013-11-30,2013-10-31,ML Random Forest Base,Random Forest,equity_ret + bond_ret + log_rv_ann + log_iv_ann,4,0.11080977130187801,0,0,0.3055555555555556,-0.03507238154346391,0.06977431435421386,0.7335141372188733,0.26648586278112674,0.0029624970635191428,0.021071983373525418,0.0210690208764619,0.0296382009223603,0.0076676402226258,72,fitted,
2013-12-31,2013-11-30,ML Random Forest Base,Random Forest,equity_ret + bond_ret + log_rv_ann + log_iv_ann,4,0.13350192857192358,0,0,0.3055555555555556,-0.029162151167578955,0.06883783694844543,0.7198988428568459,0.2801011571431541,0.027230588724054705,0.01710487122953031,0.017077640640806253,0.0259262463698537,0.0093337447007758,72,fitted,
2014-01-31,2013-12-31,ML Random Forest Base,Random Forest,equity_ret + bond_ret + log_rv_ann + log_iv_ann,4,0.10773949406528076,0,1,0.3055555555555556,-0.029162151167578955,0.06883783694844543,0.7353563035608317,0.2646436964391683,0.030914921407971585,-0.021842272709672175,-0.021873187631080145,-0.035248510781063,0.0159872280500098,72,fitted,
2014-02-28,2014-01-31,ML Random Forest Base,Random Forest,equity_ret + bond_ret + log_rv_ann + log_iv_ann,4,0.28637168039726324,0,0,0.3055555555555556,-0.029162151167578955,0.06883783694844543,0.6281769917616421,0.3718230082383579,0.2143586235983792,0.02999157915254725,0.02977722052894887,0.0455158663927885,0.0163493295969697,72,fitted,
2014-03-31,2014-02-28,ML Random Forest Base,Random Forest,equity_ret + bond_ret + log_rv_ann + log_iv_ann,4,0.18134171439792404,0,0,0.3055555555555556,-0.027994505922220927,0.06883783694844543,0.6911949713612456,0.30880502863875436,0.12603595919920707,0.005276556387307023,0.005150520428107816,0.0082954994542154,0.009683363565597,72,fitted,
2014-04-30,2014-03-31,ML Random Forest Base,Random Forest,equity_ret + bond_ret + log_rv_ann + log_iv_ann,4,0.23855291718159596,0,0,0.2916666666666667,-0.027994505922220927,0.06043256133499791,0.6568682496910424,0.3431317503089576,0.06865344334040646,0.007385846672511309,0.007317193229170903,0.0069518475292078,0.0162621120321702,72,fitted,
2014-05-31,2014-04-30,ML Random Forest Base,Random Forest,equity_ret + bond_ret + log_rv_ann + log_iv_ann,4,0.27286943668795915,0,0,0.2916666666666667,-0.027994505922220927,0.06043256133499791,0.6362783379872246,0.36372166201277545,0.04117982340763571,0.019053873078656393,0.019012693255248757,0.0232060193655998,0.0064799496520708,72,fitted,
2014-06-30,2014-05-31,ML Random Forest Base,Random Forest,equity_ret + bond_ret + log_rv_ann + log_iv_ann,4,0.2699988141554401,0,0,0.2916666666666667,-0.027994505922220927,0.06043256133499791,0.6380007115067359,0.3619992884932641,0.0034447470390226442,0.0129633673201169,0.012959922573077877,0.0206450108571647,0.0032678749048789,72,fitted,
2014-07-31,2014-06-30,ML Random Forest Base,Random Forest,equity_ret + bond_ret + log_rv_ann + log_iv_ann,4,0.2614478413469911,0,0,0.2916666666666667,-0.0198485017927891,0.06043256133499791,0.6431312951918053,0.35686870480819466,0.010261167370138935,-0.009537806725307863,-0.009548067892678003,-0.0134380323126438,0.0103065016660115,72,fitted,
2014-08-31,2014-07-31,ML Random Forest Base,Random Forest,equity_ret + bond_ret + log_rv_ann + log_iv_ann,4,0.19604971812585567,0,0,0.2916666666666667,-0.0198485017927891,0.059200735261029695,0.6823701691244867,0.31762983087551333,0.07847774786536266,0.03058074107420462,0.030502263326339256,0.0394641530141997,0.006543651975585,72,fitted,
2014-09-30,2014-08-31,ML Random Forest Base,Random Forest,equity_ret + bond_ret + log_rv_ann + log_iv_ann,4,0.22981873436467606,0,0,0.2916666666666667,-0.0198485017927891,0.059200735261029695,0.6621087593811945,0.3378912406188055,0.040522819486584316,-0.011211980984113582,-0.011252503803600166,-0.0137960646349067,0.0083852752536563,72,fitted,
2014-10-31,2014-09-30,ML Random Forest Base,Random Forest,equity_ret + bond_ret + log_rv_ann + log_iv_ann,4,0.29114216786032887,0,0,0.3055555555555556,-0.01901977921669444,0.04186643298170308,0.6253146992838027,0.3746853007161973,0.07358812019478367,0.018713587841990943,0.01863999972179616,0.0235507941510688,0.0322112420841767,72,fitted,
2014-11-30,2014-10-31,ML Random Forest Base,Random Forest,equity_ret + bond_ret + log_rv_ann + log_iv_ann,4,0.35804246348388225,0,0,0.3194444444444444,-0.01793275884463846,0.04115087425286223,0.5851745219096707,0.4148254780903293,0.080280354748264,0.018801355523103146,0.018721075168354882,0.0274718902984996,0.0040727695658734,72,fitted,
2014-12-31,2014-11-30,ML Random Forest Base,Random Forest,equity_ret + bond_ret + log_rv_ann + log_iv_ann,4,0.262232645893707,0,0,0.3333333333333333,-0.01625521920404206,0.03900163017787599,0.6426604124637758,0.3573395875362242,0.11497178110821027,-0.001103030808525128,-0.0012180025896333382,-0.0025368191991439,0.0231050557664015,72,fitted,
2015-01-31,2014-12-31,ML Random Forest Base,Random Forest,equity_ret + bond_ret + log_rv_ann + log_iv_ann,4,0.3038551004722909,0,1,0.3194444444444444,-0.01625521920404206,0.0370475839007756,0.6176869397166255,0.38231306028337453,0.049946945494300676,-0.010455339068746647,-0.010505286014240948,-0.0296294039445595,0.0273729514320056,72,fitted,
2015-02-28,2015-01-31,ML Random Forest Base,Random Forest,equity_ret + bond_ret + log_rv_ann + log_iv_ann,4,0.5570071740672073,1,0,0.3333333333333333,-0.01625521920404206,0.03367208875240104,0.4657956955596756,0.5342043044403244,0.30378248831389976,0.021399870397185786,0.021096087908871887,0.0562047157616216,0.0123289611594899,72,fitted,
2015-03-31,2015-02-28,ML Random Forest Base,Random Forest,equity_ret + bond_ret + log_rv_ann + log_iv_ann,4,0.26906226168714714,0,1,0.3472222222222222,-0.01372445817045412,0.033347542089627,0.6385626429877116,0.3614373570122884,0.345533894856072,-0.008674474447595086,-0.009020008342451157,-0.015705318762726,0.0196625988822306,72,fitted,
2015-04-30,2015-03-31,ML Random Forest Base,Random Forest,equity_ret + bond_ret + log_rv_ann + log_iv_ann,4,0.47629443209783223,0,0,0.3472222222222222,-0.015323467937162138,0.032774465592405745,0.5142233407413007,0.4857766592586993,0.24867860449282175,0.003488812241088877,0.0032401336365960555,0.0098335988197435,0.0069824951346415,72,fitted,
2015-05-31,2015-04-30,ML Random Forest Base,Random Forest,equity_ret + bond_ret + log_rv_ann + log_iv_ann,4,0.2470636909707432,0,0,0.3472222222222222,-0.015323467937162138,0.03179099127707973,0.651761785417554,0.34823821458244597,0.2750768893525066,0.006855835321360877,0.006580758432008371,0.0128561307003343,0.011684481555973,72,fitted,
2015-06-30,2015-05-31,ML Random Forest Base,Random Forest,equity_ret + bond_ret + log_rv_ann + log_iv_ann,4,0.3436291299587397,0,1,0.3472222222222222,-0.015323467937162138,0.0300932244309903,0.5938225220247562,0.40617747797524384,0.11587852678559574,-0.016434797355421214,-0.01655067588220681,-0.0203115919609671,0.0126300938740652,72,fitted,
2015-07-31,2015-06-30,ML Random Forest Base,Random Forest,equity_ret + bond_ret + log_rv_ann + log_iv_ann,4,0.5397196781292566,1,0,0.3472222222222222,-0.01663707002960592,0.02949552625454857,0.47616819312244607,0.5238318068775539,0.23530865780462018,0.015272347718371403,0.015037039060566783,0.0225885702991868,0.0130861289347497,72,fitted,
2015-08-31,2015-07-31,ML Random Forest Base,Random Forest,equity_ret + bond_ret + log_rv_ann + log_iv_ann,4,0.29341515452065836,0,1,0.3333333333333333,-0.01663707002960592,0.027348668472675003,0.6239509072876049,0.37604909271239506,0.29556542833031774,-0.039292389473460226,-0.03958795490179055,-0.0609495604894528,0.0708891127570091,72,fitted,
2015-09-30,2015-08-31,ML Random Forest Base,Random Forest,equity_ret + bond_ret + log_rv_ann + log_iv_ann,4,0.8445128123268916,1,1,0.3333333333333333,-0.01793275884463846,0.02949552625454857,0.29329231260386507,0.7067076873961349,0.6613171893674796,-0.0017491180390632926,-0.0024104352284307724,-0.0255163653773383,0.0488701190813771,72,fitted,
2015-10-31,2015-09-30,ML Random Forest Base,Random Forest,equity_ret + bond_ret + log_rv_ann + log_iv_ann,4,0.8321547154427698,1,0,0.3194444444444444,-0.01901977921669444,0.0300932244309903,0.30070717073433817,0.6992928292656618,0.014829716260946146,0.026057222673244288,0.02604239295698334,0.0850598819349353,0.0192470206457399,72,fitted,
2015-11-30,2015-10-31,ML Random Forest Base,Random Forest,equity_ret + bond_ret + log_rv_ann + log_iv_ann,4,0.2902179597788848,0,0,0.3333333333333333,-0.01793275884463846,0.02949552625454857,0.6258692241326691,0.3741307758673309,0.6503241067966619,0.0008319041936185932,0.00018158008682193135,0.0036551569603713,0.0134588757471278,72,fitted,
2015-12-31,2015-11-30,ML Random Forest Base,Random Forest,equity_ret + bond_ret + log_rv_ann + log_iv_ann,4,0.4909648212373197,0,1,0.3194444444444444,-0.01793275884463846,0.027348668472675003,0.5054211072576082,0.49457889274239175,0.2408962337501217,-0.00968275973490716,-0.009923655968657283,-0.0172824293324246,0.0322499404329786,72,fitted,
2016-01-31,2015-12-31,ML Random Forest Base,Random Forest,equity_ret + bond_ret + log_rv_ann + log_iv_ann,4,0.3966732213530007,0,1,0.3333333333333333,-0.0180152431418582,0.02949552625454857,0.5619960671881996,0.4380039328118004,0.11314991986118272,-0.022545956445868126,-0.02265910636572931,-0.0497869575816805,0.0530294566212985,72,fitted,
2016-02-29,2016-01-31,ML Random Forest Base,Random Forest,equity_ret + bond_ret + log_rv_ann + log_iv_ann,4,0.6341604576181703,1,1,0.3194444444444444,-0.0180152431418582,0.0300932244309903,0.4195037254290978,0.5804962745709021,0.28498468351820355,0.004802879746639129,0.004517895063120926,-0.0008256443239732,0.0390280071522599,72,fitted,
2016-03-31,2016-02-29,ML Random Forest Base,Random Forest,equity_ret + bond_ret + log_rv_ann + log_iv_ann,4,0.630896479109262,1,0,0.3194444444444444,-0.0180152431418582,0.03177422765937823,0.42146211253444277,0.5785378874655572,0.003916774210689866,0.033410379442248915,0.03340646266803823,0.0672660877237718,0.0083737007573496,72,fitted,
2016-04-30,2016-03-31,ML Random Forest Base,Random Forest,equity_ret + bond_ret + log_rv_ann + log_iv_ann,4,0.17587571830256138,0,0,0.3194444444444444,-0.0180152431418582,0.03177422765937823,0.6944745690184633,0.3055254309815367,0.546024912968041,0.0035160310830143968,0.0029700061700463558,0.0039410588202721,0.0099836167506883,72,fitted,
2016-05-31,2016-04-30,ML Random Forest Base,Random Forest,equity_ret + bond_ret + log_rv_ann + log_iv_ann,4,0.34668375416147357,0,0,0.3194444444444444,-0.0180152431418582,0.03177422765937823,0.591989747503116,0.40801025249688405,0.20496964303069465,0.010125674955696629,0.009920705312665935,0.0170112297539695,0.011685875544568,72,fitted,
2016-06-30,2016-05-31,ML Random Forest Base,Random Forest,equity_ret + bond_ret + log_rv_ann + log_iv_ann,4,0.3257165825519657,0,1,0.3194444444444444,-0.01719994503520486,0.02949552625454857,0.6045700504688206,0.3954299495311794,0.02516060593140934,0.009753775970768699,0.00972861536483729,0.0034763530420491,0.0349160132281398,72,fitted,
2016-07-31,2016-06-30,ML Random Forest Base,Random Forest,equity_ret + bond_ret + log_rv_ann + log_iv_ann,4,0.4694246763098253,0,0,0.3333333333333333,-0.01663707002960592,0.02949552625454857,0.5183451942141049,0.48165480578589515,0.17244971250943153,0.021527000429448138,0.021354550716938706,0.0364710284772564,0.0079791447561163,72,fitted,
2016-08-31,2016-07-31,ML Random Forest Base,Random Forest,equity_ret + bond_ret + log_rv_ann + log_iv_ann,4,0.1794128864337524,0,0,0.3194444444444444,-0.01663707002960592,0.027348668472675003,0.6923522681397486,0.3076477318602514,0.3480141478512875,0.00016655704033811188,-0.0001814571075131756,0.0011974654720063,0.0026413094086102,72,fitted,
2016-09-30,2016-08-31,ML Random Forest Base,Random Forest,equity_ret + bond_ret + log_rv_ann + log_iv_ann,4,0.3356839090540544,0,0,0.3194444444444444,-0.015323467937162138,0.027348668472675003,0.5985896545675673,0.4014103454324327,0.1875252271443626,0.0002420835742514763,5.4558347107113683e-05,5.8425491511693295e-05,0.0193310506087537,72,fitted,
2016-10-31,2016-09-30,ML Random Forest Base,Random Forest,equity_ret + bond_ret + log_rv_ann + log_iv_ann,4,0.43191331018403956,0,1,0.3194444444444444,-0.015323467937162138,0.026809032298505474,0.5408520138895763,0.45914798611042373,0.11547528135598206,-0.013128933322046564,-0.013244408603402546,-0.0173372667020604,0.0045127851148509,72,fitted,
2016-11-30,2016-10-31,ML Random Forest Base,Random Forest,equity_ret + bond_ret + log_rv_ann + log_iv_ann,4,0.4469022521299946,0,0,0.3194444444444444,-0.01663707002960592,0.026809032298505474,0.5318586487220033,0.4681413512779967,0.017986730335145973,0.007582786682233148,0.007564799951898002,0.0368383640292446,0.0111910308336225,72,fitted,
2016-12-31,2016-11-30,ML Random Forest Base,Random Forest,equity_ret + bond_ret + log_rv_ann + log_iv_ann,4,0.4282000570527779,0,0,0.3194444444444444,-0.01663707002960592,0.026809032298505474,0.5430799657683332,0.4569200342316668,0.022442634092659786,0.012170121521966405,0.012147678887873745,0.0202717664609688,0.0063208434705503,72,fitted,
2017-01-31,2016-12-31,ML Random Forest Base,Random Forest,equity_ret + bond_ret + log_rv_ann + log_iv_ann,4,0.27684057777679494,0,0,0.3194444444444444,-0.01663707002960592,0.026809032298505474,0.6338956533339231,0.36610434666607694,0.18163137513117977,0.012122549379559975,0.011940918004428796,0.0178946523171026,0.0043110840112382,72,fitted,
2017-02-28,2017-01-31,ML Random Forest Base,Random Forest,equity_ret + bond_ret + log_rv_ann + log_iv_ann,4,0.2606911450617787,0,0,0.3194444444444444,-0.01663707002960592,0.026809032298505474,0.6435853129629329,0.35641468703706713,0.01937931925801961,0.027589460707919032,0.027570081388661013,0.0392915362557069,0.0031851732529309,72,fitted,
2017-03-31,2017-02-28,ML Random Forest Base,Random Forest,equity_ret + bond_ret + log_rv_ann + log_iv_ann,4,0.13224979977578724,0,0,0.3194444444444444,-0.01663707002960592,0.026809032298505474,0.7206501201345277,0.27934987986547233,0.1541296143431896,0.0007464400285857086,0.000592310414242519,0.0012500669692114,0.0045255027533027,72,fitted,
2017-04-30,2017-03-31,ML Random Forest Base,Random Forest,equity_ret + bond_ret + log_rv_ann + log_iv_ann,4,0.24468217422111857,0,0,0.3194444444444444,-0.01663707002960592,0.026592152051570176,0.6531906954673289,0.3468093045326711,0.13491884933439757,0.00962917016395327,0.009494251314618873,0.0099260101203619,0.0051054340649919,72,fitted,
2017-05-31,2017-04-30,ML Random Forest Base,Random Forest,equity_ret + bond_ret + log_rv_ann + log_iv_ann,4,0.17156359222753825,0,0,0.3194444444444444,-0.01663707002960592,0.026592152051570176,0.6970618446634771,0.3029381553365229,0.08774229839229641,0.01191910911949241,0.011831366821100113,0.0141130016792141,0.005987699963594,72,fitted,
2017-06-30,2017-05-31,ML Random Forest Base,Random Forest,equity_ret + bond_ret + log_rv_ann + log_iv_ann,4,0.13776531654112303,0,0,0.3194444444444444,-0.01663707002960592,0.026592152051570176,0.7173408100753262,0.28265918992467376,0.040557930823698296,0.004521478650004775,0.004480920719181076,0.0063750149976713,0.0047988397358414,72,fitted,
2017-07-31,2017-06-30,ML Random Forest Base,Random Forest,equity_ret + bond_ret + log_rv_ann + log_iv_ann,4,0.1527711044070209,0,0,0.3194444444444444,-0.015323467937162138,0.026592152051570176,0.7083373373557874,0.2916626626442126,0.01800694543907766,0.015533256048516868,0.015515249103077791,0.0205540626266318,0.0031085303636449,72,fitted,
2017-08-31,2017-07-31,ML Random Forest Base,Random Forest,equity_ret + bond_ret + log_rv_ann + log_iv_ann,4,0.18096119306785885,0,0,0.3194444444444444,-0.01372445817045412,0.026519372298884798,0.6914232841592848,0.3085767158407152,0.033828106393005264,0.004922024767123157,0.004888196660730152,0.0029176592589472,0.0091542658595658,72,fitted,
2017-09-30,2017-08-31,ML Random Forest Base,Random Forest,equity_ret + bond_ret + log_rv_ann + log_iv_ann,4,0.32722289687023093,0,0,0.3333333333333333,-0.0134193829272716,0.022937083002415544,0.6036662618778614,0.39633373812213857,0.1755140445628467,0.009898200705891718,0.009722686661328871,0.0201494694043284,0.003303149973887,72,fitted,
2017-10-31,2017-09-30,ML Random Forest Base,Random Forest,equity_ret + bond_ret + log_rv_ann + log_iv_ann,4,0.39161305495215665,0,0,0.3333333333333333,-0.012010978448615412,0.02183809677043545,0.5650321670287061,0.43496783297129393,0.07726818969831073,0.01374005801052236,0.01366278982082405,0.0235640599878685,0.0025804918545498,72,fitted,
2017-11-30,2017-10-31,ML Random Forest Base,Random Forest,equity_ret + bond_ret + log_rv_ann + log_iv_ann,4,0.4793346948291653,0,0,0.3333333333333333,-0.012010978448615412,0.020036292629478442,0.5123991831025009,0.4876008168974991,0.10526596785241038,0.014939103056230342,0.014833837088377932,0.0305659512903513,0.0044864660920446,72,fitted,
2017-12-31,2017-11-30,ML Random Forest Base,Random Forest,equity_ret + bond_ret + log_rv_ann + log_iv_ann,4,0.4437772614862643,0,0,0.3194444444444444,-0.012010978448615412,0.019596289227535223,0.5337336431082415,0.46626635689175855,0.04266892001148115,0.008688463719830885,0.008645794799819403,0.0121280447504534,0.0037377996842623,72,fitted,
2018-01-31,2017-12-31,ML Random Forest Base,Random Forest,equity_ret + bond_ret + log_rv_ann + log_iv_ann,4,0.25060562575498346,0,0,0.3194444444444444,-0.012010978448615412,0.01931424461615094,0.6496366245470099,0.3503633754529901,0.23180596287753685,0.03267130156870664,0.0324394956058291,0.0563590508865274,0.0088455913877699,72,fitted,
2018-02-28,2018-01-31,ML Random Forest Base,Random Forest,equity_ret + bond_ret + log_rv_ann + log_iv_ann,4,0.5416116615633563,1,1,0.3194444444444444,-0.012010978448615412,0.01931424461615094,0.47503300306198626,0.5249669969380137,0.34920724297004724,-0.022568051433638082,-0.02291725867660813,-0.0363602968309803,0.0693817661865629,72,fitted,
2018-03-31,2018-02-28,ML Random Forest Base,Random Forest,equity_ret + bond_ret + log_rv_ann + log_iv_ann,4,0.6396505886058766,1,1,0.3194444444444444,-0.0134193829272716,0.019596289227535223,0.416209646836474,0.583790353163526,0.11764671245102454,-0.007490404071060857,-0.007608050783511881,-0.0274106125187965,0.0391566421627034,72,fitted,
2018-04-30,2018-03-31,ML Random Forest Base,Random Forest,equity_ret + bond_ret + log_rv_ann + log_iv_ann,4,0.5552757380023943,1,1,0.3194444444444444,-0.01372445817045412,0.020036292629478442,0.4668345571985635,0.5331654428014365,0.10124982072417898,-0.002604874569291025,-0.002706124390015204,0.0051679530466695,0.0280178091882417,72,fitted,
2018-05-31,2018-04-30,ML Random Forest Base,Random Forest,equity_ret + bond_ret + log_rv_ann + log_iv_ann,4,0.4945841297342303,0,0,0.3194444444444444,-0.01372445817045412,0.02183809677043545,0.5032495221594617,0.4967504778405383,0.07282992992179649,0.015521721538688728,0.015448891608766932,0.0243094062948869,0.0110016758787904,72,fitted,
2018-06-30,2018-05-31,ML Random Forest Base,Random Forest,equity_ret + bond_ret + log_rv_ann + log_iv_ann,4,0.43709826144214475,0,0,0.3194444444444444,-0.0134193829272716,0.02183809677043545,0.5377410431347132,0.46225895686528684,0.06898304195050287,0.003566720084019421,0.003497737042068918,0.0057506380670362,0.0069522162226171,72,fitted,
2018-07-31,2018-06-30,ML Random Forest Base,Random Forest,equity_ret + bond_ret + log_rv_ann + log_iv_ann,4,0.3375484457585057,0,0,0.3194444444444444,-0.0134193829272716,0.020036292629478442,0.5974709325448966,0.4025290674551034,0.11945977882036685,0.022016467809638677,0.02189700803081831,0.0370465593619937,0.0074932326452525,72,fitted,
2018-08-31,2018-07-31,ML Random Forest Base,Random Forest,equity_ret + bond_ret + log_rv_ann + log_iv_ann,4,0.5577243254400226,1,0,0.3194444444444444,-0.0134193829272716,0.020036292629478442,0.4653654047359865,0.5346345952640135,0.26421105561782016,0.017891335037342474,0.017627123981724654,0.0319200726736803,0.0051995850054083,72,fitted,
2018-09-30,2018-08-31,ML Random Forest Base,Random Forest,equity_ret + bond_ret + log_rv_ann + log_iv_ann,4,0.439337458386913,0,0,0.3194444444444444,-0.0134193829272716,0.020036292629478442,0.5363975249678523,0.4636024750321477,0.14206424046373162,0.0003161324236352712,0.00017406818317153956,0.0059453879165258,0.0028989515877322,72,fitted,
2018-10-31,2018-09-30,ML Random Forest Base,Random Forest,equity_ret + bond_ret + log_rv_ann + log_iv_ann,4,0.3539711065185162,0,1,0.3194444444444444,-0.0134193829272716,0.020036292629478442,0.5876173360888903,0.41238266391110967,0.10243962224207603,-0.043262849172267394,-0.04336528879450947,-0.0691042387374787,0.0541512353077064,72,fitted,
2018-11-30,2018-10-31,ML Random Forest Base,Random Forest,equity_ret + bond_ret + log_rv_ann + log_iv_ann,4,0.732467203210755,1,1,0.3055555555555556,-0.0134193829272716,0.02183809677043545,0.360519678073547,0.639480321926453,0.45419531603068664,0.011621182321385207,0.01116698700535452,0.0185491980903704,0.0337290643444268,72,fitted,
2018-12-31,2018-11-30,ML Random Forest Base,Random Forest,equity_ret + bond_ret + log_rv_ann + log_iv_ann,4,0.40092608431925003,0,1,0.3055555555555556,-0.0134193829272716,0.022509987826379294,0.55944434940845,0.44055565059155,0.397849342669806,-0.040530072440924075,-0.04092792178359388,-0.0880482601435995,0.0819994357360099,72,fitted,
2019-01-31,2018-12-31,ML Random Forest Base,Random Forest,equity_ret + bond_ret + log_rv_ann + log_iv_ann,4,0.620291495786594,1,1,0.2916666666666667,-0.01372445817045412,0.026519372298884798,0.4278251025280436,0.5721748974719564,0.26323849376081276,0.03946596763671881,0.03920272914295799,0.0800652766185778,0.0348266773224755,72,fitted,
2019-02-28,2019-01-31,ML Random Forest Base,Random Forest,equity_ret + bond_ret + log_rv_ann + log_iv_ann,4,0.5173141798409641,1,0,0.3055555555555556,-0.01372445817045412,0.027888837636994485,0.4896114920954216,0.5103885079045785,0.1235727791347559,0.015290437927565877,0.015166865148431121,0.0324160808511369,0.010145527749623,72,fitted,
2019-03-31,2019-02-28,ML Random Forest Base,Random Forest,equity_ret + bond_ret + log_rv_ann + log_iv_ann,4,0.40981273721505695,0,0,0.3055555555555556,-0.01372445817045412,0.027888837636994485,0.5541123576709659,0.4458876423290341,0.12900173115108865,0.019494230137517263,0.019365228406366175,0.0181005597670835,0.0134174937530691,72,fitted,
2019-04-30,2019-03-31,ML Random Forest Base,Random Forest,equity_ret + bond_ret + log_rv_ann + log_iv_ann,4,0.43318038266798026,0,0,0.3055555555555556,-0.01372445817045412,0.027888837636994485,0.5400917703992119,0.45990822960078814,0.028041174543508074,0.02114279638647542,0.021114755211931912,0.0408522807714701,0.0045284274287446,72,fitted,
2019-05-31,2019-04-30,ML Random Forest Base,Random Forest,equity_ret + bond_ret + log_rv_ann + log_iv_ann,4,0.27706842667424353,0,1,0.3055555555555556,-0.01372445817045412,0.027888837636994485,0.6337589439954538,0.36624105600454615,0.18733434719248399,-0.03341776664445599,-0.03360510099164848,-0.0637715446163655,0.0232894863692865,72,fitted,
2019-06-30,2019-05-31,ML Random Forest Base,Random Forest,equity_ret + bond_ret + log_rv_ann + log_iv_ann,4,0.5649377120053422,1,0,0.3055555555555556,-0.015323467937162138,0.027888837636994485,0.46103737279679474,0.5389626272032053,0.34544314239731827,0.038003275523335336,0.03765783238093802,0.0695869836370073,0.0150522029767334,72,fitted,
2019-07-31,2019-06-30,ML Random Forest Base,Random Forest,equity_ret + bond_ret + log_rv_ann + log_iv_ann,4,0.3133985657576888,0,0,0.2916666666666667,-0.015323467937162138,0.026556258419461798,0.6119608605453868,0.3880391394546132,0.30184697549718414,0.00995782512250189,0.009655978147004706,0.015119155506172,0.0063572894106064,72,fitted,
2019-08-31,2019-07-31,ML Random Forest Base,Random Forest,equity_ret + bond_ret + log_rv_ann + log_iv_ann,4,0.2608575773367411,0,1,0.2916666666666667,-0.015323467937162138,0.026556258419461798,0.6434854535979554,0.3565145464020446,0.06304918610513721,-0.0008528491893276917,-0.0009158983754328289,-0.0167431178325256,0.0529314210345212,72,fitted,
2019-09-30,2019-08-31,ML Random Forest Base,Random Forest,equity_ret + bond_ret + log_rv_ann + log_iv_ann,4,0.6159013590128223,1,0,0.2916666666666667,-0.015323467937162138,0.027888837636994485,0.43045918459230664,0.5695408154076933,0.42605253801129744,0.004889336916749609,0.004463284378738311,0.019457607137904,0.0069507188464891,72,fitted,
2019-10-31,2019-09-30,ML Random Forest Base,Random Forest,equity_ret + bond_ret + log_rv_ann + log_iv_ann,4,0.5995514768378766,1,0,0.2916666666666667,-0.015323467937162138,0.027888837636994485,0.4402691138972741,0.5597308861027259,0.019619858609934815,0.010897115272858063,0.010877495414248128,0.022104910520698,0.0121560388082833,72,fitted,
2019-11-30,2019-10-31,ML Random Forest Base,Random Forest,equity_ret + bond_ret + log_rv_ann + log_iv_ann,4,0.43169256007455,0,0,0.2916666666666667,-0.015323467937162138,0.027888837636994485,0.54098446395527,0.45901553604473,0.20143070011599185,0.019423958882577995,0.019222528182462003,0.0361980390510503,0.0037265753735674,72,fitted,
2019-12-31,2019-11-30,ML Random Forest Base,Random Forest,equity_ret + bond_ret + log_rv_ann + log_iv_ann,4,0.2509236516238559,0,0,0.2916666666666667,-0.015323467937162138,0.027888837636994485,0.6494458090256865,0.3505541909743135,0.21692269014083299,0.018705946108676822,0.018489023418535987,0.0290553857921926,0.0058181637561704,72,fitted,
2020-01-31,2019-12-31,ML Random Forest Base,Random Forest,equity_ret + bond_ret + log_rv_ann + log_iv_ann,4,0.27075025469392483,0,0,0.2916666666666667,-0.015323467937162138,0.027888837636994485,0.6375498471836452,0.36245015281635484,0.023791923684082672,0.007096624019355942,0.00707283209567186,-0.0004039100321869,0.0142020296605696,72,fitted,
2020-02-29,2020-01-31,ML Random Forest Base,Random Forest,equity_ret + bond_ret + log_rv_ann + log_iv_ann,4,0.4938613347835121,0,1,0.2916666666666667,-0.01372445817045412,0.027888837636994485,0.5036831991298927,0.4963168008701073,0.26773329610750496,-0.03200946181001559,-0.0322771951061231,-0.0791656798108233,0.0634267713446377,72,fitted,
2020-03-31,2020-02-29,ML Random Forest Base,Random Forest,equity_ret + bond_ret + log_rv_ann + log_iv_ann,4,0.622256904164752,1,1,0.2777777777777778,-0.015323467937162138,0.03137255550498972,0.4266458575011488,0.5733541424988512,0.15407468325748774,-0.056296083206278054,-0.05645015788953554,-0.1248710855259812,0.8051106406451516,72,fitted,
2020-04-30,2020-03-31,ML Random Forest Base,Random Forest,equity_ret + bond_ret + log_rv_ann + log_iv_ann,4,0.8219842519726508,1,1,0.2638888888888889,-0.01653555801856568,0.03224220076321822,0.30680944881640954,0.6931905511835905,0.2396728173694786,0.05087615498773792,0.05063648217036844,0.1269835643306984,0.1613253614718995,72,fitted,
2020-05-31,2020-04-30,ML Random Forest Base,Random Forest,equity_ret + bond_ret + log_rv_ann + log_iv_ann,4,0.5875023033025473,1,1,0.2777777777777778,-0.01653555801856568,0.03343323956213717,0.4474986180184717,0.5525013819815283,0.28137833840412435,0.02503696811393262,0.024755589775528497,0.0476451398891062,0.0477456220094945,72,fitted,
2020-06-30,2020-05-31,ML Random Forest Base,Random Forest,equity_ret + bond_ret + log_rv_ann + log_iv_ann,4,0.6354014882087555,1,1,0.2777777777777778,-0.01653555801856568,0.03460715472686576,0.4187591070747467,0.5812408929252533,0.057479021887449966,0.01125750958547156,0.011200030563584111,0.0177345013421075,0.0850247449024201,72,fitted,
2020-07-31,2020-06-30,ML Random Forest Base,Random Forest,equity_ret + bond_ret + log_rv_ann + log_iv_ann,4,0.7166527595852747,1,0,0.2777777777777778,-0.01653555801856568,0.03489814604700694,0.37000834424883516,0.6299916557511649,0.09750152565182313,0.030189609054614933,0.03009210752896311,0.058892149898498,0.0181833778382797,72,fitted,
2020-08-31,2020-07-31,ML Random Forest Base,Random Forest,equity_ret + bond_ret + log_rv_ann + log_iv_ann,4,0.5470193947936357,1,0,0.2777777777777778,-0.01653555801856568,0.03489814604700694,0.4717883631238186,0.5282116368761813,0.203560037749967,0.028578976661177966,0.028375416623427997,0.0697968738185985,0.0089494184556946,72,fitted,
2020-09-30,2020-08-31,ML Random Forest Base,Random Forest,equity_ret + bond_ret + log_rv_ann + log_iv_ann,4,0.5244312828935305,1,1,0.2777777777777778,-0.01653555801856568,0.03489814604700694,0.48534123026388176,0.5146587697361182,0.027105734280126248,-0.018673890683844674,-0.0187009964181248,-0.0374436483963509,0.0584435139542133,72,fitted,
2020-10-31,2020-09-30,ML Random Forest Base,Random Forest,equity_ret + bond_ret + log_rv_ann + log_iv_ann,4,0.7229478705511195,1,1,0.2777777777777778,-0.0171745670324448,0.0382056083674359,0.3662312776693283,0.6337687223306717,0.23821990518910696,-0.012669808286686984,-0.012908028191876092,-0.0249336012019394,0.0417113427069923,72,fitted,
2020-11-30,2020-10-31,ML Random Forest Base,Random Forest,equity_ret + bond_ret + log_rv_ann + log_iv_ann,4,0.7516215131052383,1,0,0.2638888888888889,-0.01732629922813324,0.0391309151606147,0.34902709213685706,0.650972907863143,0.03440837106494249,0.045821828053715194,0.04578741968265025,0.1087766095892315,0.0313735993757135,72,fitted,
2020-12-31,2020-11-30,ML Random Forest Base,Random Forest,equity_ret + bond_ret + log_rv_ann + log_iv_ann,4,0.5406276217735398,1,0,0.2638888888888889,-0.01732629922813324,0.0391309151606147,0.4756234269358761,0.5243765730641239,0.25319266959803816,0.018070757942787147,0.017817565273189107,0.037048736202923,0.0067159522540785,72,fitted,
2021-01-31,2020-12-31,ML Random Forest Base,Random Forest,equity_ret + bond_ret + log_rv_ann + log_iv_ann,4,0.45159924231138143,0,0,0.2638888888888889,-0.01732629922813324,0.0391309151606147,0.5290404546131711,0.47095954538682894,0.1068340553545899,-0.008897970271822387,-0.009004804327176976,-0.0101906258057092,0.0245146166345033,72,fitted,
2021-02-28,2021-01-31,ML Random Forest Base,Random Forest,equity_ret + bond_ret + log_rv_ann + log_iv_ann,4,0.7264439905312513,1,0,0.2638888888888889,-0.0171745670324448,0.0391309151606147,0.3641336056812492,0.6358663943187508,0.32981369786384374,0.00047192688657691183,0.0001421131887130681,0.0278056149599641,0.0239993198244283,72,fitted,
2021-03-31,2021-02-28,ML Random Forest Base,Random Forest,equity_ret + bond_ret + log_rv_ann + log_iv_ann,4,0.6567201772410478,1,0,0.2638888888888889,-0.0171745670324448,0.0391309151606147,0.40596789365537134,0.5940321063446287,0.08366857594824428,0.011620863338777003,0.011537194762828759,0.0453989969246546,0.0211477529194429,72,fitted,
2021-04-30,2021-03-31,ML Random Forest Base,Random Forest,equity_ret + bond_ret + log_rv_ann + log_iv_ann,4,0.604285188404834,1,0,0.2638888888888889,-0.0171745670324448,0.0391309151606147,0.4374288869570996,0.5625711130429004,0.06292198660345649,0.02726277509256131,0.027199853105957853,0.0529105803307079,0.011960095705553,72,fitted,
2021-05-31,2021-04-30,ML Random Forest Base,Random Forest,equity_ret + bond_ret + log_rv_ann + log_iv_ann,4,0.4037186283999275,0,0,0.2638888888888889,-0.0171745670324448,0.0391309151606147,0.5577688229600435,0.4422311770399565,0.2406798720058878,0.004563702378622481,0.004323022506616593,0.0065659769961186,0.0184358368555118,72,fitted,
2021-06-30,2021-05-31,ML Random Forest Base,Random Forest,equity_ret + bond_ret + log_rv_ann + log_iv_ann,4,0.4808211534174591,0,0,0.2638888888888889,-0.0171745670324448,0.0391309151606147,0.5115073079495245,0.4884926920504755,0.09252303002103801,0.015516132497299582,0.015423609467278544,0.0224276872580317,0.0076236756644047,72,fitted,
2021-07-31,2021-06-30,ML Random Forest Base,Random Forest,equity_ret + bond_ret + log_rv_ann + log_iv_ann,4,0.20816332352498773,0,0,0.25,-0.015432619427162312,0.0391309151606147,0.6751020058850075,0.32489799411499254,0.32718939587096596,0.020108722688249314,0.019781533292378348,0.0244125006416975,0.0126017914009117,72,fitted,
2021-08-31,2021-07-31,ML Random Forest Base,Random Forest,equity_ret + bond_ret + log_rv_ann + log_iv_ann,4,0.3455174639263201,0,0,0.25,-0.015432619427162312,0.0391309151606147,0.592689521644208,0.40731047835579204,0.164824968481599,0.016822103908915635,0.016657278940434037,0.0297596367958095,0.0072916961285565,72,fitted,
2021-09-30,2021-08-31,ML Random Forest Base,Random Forest,equity_ret + bond_ret + log_rv_ann + log_iv_ann,4,0.5009516540796894,1,1,0.2638888888888889,-0.00831762950936199,0.0382056083674359,0.49942900755218633,0.5005709924478137,0.18652102818404326,-0.027867460344177388,-0.028053981372361432,-0.0466053391645534,0.0169393666259173,72,fitted,
2021-10-31,2021-09-30,ML Random Forest Base,Random Forest,equity_ret + bond_ret + log_rv_ann + log_iv_ann,4,0.6540590245193206,1,0,0.2777777777777778,-0.00831762950936199,0.03489814604700694,0.4075645852884076,0.5924354147115924,0.1837288445275575,0.0285444034828001,0.028360674638272545,0.070163231687061,0.0138465001309024,72,fitted,
2021-11-30,2021-10-31,ML Random Forest Base,Random Forest,equity_ret + bond_ret + log_rv_ann + log_iv_ann,4,0.6131539610894172,1,0,0.2777777777777778,-0.00831762950936199,0.03489814604700694,0.43210762334634967,0.5678923766536503,0.04908607611588417,-0.0019336831140039006,-0.0019827691901197846,-0.0080346346338684,0.0158472021138178,72,fitted,
2021-12-31,2021-11-30,ML Random Forest Base,Random Forest,equity_ret + bond_ret + log_rv_ann + log_iv_ann,4,0.48889167726053595,0,0,0.2777777777777778,-0.009759427571341038,0.03489814604700694,0.5066649936436785,0.49333500635632155,0.14911474059465757,0.021662379356145938,0.02151326461555128,0.0462477179391753,0.0280975939519886,72,fitted,
2022-01-31,2021-12-31,ML Random Forest Base,Random Forest,equity_ret + bond_ret + log_rv_ann + log_iv_ann,4,0.6605952322039438,1,1,0.2777777777777778,-0.006592836571889351,0.03489814604700694,0.4036428606776337,0.5963571393223663,0.20604426593208952,-0.03320738028642101,-0.0334134245523531,-0.0527411838705357,0.0333761810708161,72,fitted,
2022-02-28,2022-01-31,ML Random Forest Base,Random Forest,equity_ret + bond_ret + log_rv_ann + log_iv_ann,4,0.6336050161337454,1,1,0.2916666666666667,-0.006592836571889351,0.03460715472686576,0.41983699031975275,0.5801630096802473,0.03238825928423811,-0.019039087612660682,-0.01907147587194492,-0.0295169814791933,0.0549600150805621,72,fitted,
2022-03-31,2022-02-28,ML Random Forest Base,Random Forest,equity_ret + bond_ret + log_rv_ann + log_iv_ann,4,0.7393533398133879,1,1,0.2777777777777778,-0.009759427571341038,0.03460715472686576,0.35638799611196725,0.6436120038880327,0.12689798841557098,-0.004702819775408481,-0.004829717763824052,0.0375903093946135,0.0508991242086973,72,fitted,
2022-04-30,2022-03-31,ML Random Forest Base,Random Forest,equity_ret + bond_ret + log_rv_ann + log_iv_ann,4,0.7151241738561042,1,1,0.2777777777777778,-0.009759427571341038,0.03489814604700694,0.3709254956863375,0.6290745043136625,0.029074999148740455,-0.056497612948234244,-0.056526687947382984,-0.0877689610309558,0.0650108003515997,72,fitted,
2022-05-31,2022-04-30,ML Random Forest Base,Random Forest,equity_ret + bond_ret + log_rv_ann + log_iv_ann,4,0.7674867380032482,1,1,0.2638888888888889,-0.015432619427162312,0.0383085163757907,0.3395079571980511,0.660492042801949,0.06283507697657281,0.005789992246950801,0.005727157169974228,0.0022570559091426,0.0940260584652756,72,fitted,
2022-06-30,2022-05-31,ML Random Forest Base,Random Forest,equity_ret + bond_ret + log_rv_ann + log_iv_ann,4,0.7005935387307314,1,1,0.2777777777777778,-0.015432619427162312,0.04120040259813453,0.3796438767615612,0.6203561232384388,0.08027183912702024,-0.040939874914971496,-0.04102014675409851,-0.082460269627578,0.0889215252801937,72,fitted,
2022-07-31,2022-06-30,ML Random Forest Base,Random Forest,equity_ret + bond_ret + log_rv_ann + log_iv_ann,4,0.8244291435730406,1,0,0.2916666666666667,-0.01721843692815344,0.04653876614899408,0.3053425138561756,0.6946574861438244,0.14860272581077116,0.04574922198218338,0.04560061925637261,0.0920873250468234,0.0382937338439917,72,fitted,
2022-08-31,2022-07-31,ML Random Forest Base,Random Forest,equity_ret + bond_ret + log_rv_ann + log_iv_ann,4,0.5623563029858153,1,1,0.2916666666666667,-0.01721843692815344,0.04653876614899408,0.46258621820851087,0.5374137817914891,0.3144874087046705,-0.035224087312371206,-0.035538574721075876,-0.0408018508723103,0.03964988655659,72,fitted,
2022-09-30,2022-08-31,ML Random Forest Base,Random Forest,equity_ret + bond_ret + log_rv_ann + log_iv_ann,4,0.7191304219153416,1,1,0.2916666666666667,-0.02341433430196359,0.04653876614899408,0.3685217468507951,0.6314782531492049,0.18812894271543157,-0.06024302131604006,-0.06043115025875549,-0.0924459211402304,0.0607277089411956,72,fitted,
2022-10-31,2022-09-30,ML Random Forest Base,Random Forest,equity_ret + bond_ret + log_rv_ann + log_iv_ann,4,0.7682720229158363,1,1,0.2777777777777778,-0.026915210255425075,0.050268423768856756,0.33903678625049827,0.6609632137495017,0.058969921200593634,0.019105176299191912,0.01904620637799132,0.081275540632878,0.0769434253227362,72,fitted,
2022-11-30,2022-10-31,ML Random Forest Base,Random Forest,equity_ret + bond_ret + log_rv_ann + log_iv_ann,4,0.7594874721616948,1,1,0.2777777777777778,-0.026915210255425075,0.052524961669356426,0.34430751670298315,0.6556924832970168,0.010541460904969824,0.04411206720227645,0.04410152574137148,0.0555915071749977,0.0740758740770046,72,fitted,
2022-12-31,2022-11-30,ML Random Forest Base,Random Forest,equity_ret + bond_ret + log_rv_ann + log_iv_ann,4,0.6156362720060937,1,1,0.2777777777777778,-0.026915210255425075,0.053907272453069366,0.4306182367963438,0.5693817632036562,0.17262144018672126,-0.029772077777105648,-0.02994469921729237,-0.0576283212677928,0.0330097876182882,72,fitted,
2023-01-31,2022-12-31,ML Random Forest Base,Random Forest,equity_ret + bond_ret + log_rv_ann + log_iv_ann,4,0.6593319120932135,1,0,0.2777777777777778,-0.029095707687113937,0.053907272453069366,0.4044008527440719,0.5955991472559281,0.05243476810454384,0.04526647026114722,0.045214035493042676,0.0628875637028856,0.0270783137113775,72,fitted,
2023-02-28,2023-01-31,ML Random Forest Base,Random Forest,equity_ret + bond_ret + log_rv_ann + log_iv_ann,4,0.4660515147720085,0,0,0.2777777777777778,-0.029095707687113937,0.053907272453069366,0.5203690911367949,0.47963090886320514,0.23193647678544593,-0.025868692821706243,-0.02610062929849169,-0.0251428085962797,0.0257109474056733,72,fitted,
2023-03-31,2023-02-28,ML Random Forest Base,Random Forest,equity_ret + bond_ret + log_rv_ann + log_iv_ann,4,0.4908279681673934,0,0,0.2777777777777778,-0.029095707687113937,0.053907272453069366,0.505503219099564,0.49449678090043603,0.029731744074461774,0.03180353106833329,0.03177379932425883,0.0370776993762178,0.0342983710803908,72,fitted,
2023-04-30,2023-03-31,ML Random Forest Base,Random Forest,equity_ret + bond_ret + log_rv_ann + log_iv_ann,4,0.5548150308594348,1,0,0.2777777777777778,-0.029095707687113937,0.053907272453069366,0.4671109814843391,0.532889018515661,0.07678447523044979,0.01052911191393522,0.01045232743870477,0.015975076842235,0.0153013085471043,72,fitted,
2023-05-31,2023-04-30,ML Random Forest Base,Random Forest,equity_ret + bond_ret + log_rv_ann + log_iv_ann,4,0.11885736900876756,0,0,0.2777777777777778,-0.029095707687113937,0.053907272453069366,0.7286855785947395,0.2713144214052605,0.5231491942208009,0.00025916386024591896,-0.00026398533397488193,0.0046162773444813,0.0162709612878342,72,fitted,
2023-06-30,2023-05-31,ML Random Forest Base,Random Forest,equity_ret + bond_ret + log_rv_ann + log_iv_ann,4,0.44675848162477144,0,0,0.2777777777777778,-0.029095707687113937,0.053907272453069366,0.5319449110251372,0.4680550889748628,0.3934813351392046,0.03274646628543794,0.03235298495029874,0.0647997868231831,0.0126982381756767,72,fitted,
2023-07-31,2023-06-30,ML Random Forest Base,Random Forest,equity_ret + bond_ret + log_rv_ann + log_iv_ann,4,0.4910450173844918,0,0,0.2777777777777778,-0.029095707687113937,0.053907272453069366,0.5053729895693049,0.4946270104306951,0.05314384291166463,0.01646656220822594,0.016413418365314274,0.0327333273782939,0.0080320331531871,72,fitted,
2023-08-31,2023-07-31,ML Random Forest Base,Random Forest,equity_ret + bond_ret + log_rv_ann + log_iv_ann,4,0.13261264477171025,0,0,0.2777777777777778,-0.029095707687113937,0.053907272453069366,0.7204324131369739,0.2795675868630261,0.4301188471353381,-0.013473581026423095,-0.013903699873558432,-0.0162522872564353,0.0135663756498067,72,fitted,
2023-09-30,2023-08-31,ML Random Forest Base,Random Forest,equity_ret + bond_ret + log_rv_ann + log_iv_ann,4,0.3358845744384851,0,1,0.2777777777777778,-0.029095707687113937,0.053907272453069366,0.598469255336909,0.401530744663091,0.2439263156001299,-0.03878614251980786,-0.03903006883540799,-0.0474343383529096,0.0123089230331672,72,fitted,
2023-10-31,2023-09-30,ML Random Forest Base,Random Forest,equity_ret + bond_ret + log_rv_ann + log_iv_ann,4,0.499143916731365,0,0,0.2916666666666667,-0.03499163376062289,0.053907272453069366,0.5005136499611811,0.4994863500388189,0.1959112107514558,-0.01871075387948602,-0.018906665090237473,-0.0217085890517351,0.01986358683567,72,fitted,
2023-11-30,2023-10-31,ML Random Forest Base,Random Forest,equity_ret + bond_ret + log_rv_ann + log_iv_ann,4,0.4089973409068817,0,0,0.2916666666666667,-0.03499163376062289,0.053907272453069366,0.554601595455871,0.44539840454412905,0.10817589098937974,0.07111634195956162,0.07100816606857224,0.0913438546150167,0.0161631210576473,72,fitted,
2023-12-31,2023-11-30,ML Random Forest Base,Random Forest,equity_ret + bond_ret + log_rv_ann + log_iv_ann,4,0.31261173836814055,0,0,0.2916666666666667,-0.03499163376062289,0.053907272453069366,0.6124329569791156,0.3875670430208844,0.11566272304648928,0.04229177610053125,0.04217611337748477,0.0456553235023327,0.0095094452987884,72,fitted,
2024-01-31,2023-12-31,ML Random Forest Base,Random Forest,equity_ret + bond_ret + log_rv_ann + log_iv_ann,4,0.3148395352113189,0,0,0.2916666666666667,-0.03499163376062289,0.053907272453069366,0.6110962788732086,0.3889037211267914,0.002673356211813971,0.009144740533268877,0.009142067177057064,0.0159264537676127,0.012022422301711,72,fitted,
2024-02-29,2024-01-31,ML Random Forest Base,Random Forest,equity_ret + bond_ret + log_rv_ann + log_iv_ann,4,0.24617115125682124,0,0,0.2916666666666667,-0.03499163376062289,0.053907272453069366,0.6522973092459072,0.34770269075409277,0.08240206074539724,0.028914188282882905,0.028831786222137508,0.0521867637573512,0.0180361802883255,72,fitted,
2024-03-31,2024-02-29,ML Random Forest Base,Random Forest,equity_ret + bond_ret + log_rv_ann + log_iv_ann,4,0.3768589435697914,0,0,0.2916666666666667,-0.029095707687113937,0.052524961669356426,0.5738846338581252,0.42611536614187484,0.15682535077556414,0.022612824079884603,0.02245599872910904,0.0327019623256443,0.0093227575805002,72,fitted,
2024-04-30,2024-03-31,ML Random Forest Base,Random Forest,equity_ret + bond_ret + log_rv_ann + log_iv_ann,4,0.18080151959778615,0,1,0.2916666666666667,-0.028642146902610577,0.052524961669356426,0.6915190882413285,0.30848091175867154,0.2352689087664066,-0.03552669059169246,-0.035761959500458865,-0.0403195712622416,0.0183152967077742,72,fitted,
2024-05-31,2024-04-30,ML Random Forest Base,Random Forest,equity_ret + bond_ret + log_rv_ann + log_iv_ann,4,0.30901602369384007,0,0,0.3055555555555556,-0.03585831501291937,0.052524961669356426,0.614590385783696,0.38540961421630404,0.153857404915265,0.03752038422675355,0.03736652682183828,0.050579662758128,0.0101744101541005,72,fitted,
2024-06-30,2024-05-31,ML Random Forest Base,Random Forest,equity_ret + bond_ret + log_rv_ann + log_iv_ann,4,0.26102130179845134,0,0,0.3055555555555556,-0.03585831501291937,0.052524961669356426,0.6433872189209293,0.3566127810790707,0.057593666274466715,0.025856658988658885,0.025799065322384417,0.0352802155686315,0.0057546308194498,72,fitted,
2024-07-31,2024-06-30,ML Random Forest Base,Random Forest,equity_ret + bond_ret + log_rv_ann + log_iv_ann,4,0.36023143765203147,0,0,0.3055555555555556,-0.03585831501291937,0.052524961669356426,0.5838611374087812,0.4161388625912188,0.11905216302429622,0.017137094455421848,0.01701804229239755,0.0121090001742765,0.0207364655978954,72,fitted,
2024-08-31,2024-07-31,ML Random Forest Base,Random Forest,equity_ret + bond_ret + log_rv_ann + log_iv_ann,4,0.23887670118587237,0,0,0.3055555555555556,-0.03585831501291937,0.052524961669356426,0.6566739792884766,0.3433260207115234,0.14562568375939078,0.02036108431580553,0.02021545863204614,0.0233655116495199,0.0345395476672931,72,fitted,
2024-09-30,2024-08-31,ML Random Forest Base,Random Forest,equity_ret + bond_ret + log_rv_ann + log_iv_ann,4,0.417760803695801,0,0,0.3055555555555556,-0.03585831501291937,0.052524961669356426,0.5493435177825194,0.45065648221748056,0.2146609230119143,0.017545211561022827,0.01733055063801091,0.0210046691575342,0.0182264857507831,72,fitted,
2024-10-31,2024-09-30,ML Random Forest Base,Random Forest,equity_ret + bond_ret + log_rv_ann + log_iv_ann,4,0.16652142983181062,0,0,0.3055555555555556,-0.03585831501291937,0.052524961669356426,0.7000871421009137,0.2999128578990863,0.30148724863678855,-0.013801158853822442,-0.01410264610245923,-0.0089233226091341,0.0121040367628089,72,fitted,
2024-11-30,2024-10-31,ML Random Forest Base,Random Forest,equity_ret + bond_ret + log_rv_ann + log_iv_ann,4,0.4046206580961431,0,0,0.3055555555555556,-0.028642146902610577,0.050268423768856756,0.5572276051423142,0.4427723948576858,0.2857190739171991,0.038148463860231296,0.037862744786314094,0.0596334124214321,0.0193589143729322,72,fitted,
2024-12-31,2024-11-30,ML Random Forest Base,Random Forest,equity_ret + bond_ret + log_rv_ann + log_iv_ann,4,0.16292858612763766,0,0,0.3055555555555556,-0.028642146902610577,0.050268423768856756,0.7022428483234173,0.2977571516765827,0.2900304863622063,-0.02193816515168143,-0.022228195638043638,-0.0240601679420293,0.0201427399796311,72,fitted,
2025-01-31,2024-12-31,ML Random Forest Base,Random Forest,equity_ret + bond_ret + log_rv_ann + log_iv_ann,4,0.23841357124431306,0,0,0.3194444444444444,-0.025100967117411638,0.04653876614899408,0.6569518572534122,0.3430481427465878,0.09058198214001023,0.01941333667535683,0.01932275469321682,0.0268563430385335,0.0181639146208578,72,fitted,
2025-02-28,2025-01-31,ML Random Forest Base,Random Forest,equity_ret + bond_ret + log_rv_ann + log_iv_ann,4,0.12037171659770925,0,0,0.3194444444444444,-0.025100967117411638,0.04653876614899408,0.7277769700413744,0.2722230299586256,0.14165022557592444,-0.003148339214663407,-0.003289989440239331,-0.0126948383346631,0.0156150264513951,72,fitted,
2025-03-31,2025-02-28,ML Random Forest Base,Random Forest,equity_ret + bond_ret + log_rv_ann + log_iv_ann,4,0.2841777832822097,0,1,0.3194444444444444,-0.025100967117411638,0.04653876614899408,0.6294933300306742,0.3705066699693258,0.19656728002140045,-0.03517231833412215,-0.03536888561414355,-0.0557193109152176,0.0429462964131152,72,fitted,
2025-04-30,2025-03-31,ML Random Forest Base,Random Forest,equity_ret + bond_ret + log_rv_ann + log_iv_ann,4,0.6612242772471313,1,1,0.3194444444444444,-0.028642146902610577,0.04678575689021866,0.40326543365172124,0.5967345663482788,0.452455792757906,-0.0009241190033642006,-0.0013765747961221066,-0.0086700565441837,0.2567628013799623,72,fitted,
2025-05-31,2025-04-30,ML Random Forest Base,Random Forest,equity_ret + bond_ret + log_rv_ann + log_iv_ann,4,0.7337599552812469,1,0,0.3194444444444444,-0.028642146902610577,0.050268423768856756,0.35974402683125184,0.6402559731687482,0.08704281364093874,0.018722464149406325,0.018635421335765387,0.0628449330316358,0.0291108184760711,72,fitted,
2025-06-30,2025-05-31,ML Random Forest Base,Random Forest,equity_ret + bond_ret + log_rv_ann + log_iv_ann,4,0.4201128982745425,0,0,0.3194444444444444,-0.025100967117411638,0.050268423768856756,0.5479322610352745,0.4520677389647255,0.3763764684080453,0.03473534577163295,0.03435896930322491,0.0513862300067524,0.0104482979209881,72,fitted,
2025-07-31,2025-06-30,ML Random Forest Base,Random Forest,equity_ret + bond_ret + log_rv_ann + log_iv_ann,4,0.33353455159995304,0,0,0.3194444444444444,-0.025100967117411638,0.050268423768856756,0.5998792690400282,0.4001207309599718,0.10389401600950743,0.012759958854725301,0.012656064838715793,0.0230314465157532,0.0045755355674042,72,fitted,
2025-08-31,2025-07-31,ML Random Forest Base,Random Forest,equity_ret + bond_ret + log_rv_ann + log_iv_ann,4,0.342788969822955,0,0,0.3194444444444444,-0.025100967117411638,0.050268423768856756,0.594326618106227,0.405673381893773,0.01110530186760239,0.01702430716548748,0.01701320186361988,0.020519581676716,0.0138541544091754,72,fitted,
2025-09-30,2025-08-31,ML Random Forest Base,Random Forest,equity_ret + bond_ret + log_rv_ann + log_iv_ann,4,0.18943960585263092,0,0,0.3194444444444444,-0.025100967117411638,0.04678575689021866,0.6863362364884216,0.31366376351157843,0.18401923676438914,0.027981810943918106,0.027797791707153716,0.0356203351082846,0.0055984775803282,72,fitted,
2025-10-31,2025-09-30,ML Random Forest Base,Random Forest,equity_ret + bond_ret + log_rv_ann + log_iv_ann,4,0.22790428181326347,0,0,0.3194444444444444,-0.025100967117411638,0.04678575689021866,0.663257430912042,0.33674256908795797,0.04615761115275907,0.017882830545886765,0.017836672934734007,0.0238373935763009,0.0199937619170661,72,fitted,
2025-11-30,2025-10-31,ML Random Forest Base,Random Forest,equity_ret + bond_ret + log_rv_ann + log_iv_ann,4,0.1205857704504818,0,0,0.3194444444444444,-0.025100967117411638,0.04678575689021866,0.727648537729711,0.27235146227028895,0.12878221363533804,0.0030685942952751264,0.0029398120816397882,0.0019500049129079,0.0218304524668779,72,fitted,
2025-12-31,2025-11-30,ML Random Forest Base,Random Forest,equity_ret + bond_ret + log_rv_ann + log_iv_ann,4,0.11388804815971659,0,0,0.3194444444444444,-0.025100967117411638,0.04678575689021866,0.73166717110417,0.26833282889583,0.008037266748917915,-0.00016511059139173625,-0.00017314785814065417,0.0007975029584423,0.0072805308906585,72,fitted,
2026-01-31,2025-12-31,ML Random Forest Base,Random Forest,equity_ret + bond_ret + log_rv_ann + log_iv_ann,4,0.26452638222324565,0,0,0.3194444444444444,-0.025100967117411638,0.04678575689021866,0.6412841706660527,0.3587158293339473,0.18076600087623462,0.010348936103794316,0.010168170102918081,0.0147377288395744,0.0104027816905062,72,fitted,
2026-02-28,2026-01-31,ML Random Forest Base,Random Forest,equity_ret + bond_ret + log_rv_ann + log_iv_ann,4,0.20612978210897637,0,0,0.3194444444444444,-0.025100967117411638,0.04678575689021866,0.6763221307346142,0.3236778692653858,0.07007592013712305,-0.000671971567269323,-0.0007420474874064461,-0.0086419583402239,0.0155355419994685,72,fitted,
2026-03-31,2026-02-28,ML Random Forest Base,Random Forest,equity_ret + bond_ret + log_rv_ann + log_iv_ann,4,0.3492908426554891,0,1,0.3194444444444444,-0.024758914549957378,0.042699305671890626,0.5904254944067067,0.40957450559329334,0.17179327265581512,-0.03650500580461759,-0.036676799077273406,-0.0493795666434433,0.0336631117304774,72,fitted,
2026-04-30,2026-03-31,ML Random Forest Base,Random Forest,equity_ret + bond_ret + log_rv_ann + log_iv_ann,4,0.6629532037305674,1,0,0.3194444444444444,-0.024758914549957378,0.041299051476911854,0.40222807776165953,0.5977719222383404,0.3763948332900942,0.043264224160647596,0.042887829327357505,0.1050526868659724,0.0185667696328473,72,fitted,
2026-05-31,2026-04-30,ML Random Forest Base,Random Forest,equity_ret + bond_ret + log_rv_ann + log_iv_ann,4,0.15669185049557854,0,0,0.3055555555555556,-0.024758914549957378,0.03937865601407035,0.7059848897026528,0.29401511029734717,0.6075136238819865,0.038016253738664935,0.03740874011478295,0.0526257530375027,0.0113541354564915,72,fitted,
2026-06-30,2026-05-31,ML Random Forest Base,Random Forest,equity_ret + bond_ret + log_rv_ann + log_iv_ann,4,0.1743483751098769,0,0,0.3055555555555556,-0.024758914549957378,0.037542896608651996,0.6953909749340739,0.30460902506592613,0.02118782953715792,-0.007403341091350923,-0.007424528920888082,-0.010292566443839,0.0305821878815242,72,fitted,
2026-07-31,2026-06-30,ML Random Forest Base,Random Forest,equity_ret + bond_ret + log_rv_ann + log_iv_ann,4,0.4274370454810629,0,0,0.3055555555555556,-0.024758914549957378,0.034491312349912644,0.5435377727113622,0.45646222728863783,0.3037064044454234,6.391393109161708e-05,-0.00023979247335380636,0.0029192289711224,0.0307701984972596,72,fitted,
2011-04-30,2011-03-31,ML Random Forest + VRP,Random Forest,equity_ret + bond_ret + log_rv_ann + log_iv_ann + vrp_proxy + log_iv_rv,6,0.47849229856272496,0,0,0.2916666666666667,-0.02540426883526746,0.05024129622728161,0.5129046208623651,0.4870953791376349,1.0,0.022489424896924237,0.021489424896924236,0.0289613761733893,0.0075587205607825,72,fitted,
2011-05-31,2011-04-30,ML Random Forest + VRP,Random Forest,equity_ret + bond_ret + log_rv_ann + log_iv_ann + vrp_proxy + log_iv_rv,6,0.07245925744270616,0,0,0.2916666666666667,-0.02540426883526746,0.05024129622728161,0.7565244455343764,0.24347555446562363,0.48723964934402253,-0.005465219940478889,-0.005952459589822911,-0.0112144254815793,0.0110761203392562,72,fitted,
2011-06-30,2011-05-31,ML Random Forest + VRP,Random Forest,equity_ret + bond_ret + log_rv_ann + log_iv_ann + vrp_proxy + log_iv_rv,6,0.265647368197653,0,0,0.2916666666666667,-0.02540426883526746,0.05024129622728161,0.6406115790814082,0.3593884209185918,0.23182573290593633,-0.012407056330983211,-0.012638882063889148,-0.0168700078463259,0.0214107095288551,72,fitted,
2011-07-31,2011-06-30,ML Random Forest + VRP,Random Forest,equity_ret + bond_ret + log_rv_ann + log_iv_ann + vrp_proxy + log_iv_rv,6,0.46423307534143604,0,0,0.2916666666666667,-0.02540426883526746,0.05024129622728161,0.5214601547951383,0.4785398452048617,0.2383028485725398,-0.0023600741155047258,-0.0025983769640772654,-0.0200043491479079,0.0234689545298284,72,fitted,
2011-08-31,2011-07-31,ML Random Forest + VRP,Random Forest,equity_ret + bond_ret + log_rv_ann + log_iv_ann + vrp_proxy + log_iv_rv,6,0.3496353214944427,0,1,0.2916666666666667,-0.02540426883526746,0.05024129622728161,0.5902188071033343,0.4097811928966657,0.137517304616392,-0.026217226952873797,-0.02635474425749019,-0.0549756689838916,0.2183075845871292,72,fitted,
2011-09-30,2011-08-31,ML Random Forest + VRP,Random Forest,equity_ret + bond_ret + log_rv_ann + log_iv_ann + vrp_proxy + log_iv_rv,6,0.7136384874970477,1,1,0.2916666666666667,-0.029265442999799995,0.05215353486915771,0.3718169075017714,0.6281830924982286,0.4368037992031258,-0.020971369643021508,-0.021408173442224634,-0.0694209569617928,0.0837550521056862,72,fitted,
2011-10-31,2011-09-30,ML Random Forest + VRP,Random Forest,equity_ret + bond_ret + log_rv_ann + log_iv_ann + vrp_proxy + log_iv_rv,6,0.7339207531998844,1,1,0.2777777777777778,-0.03107264108505382,0.06131442345129999,0.3596475480800694,0.6403524519199306,0.02433871884340405,0.040064420891028754,0.04004008217218535,0.1091471376825803,0.0854744311998559,72,fitted,
2011-11-30,2011-10-31,ML Random Forest + VRP,Random Forest,equity_ret + bond_ret + log_rv_ann + log_iv_ann + vrp_proxy + log_iv_rv,6,0.6975812512269783,1,1,0.2916666666666667,-0.03107264108505382,0.06726469050944478,0.381451249263813,0.618548750736187,0.04360740236748728,-0.0035960549257134052,-0.0036396623280808924,-0.0040636591106093,0.0892741878172766,72,fitted,
2011-12-31,2011-11-30,ML Random Forest + VRP,Random Forest,equity_ret + bond_ret + log_rv_ann + log_iv_ann + vrp_proxy + log_iv_rv,6,0.795330271393413,1,0,0.3055555555555556,-0.03107264108505382,0.06977431435421386,0.3228018371639523,0.6771981628360477,0.11729882419972149,0.012560086125024216,0.012442787300824496,0.01044831087433,0.0337262085043343,72,fitted,
2012-01-31,2011-12-31,ML Random Forest + VRP,Random Forest,equity_ret + bond_ret + log_rv_ann + log_iv_ann + vrp_proxy + log_iv_rv,6,0.4575253606008664,0,0,0.3055555555555556,-0.03107264108505382,0.06977431435421386,0.5254847836394801,0.47451521636051985,0.40536589295105574,0.02781254641060952,0.027407180517658464,0.0463746526390511,0.0083654259453761,72,fitted,
2012-02-29,2012-01-31,ML Random Forest + VRP,Random Forest,equity_ret + bond_ret + log_rv_ann + log_iv_ann + vrp_proxy + log_iv_rv,6,0.22038903614552385,0,0,0.3055555555555556,-0.03107264108505382,0.06977431435421386,0.6677665783126858,0.3322334216873142,0.28456358934641135,0.028940003634675488,0.028655440045329078,0.0434056984734232,0.0073543583714155,72,fitted,
2012-03-31,2012-02-29,ML Random Forest + VRP,Random Forest,equity_ret + bond_ret + log_rv_ann + log_iv_ann + vrp_proxy + log_iv_rv,6,0.13928450861029312,0,0,0.3055555555555556,-0.03107264108505382,0.06977431435421386,0.7164292948338242,0.2835707051661758,0.09732543304227681,0.021418243233319634,0.021320917800277357,0.0321635863595661,0.0131720446982552,72,fitted,
2012-04-30,2012-03-31,ML Random Forest + VRP,Random Forest,equity_ret + bond_ret + log_rv_ann + log_iv_ann + vrp_proxy + log_iv_rv,6,0.1840416209485997,0,0,0.3055555555555556,-0.03107264108505382,0.06977431435421386,0.6895750274308402,0.3104249725691598,0.053708534805968045,-0.0017911593468961824,-0.0018448678817021506,-0.0066757506999459,0.0190166819597253,72,fitted,
2012-05-31,2012-04-30,ML Random Forest + VRP,Random Forest,equity_ret + bond_ret + log_rv_ann + log_iv_ann + vrp_proxy + log_iv_rv,6,0.3104329920982356,0,1,0.3055555555555556,-0.03107264108505382,0.06977431435421386,0.6137402047410587,0.3862597952589413,0.15166964537956296,-0.032693825280022154,-0.032845494925401716,-0.0600555737185005,0.0184635370320247,72,fitted,
2012-06-30,2012-05-31,ML Random Forest + VRP,Random Forest,equity_ret + bond_ret + log_rv_ann + log_iv_ann + vrp_proxy + log_iv_rv,6,0.44271451752350116,0,0,0.3055555555555556,-0.03533607479626376,0.06977431435421386,0.5343712894858993,0.4656287105141007,0.15873783051031887,0.021593467785297096,0.021434729954786777,0.0405811990245525,0.0416179538698594,72,fitted,
2012-07-31,2012-06-30,ML Random Forest + VRP,Random Forest,equity_ret + bond_ret + log_rv_ann + log_iv_ann + vrp_proxy + log_iv_rv,6,0.3185152732317255,0,0,0.3055555555555556,-0.03533607479626376,0.06977431435421386,0.6088908360609646,0.3911091639390354,0.14903909315013064,0.012530379709430467,0.012381340616280337,0.0118296419497001,0.0188292832116557,72,fitted,
2012-08-31,2012-07-31,ML Random Forest + VRP,Random Forest,equity_ret + bond_ret + log_rv_ann + log_iv_ann + vrp_proxy + log_iv_rv,6,0.2995325855128248,0,0,0.3055555555555556,-0.03533607479626376,0.06977431435421386,0.6202804486923051,0.37971955130769486,0.022779225262681058,0.015539490212985861,0.01551671098772318,0.0250523617917455,0.0079970053660368,72,fitted,
2012-09-30,2012-08-31,ML Random Forest + VRP,Random Forest,equity_ret + bond_ret + log_rv_ann + log_iv_ann + vrp_proxy + log_iv_rv,6,0.09594709801041246,0,0,0.3055555555555556,-0.03533607479626376,0.06977431435421386,0.7424317411937527,0.25756825880624734,0.24430258500289503,0.019507971639862034,0.01926366905485914,0.0253509542714824,0.012787973643012,72,fitted,
2012-10-31,2012-09-30,ML Random Forest + VRP,Random Forest,equity_ret + bond_ret + log_rv_ann + log_iv_ann + vrp_proxy + log_iv_rv,6,0.1338859969830799,0,0,0.3055555555555556,-0.03533607479626376,0.06977431435421386,0.719668401810152,0.280331598189848,0.04552667876720129,-0.013229166039025703,-0.013274692717792904,-0.0181984465942166,0.0111640835734069,72,fitted,
2012-11-30,2012-10-31,ML Random Forest + VRP,Random Forest,equity_ret + bond_ret + log_rv_ann + log_iv_ann + vrp_proxy + log_iv_rv,6,0.25301778144586523,0,0,0.3055555555555556,-0.03533607479626376,0.06977431435421386,0.6481893311324809,0.3518106688675191,0.14295814135534224,0.00462094344132626,0.004477985299970918,0.0056596591664745,0.0222651919464717,72,fitted,
2012-12-31,2012-11-30,ML Random Forest + VRP,Random Forest,equity_ret + bond_ret + log_rv_ann + log_iv_ann + vrp_proxy + log_iv_rv,6,0.34123849328408007,0,0,0.3055555555555556,-0.03533607479626376,0.06977431435421386,0.595256904029552,0.404743095970448,0.10586485420585778,0.004325769789096441,0.004219904934890583,0.008934591377669,0.0121228158935489,72,fitted,
2013-01-31,2012-12-31,ML Random Forest + VRP,Random Forest,equity_ret + bond_ret + log_rv_ann + log_iv_ann + vrp_proxy + log_iv_rv,6,0.25167104729731177,0,0,0.3055555555555556,-0.03533607479626376,0.06977431435421386,0.6489973716216129,0.35100262837838714,0.10748093518412172,0.031041848648617955,0.030934367713433834,0.0511901683618252,0.0107814717977941,72,fitted,
2013-02-28,2013-01-31,ML Random Forest + VRP,Random Forest,equity_ret + bond_ret + log_rv_ann + log_iv_ann + vrp_proxy + log_iv_rv,6,0.12439699659161046,0,0,0.3055555555555556,-0.03533607479626376,0.06977431435421386,0.7253618020450336,0.27463819795496636,0.15272886084684156,0.0108777741633165,0.01072504530246966,0.0127590213208466,0.0157771665562433,72,fitted,
2013-03-31,2013-02-28,ML Random Forest + VRP,Random Forest,equity_ret + bond_ret + log_rv_ann + log_iv_ann + vrp_proxy + log_iv_rv,6,0.31299399833484176,0,0,0.3055555555555556,-0.03533607479626376,0.06977431435421386,0.612203600999095,0.387796399000905,0.2263164020918773,0.02362791850309731,0.023401602101005434,0.0379711887423981,0.0061156058796676,72,fitted,
2013-04-30,2013-03-31,ML Random Forest + VRP,Random Forest,equity_ret + bond_ret + log_rv_ann + log_iv_ann + vrp_proxy + log_iv_rv,6,0.047819891077175825,0,0,0.3055555555555556,-0.03533607479626376,0.06977431435421386,0.7713080653536946,0.22869193464630544,0.31820892870919915,0.0170335497211542,0.016715340792445,0.0192120425258286,0.0201297160662904,72,fitted,
2013-05-31,2013-04-30,ML Random Forest + VRP,Random Forest,equity_ret + bond_ret + log_rv_ann + log_iv_ann + vrp_proxy + log_iv_rv,6,0.47215353977812724,0,0,0.3055555555555556,-0.03533607479626376,0.06977431435421386,0.5167078761331236,0.48329212386687637,0.5092003784411419,0.0025280676092359136,0.002018867230794772,0.0236100506671108,0.0105088114329687,72,fitted,
2013-06-30,2013-05-31,ML Random Forest + VRP,Random Forest,equity_ret + bond_ret + log_rv_ann + log_iv_ann + vrp_proxy + log_iv_rv,6,0.09411910991330899,0,0,0.3055555555555556,-0.03533607479626376,0.06977431435421386,0.7435285340520146,0.2564714659479854,0.4536413158377819,-0.013936887524663703,-0.014390528840501486,-0.0133447853857828,0.0300261699601843,72,fitted,
2013-07-31,2013-06-30,ML Random Forest + VRP,Random Forest,equity_ret + bond_ret + log_rv_ann + log_iv_ann + vrp_proxy + log_iv_rv,6,0.3771913217075338,0,0,0.3055555555555556,-0.03533607479626376,0.06977431435421386,0.5736852069754798,0.42631479302452024,0.33968665415306964,0.030793195723208534,0.030453509069055463,0.0516768409309673,0.0058845046247947,72,fitted,
2013-08-31,2013-07-31,ML Random Forest + VRP,Random Forest,equity_ret + bond_ret + log_rv_ann + log_iv_ann + vrp_proxy + log_iv_rv,6,0.08259582454443315,0,0,0.3055555555555556,-0.03424248759524367,0.06977431435421386,0.7504425052733401,0.2495574947266599,0.3535145965957207,-0.024569549600513378,-0.024923064197109098,-0.0299920451157992,0.0097758966126948,72,fitted,
2013-09-30,2013-08-31,ML Random Forest + VRP,Random Forest,equity_ret + bond_ret + log_rv_ann + log_iv_ann + vrp_proxy + log_iv_rv,6,0.2127794780212871,0,0,0.3055555555555556,-0.03507238154346391,0.06977431435421386,0.6723323131872279,0.32766768681277214,0.1562203841722245,0.024948862187921993,0.02479264180374977,0.0316465616335366,0.0072570980514356,72,fitted,
2013-10-31,2013-09-30,ML Random Forest + VRP,Random Forest,equity_ret + bond_ret + log_rv_ann + log_iv_ann + vrp_proxy + log_iv_rv,6,0.10974954323860672,0,0,0.3055555555555556,-0.03507238154346391,0.06977431435421386,0.7341502740568361,0.2658497259431639,0.12363592173921645,0.03620939586962586,0.036085759947886646,0.0463062010108756,0.0162586541179686,72,fitted,
2013-11-30,2013-10-31,ML Random Forest + VRP,Random Forest,equity_ret + bond_ret + log_rv_ann + log_iv_ann + vrp_proxy + log_iv_rv,6,0.2924263619868786,0,0,0.3055555555555556,-0.03507238154346391,0.06977431435421386,0.6245441828078728,0.3754558171921272,0.2192121824979265,0.017569132130201,0.017349919947703074,0.0296382009223603,0.0076676402226258,72,fitted,
2013-12-31,2013-11-30,ML Random Forest + VRP,Random Forest,equity_ret + bond_ret + log_rv_ann + log_iv_ann + vrp_proxy + log_iv_rv,6,0.1463278267674122,0,0,0.3055555555555556,-0.029162151167578955,0.06883783694844543,0.7122033039395528,0.2877966960604472,0.1753182422633599,0.01686251151781478,0.01668719327555142,0.0259262463698537,0.0093337447007758,72,fitted,
2014-01-31,2013-12-31,ML Random Forest + VRP,Random Forest,equity_ret + bond_ret + log_rv_ann + log_iv_ann + vrp_proxy + log_iv_rv,6,0.13930239955421148,0,1,0.3055555555555556,-0.029162151167578955,0.06883783694844543,0.7164185602674731,0.2835814397325269,0.008430512655840605,-0.020882930399457697,-0.02089136091211354,-0.035248510781063,0.0159872280500098,72,fitted,
2014-02-28,2014-01-31,ML Random Forest + VRP,Random Forest,equity_ret + bond_ret + log_rv_ann + log_iv_ann + vrp_proxy + log_iv_rv,6,0.28002057852528334,0,0,0.3055555555555556,-0.029162151167578955,0.06883783694844543,0.63198765288483,0.36801234711516995,0.16886181476528606,0.030150681189109945,0.02998181937434466,0.0455158663927885,0.0163493295969697,72,fitted,
2014-03-31,2014-02-28,ML Random Forest + VRP,Random Forest,equity_ret + bond_ret + log_rv_ann + log_iv_ann + vrp_proxy + log_iv_rv,6,0.27991677938538556,0,0,0.3055555555555556,-0.027994505922220927,0.06883783694844543,0.6320499323687687,0.3679500676312313,0.00012455896787733067,0.004698342016266969,0.004698217457299092,0.0082954994542154,0.009683363565597,72,fitted,
2014-04-30,2014-03-31,ML Random Forest + VRP,Random Forest,equity_ret + bond_ret + log_rv_ann + log_iv_ann + vrp_proxy + log_iv_rv,6,0.2730338051389495,0,0,0.2916666666666667,-0.027994505922220927,0.06043256133499791,0.6361797169166303,0.36382028308336967,0.00825956909572323,0.00741201389688567,0.007403754327789947,0.0069518475292078,0.0162621120321702,72,fitted,
2014-05-31,2014-04-30,ML Random Forest + VRP,Random Forest,equity_ret + bond_ret + log_rv_ann + log_iv_ann + vrp_proxy + log_iv_rv,6,0.3622705750907025,0,0,0.2916666666666667,-0.027994505922220927,0.06043256133499791,0.5826376549455785,0.4173623450544215,0.10708412394210365,0.0184415258192494,0.018334441695307298,0.0232060193655998,0.0064799496520708,72,fitted,
2014-06-30,2014-05-31,ML Random Forest + VRP,Random Forest,equity_ret + bond_ret + log_rv_ann + log_iv_ann + vrp_proxy + log_iv_rv,6,0.27675246104595874,0,0,0.2916666666666667,-0.027994505922220927,0.06043256133499791,0.6339485233724248,0.3660514766275752,0.10262173685369258,0.012877379679305799,0.012774757942452105,0.0206450108571647,0.0032678749048789,72,fitted,
2014-07-31,2014-06-30,ML Random Forest + VRP,Random Forest,equity_ret + bond_ret + log_rv_ann + log_iv_ann + vrp_proxy + log_iv_rv,6,0.26960900432201895,0,0,0.2916666666666667,-0.0198485017927891,0.06043256133499791,0.6382345974067887,0.3617654025932113,0.008572148068727747,-0.009484290612134426,-0.009492862760203153,-0.0134380323126438,0.0103065016660115,72,fitted,
2014-08-31,2014-07-31,ML Random Forest + VRP,Random Forest,equity_ret + bond_ret + log_rv_ann + log_iv_ann + vrp_proxy + log_iv_rv,6,0.19962056477663792,0,0,0.2916666666666667,-0.0198485017927891,0.059200735261029695,0.6802276611340173,0.31977233886598266,0.08398612745445733,0.030520819809846018,0.03043683368239156,0.0394641530141997,0.006543651975585,72,fitted,
2014-09-30,2014-08-31,ML Random Forest + VRP,Random Forest,equity_ret + bond_ret + log_rv_ann + log_iv_ann + vrp_proxy + log_iv_rv,6,0.26701873024659667,0,0,0.2916666666666667,-0.0198485017927891,0.059200735261029695,0.6397887618520419,0.3602112381479581,0.08087779856395083,-0.011041284813963688,-0.01112216261252764,-0.0137960646349067,0.0083852752536563,72,fitted,
2014-10-31,2014-09-30,ML Random Forest + VRP,Random Forest,equity_ret + bond_ret + log_rv_ann + log_iv_ann + vrp_proxy + log_iv_rv,6,0.23315062592088368,0,0,0.3055555555555556,-0.01901977921669444,0.04186643298170308,0.6601096244474699,0.3398903755525301,0.04064172519085596,0.019162792097412396,0.01912215037222154,0.0235507941510688,0.0322112420841767,72,fitted,
2014-11-30,2014-10-31,ML Random Forest + VRP,Random Forest,equity_ret + bond_ret + log_rv_ann + log_iv_ann + vrp_proxy + log_iv_rv,6,0.42951201593713484,0,0,0.3194444444444444,-0.01793275884463846,0.04115087425286223,0.542292790437719,0.45770720956228095,0.2356336680195017,0.017905056805704197,0.017669423137684694,0.0274718902984996,0.0040727695658734,72,fitted,
2014-12-31,2014-11-30,ML Random Forest + VRP,Random Forest,equity_ret + bond_ret + log_rv_ann + log_iv_ann + vrp_proxy + log_iv_rv,6,0.25827023785672487,0,0,0.3333333333333333,-0.01625521920404206,0.03900163017787599,0.6450378572859651,0.3549621427140349,0.20549013369649205,-0.0011125700616733568,-0.0013180601953698488,-0.0025368191991439,0.0231050557664015,72,fitted,
2015-01-31,2014-12-31,ML Random Forest + VRP,Random Forest,equity_ret + bond_ret + log_rv_ann + log_iv_ann + vrp_proxy + log_iv_rv,6,0.3594210472901628,0,1,0.3194444444444444,-0.01625521920404206,0.0370475839007756,0.5843473716259023,0.41565262837409767,0.12138097132012549,-0.008783266864283417,-0.008904647835603543,-0.0296294039445595,0.0273729514320056,72,fitted,
2015-02-28,2015-01-31,ML Random Forest + VRP,Random Forest,equity_ret + bond_ret + log_rv_ann + log_iv_ann + vrp_proxy + log_iv_rv,6,0.5363067285240369,1,0,0.3333333333333333,-0.01625521920404206,0.03367208875240104,0.4782159628855779,0.5217840371144221,0.2122628174806489,0.02220908417564061,0.02199682135815996,0.0562047157616216,0.0123289611594899,72,fitted,
2015-03-31,2015-02-28,ML Random Forest + VRP,Random Forest,equity_ret + bond_ret + log_rv_ann + log_iv_ann + vrp_proxy + log_iv_rv,6,0.31367932294935785,0,1,0.3472222222222222,-0.01372445817045412,0.033347542089627,0.6117924062303853,0.38820759376961467,0.2671528866896149,-0.008153727592660674,-0.008420880479350289,-0.015705318762726,0.0196625988822306,72,fitted,
2015-04-30,2015-03-31,ML Random Forest + VRP,Random Forest,equity_ret + bond_ret + log_rv_ann + log_iv_ann + vrp_proxy + log_iv_rv,6,0.49208653690723836,0,0,0.3472222222222222,-0.015323467937162138,0.032774465592405745,0.504748077855657,0.495251922144343,0.21408865674945665,0.0033650547084033864,0.0031509660516539297,0.0098335988197435,0.0069824951346415,72,fitted,
2015-05-31,2015-04-30,ML Random Forest + VRP,Random Forest,equity_ret + bond_ret + log_rv_ann + log_iv_ann + vrp_proxy + log_iv_rv,6,0.31139869504776185,0,0,0.3472222222222222,-0.015323467937162138,0.03179099127707973,0.6131607829713429,0.3868392170286571,0.2168254102313718,0.0061907233178449435,0.005973897907613572,0.0128561307003343,0.011684481555973,72,fitted,
2015-06-30,2015-05-31,ML Random Forest + VRP,Random Forest,equity_ret + bond_ret + log_rv_ann + log_iv_ann + vrp_proxy + log_iv_rv,6,0.3308833293228509,0,1,0.3472222222222222,-0.015323467937162138,0.0300932244309903,0.6014700024062895,0.39852999759371055,0.02338156113010692,-0.016507789365802827,-0.016531170926932934,-0.0203115919609671,0.0126300938740652,72,fitted,
2015-07-31,2015-06-30,ML Random Forest + VRP,Random Forest,equity_ret + bond_ret + log_rv_ann + log_iv_ann + vrp_proxy + log_iv_rv,6,0.5049101499271502,1,0,0.3472222222222222,-0.01663707002960592,0.02949552625454857,0.4970539100437099,0.5029460899562901,0.20883218472515908,0.015564053093550325,0.015355220908825165,0.0225885702991868,0.0130861289347497,72,fitted,
2015-08-31,2015-07-31,ML Random Forest + VRP,Random Forest,equity_ret + bond_ret + log_rv_ann + log_iv_ann + vrp_proxy + log_iv_rv,6,0.2880747833034347,0,1,0.3333333333333333,-0.01663707002960592,0.027348668472675003,0.6271551300179392,0.3728448699820608,0.2602024399484586,-0.039476924952973405,-0.039737127392921866,-0.0609495604894528,0.0708891127570091,72,fitted,
2015-09-30,2015-08-31,ML Random Forest + VRP,Random Forest,equity_ret + bond_ret + log_rv_ann + log_iv_ann + vrp_proxy + log_iv_rv,6,0.7923032790413477,1,1,0.3333333333333333,-0.01793275884463846,0.02949552625454857,0.3246180325751914,0.6753819674248086,0.6050741948854956,-0.0028026316032800066,-0.003407705798165502,-0.0255163653773383,0.0488701190813771,72,fitted,
2015-10-31,2015-09-30,ML Random Forest + VRP,Random Forest,equity_ret + bond_ret + log_rv_ann + log_iv_ann + vrp_proxy + log_iv_rv,6,0.7626859353888409,1,0,0.3194444444444444,-0.01901977921669444,0.0300932244309903,0.3423884387666955,0.6576115612333044,0.03554081238300827,0.029574069339455562,0.029538528527072554,0.0850598819349353,0.0192470206457399,72,fitted,
2015-11-30,2015-10-31,ML Random Forest + VRP,Random Forest,equity_ret + bond_ret + log_rv_ann + log_iv_ann + vrp_proxy + log_iv_rv,6,0.2951521082036636,0,0,0.3333333333333333,-0.01793275884463846,0.02949552625454857,0.6229087350778018,0.37709126492219824,0.5610405926222124,0.0008095638531434779,0.00024852326052126543,0.0036551569603713,0.0134588757471278,72,fitted,
2015-12-31,2015-11-30,ML Random Forest + VRP,Random Forest,equity_ret + bond_ret + log_rv_ann + log_iv_ann + vrp_proxy + log_iv_rv,6,0.5303513025984359,1,1,0.3194444444444444,-0.01793275884463846,0.027348668472675003,0.48178921844093847,0.5182107815590615,0.28223903327372657,-0.009319633548959103,-0.009601872582232829,-0.0172824293324246,0.0322499404329786,72,fitted,
2016-01-31,2015-12-31,ML Random Forest + VRP,Random Forest,equity_ret + bond_ret + log_rv_ann + log_iv_ann + vrp_proxy + log_iv_rv,6,0.49191920554449253,0,1,0.3333333333333333,-0.0180152431418582,0.02949552625454857,0.5048484766733045,0.49515152332669554,0.04611851646473197,-0.01899174731324351,-0.019037865829708244,-0.0497869575816805,0.0530294566212985,72,fitted,
2016-02-29,2016-01-31,ML Random Forest + VRP,Random Forest,equity_ret + bond_ret + log_rv_ann + log_iv_ann + vrp_proxy + log_iv_rv,6,0.6392685928271348,1,1,0.3194444444444444,-0.0180152431418582,0.0300932244309903,0.41643884430371914,0.5835611556962809,0.17681926473917065,0.004832597003998811,0.00465577773925964,-0.0008256443239732,0.0390280071522599,72,fitted,
2016-03-31,2016-02-29,ML Random Forest + VRP,Random Forest,equity_ret + bond_ret + log_rv_ann + log_iv_ann + vrp_proxy + log_iv_rv,6,0.6673650226855341,1,0,0.3194444444444444,-0.0180152431418582,0.03177422765937823,0.39958098638867956,0.6004190136113204,0.03371571583007915,0.032129908379398664,0.032096192663568585,0.0672660877237718,0.0083737007573496,72,fitted,
2016-04-30,2016-03-31,ML Random Forest + VRP,Random Forest,equity_ret + bond_ret + log_rv_ann + log_iv_ann + vrp_proxy + log_iv_rv,6,0.25373441785443623,0,0,0.3194444444444444,-0.0180152431418582,0.03177422765937823,0.6477593492873381,0.35224065071266186,0.49635672579731716,0.0034510438114997827,0.0029546870857024656,0.0039410588202721,0.0099836167506883,72,fitted,
2016-05-31,2016-04-30,ML Random Forest + VRP,Random Forest,equity_ret + bond_ret + log_rv_ann + log_iv_ann + vrp_proxy + log_iv_rv,6,0.27066033066533984,0,0,0.3194444444444444,-0.0180152431418582,0.03177422765937823,0.6376038016007961,0.3623961983992039,0.020311095373084065,0.010895454801028721,0.010875143705655637,0.0170112297539695,0.011685875544568,72,fitted,
2016-06-30,2016-05-31,ML Random Forest + VRP,Random Forest,equity_ret + bond_ret + log_rv_ann + log_iv_ann + vrp_proxy + log_iv_rv,6,0.3711817892645663,0,1,0.3194444444444444,-0.01719994503520486,0.02949552625454857,0.5772909264412602,0.42270907355873977,0.12062575031907175,0.010186830166205888,0.010066204415886817,0.0034763530420491,0.0349160132281398,72,fitted,
2016-07-31,2016-06-30,ML Random Forest + VRP,Random Forest,equity_ret + bond_ret + log_rv_ann + log_iv_ann + vrp_proxy + log_iv_rv,6,0.49095120358048105,0,0,0.3333333333333333,-0.01663707002960592,0.02949552625454857,0.5054292778517113,0.4945707221482887,0.14372329717909782,0.021126265683185572,0.020982542386006473,0.0364710284772564,0.0079791447561163,72,fitted,
2016-08-31,2016-07-31,ML Random Forest + VRP,Random Forest,equity_ret + bond_ret + log_rv_ann + log_iv_ann + vrp_proxy + log_iv_rv,6,0.2884252814348892,0,0,0.3194444444444444,-0.01663707002960592,0.027348668472675003,0.6269448311390665,0.3730551688609335,0.2430311065747104,-5.261921651281967e-05,-0.0002956503230875301,0.0011974654720063,0.0026413094086102,72,fitted,
2016-09-30,2016-08-31,ML Random Forest + VRP,Random Forest,equity_ret + bond_ret + log_rv_ann + log_iv_ann + vrp_proxy + log_iv_rv,6,0.28518899320535385,0,0,0.3194444444444444,-0.015323467937162138,0.027348668472675003,0.6288866040767876,0.37111339592321235,0.0038835458754422625,0.00022822175000344124,0.000224338204127999,5.8425491511693295e-05,0.0193310506087537,72,fitted,
2016-10-31,2016-09-30,ML Random Forest + VRP,Random Forest,equity_ret + bond_ret + log_rv_ann + log_iv_ann + vrp_proxy + log_iv_rv,6,0.43295916455107303,0,1,0.3194444444444444,-0.015323467937162138,0.026809032298505474,0.5402245012693562,0.45977549873064383,0.17732420561486295,-0.01312318183802412,-0.013300506043638983,-0.0173372667020604,0.0045127851148509,72,fitted,
2016-11-30,2016-10-31,ML Random Forest + VRP,Random Forest,equity_ret + bond_ret + log_rv_ann + log_iv_ann + vrp_proxy + log_iv_rv,6,0.3380081353166311,0,0,0.3194444444444444,-0.01663707002960592,0.026809032298505474,0.5971951188100213,0.4028048811899787,0.11394123508133025,0.011665861482232236,0.011551920247150906,0.0368383640292446,0.0111910308336225,72,fitted,
2016-12-31,2016-11-30,ML Random Forest + VRP,Random Forest,equity_ret + bond_ret + log_rv_ann + log_iv_ann + vrp_proxy + log_iv_rv,6,0.43359648682341373,0,0,0.3194444444444444,-0.01663707002960592,0.026809032298505474,0.5398421079059519,0.4601578920940481,0.11470602180813882,0.012112711093885524,0.011998005072077385,0.0202717664609688,0.0063208434705503,72,fitted,
2017-01-31,2016-12-31,ML Random Forest + VRP,Random Forest,equity_ret + bond_ret + log_rv_ann + log_iv_ann + vrp_proxy + log_iv_rv,6,0.3022021613000112,0,0,0.3194444444444444,-0.01663707002960592,0.026809032298505474,0.6186787032199933,0.3813212967800067,0.15767319062808283,0.011882634712463256,0.011724961521835173,0.0178946523171026,0.0043110840112382,72,fitted,
2017-02-28,2017-01-31,ML Random Forest + VRP,Random Forest,equity_ret + bond_ret + log_rv_ann + log_iv_ann + vrp_proxy + log_iv_rv,6,0.29412839536968555,0,0,0.3194444444444444,-0.01663707002960592,0.026809032298505474,0.6235229627781886,0.37647703722181136,0.009688519116390681,0.026930758510543995,0.026921069991427606,0.0392915362557069,0.0031851732529309,72,fitted,
2017-03-31,2017-02-28,ML Random Forest + VRP,Random Forest,equity_ret + bond_ret + log_rv_ann + log_iv_ann + vrp_proxy + log_iv_rv,6,0.1446005000301738,0,0,0.3194444444444444,-0.01663707002960592,0.026809032298505474,0.7132396999818957,0.28676030001810426,0.1794334744074142,0.0007330801258285702,0.000553646651421156,0.0012500669692114,0.0045255027533027,72,fitted,
2017-04-30,2017-03-31,ML Random Forest + VRP,Random Forest,equity_ret + bond_ret + log_rv_ann + log_iv_ann + vrp_proxy + log_iv_rv,6,0.2451079743234162,0,0,0.3194444444444444,-0.01663707002960592,0.026592152051570176,0.6529352154059505,0.34706478459404955,0.12060896915189057,0.009628951494242591,0.009508342525090701,0.0099260101203619,0.0051054340649919,72,fitted,
2017-05-31,2017-04-30,ML Random Forest + VRP,Random Forest,equity_ret + bond_ret + log_rv_ann + log_iv_ann + vrp_proxy + log_iv_rv,6,0.21013880789679784,0,0,0.3194444444444444,-0.01663707002960592,0.026592152051570176,0.6739167152619214,0.32608328473807857,0.04196299971194195,0.011751490989212778,0.011709527989500836,0.0141130016792141,0.005987699963594,72,fitted,
2017-06-30,2017-05-31,ML Random Forest + VRP,Random Forest,equity_ret + bond_ret + log_rv_ann + log_iv_ann + vrp_proxy + log_iv_rv,6,0.24644669180348278,0,0,0.3194444444444444,-0.01663707002960592,0.026592152051570176,0.6521319849179105,0.34786801508208953,0.04356946068802192,0.00409387207669608,0.004050302616008058,0.0063750149976713,0.0047988397358414,72,fitted,
2017-07-31,2017-06-30,ML Random Forest + VRP,Random Forest,equity_ret + bond_ret + log_rv_ann + log_iv_ann + vrp_proxy + log_iv_rv,6,0.20285584342622667,0,0,0.3194444444444444,-0.015323467937162138,0.026592152051570176,0.6782864939442641,0.3217135060557359,0.05230901805270727,0.015015947899058843,0.014963638881006136,0.0205540626266318,0.0031085303636449,72,fitted,
2017-08-31,2017-07-31,ML Random Forest + VRP,Random Forest,equity_ret + bond_ret + log_rv_ann + log_iv_ann + vrp_proxy + log_iv_rv,6,0.18261714311072197,0,0,0.3194444444444444,-0.01372445817045412,0.026519372298884798,0.6904297141335669,0.3095702858664331,0.02428644037860561,0.00492847851877477,0.0049041920783961645,0.0029176592589472,0.0091542658595658,72,fitted,
2017-09-30,2017-08-31,ML Random Forest + VRP,Random Forest,equity_ret + bond_ret + log_rv_ann + log_iv_ann + vrp_proxy + log_iv_rv,6,0.3614656054420919,0,0,0.3333333333333333,-0.0134193829272716,0.022937083002415544,0.5831206367347448,0.4168793632652552,0.21461815479764423,0.00936678310587267,0.009152164951075025,0.0201494694043284,0.003303149973887,72,fitted,
2017-10-31,2017-09-30,ML Random Forest + VRP,Random Forest,equity_ret + bond_ret + log_rv_ann + log_iv_ann + vrp_proxy + log_iv_rv,6,0.4034363612300627,0,0,0.3333333333333333,-0.012010978448615412,0.02183809677043545,0.5579381832619624,0.44206181673803757,0.050364906945564725,0.013579836253258875,0.013529471346313311,0.0235640599878685,0.0025804918545498,72,fitted,
2017-11-30,2017-10-31,ML Random Forest + VRP,Random Forest,equity_ret + bond_ret + log_rv_ann + log_iv_ann + vrp_proxy + log_iv_rv,6,0.4417833781556223,0,0,0.3333333333333333,-0.012010978448615412,0.020036292629478442,0.5349299731066266,0.4650700268933734,0.04601642031067166,0.015661179853044518,0.015615163432733847,0.0305659512903513,0.0044864660920446,72,fitted,
2017-12-31,2017-11-30,ML Random Forest + VRP,Random Forest,equity_ret + bond_ret + log_rv_ann + log_iv_ann + vrp_proxy + log_iv_rv,6,0.4546249725965856,0,0,0.3194444444444444,-0.012010978448615412,0.019596289227535223,0.5272250164420487,0.47277498355795133,0.015409913329155867,0.008640450500593543,0.008625040587264387,0.0121280447504534,0.0037377996842623,72,fitted,
2018-01-31,2017-12-31,ML Random Forest + VRP,Random Forest,equity_ret + bond_ret + log_rv_ann + log_iv_ann + vrp_proxy + log_iv_rv,6,0.31485949263752094,0,0,0.3194444444444444,-0.012010978448615412,0.01931424461615094,0.6110843044174874,0.3889156955825126,0.16771857595087747,0.030064814250596428,0.02989709567464555,0.0563590508865274,0.0088455913877699,72,fitted,
2018-02-28,2018-01-31,ML Random Forest + VRP,Random Forest,equity_ret + bond_ret + log_rv_ann + log_iv_ann + vrp_proxy + log_iv_rv,6,0.5674691088190573,1,1,0.3194444444444444,-0.012010978448615412,0.01931424461615094,0.45951853470856563,0.5404814652914344,0.30313153941784354,-0.022160446087039612,-0.022463577626457454,-0.0363602968309803,0.0693817661865629,72,fitted,
2018-03-31,2018-02-28,ML Random Forest + VRP,Random Forest,equity_ret + bond_ret + log_rv_ann + log_iv_ann + vrp_proxy + log_iv_rv,6,0.5520714171782565,1,1,0.3194444444444444,-0.0134193829272716,0.019596289227535223,0.46875714969304616,0.5312428503069538,0.018477229968961062,-0.009283440226315198,-0.00930191745628416,-0.0274106125187965,0.0391566421627034,72,fitted,
2018-04-30,2018-03-31,ML Random Forest + VRP,Random Forest,equity_ret + bond_ret + log_rv_ann + log_iv_ann + vrp_proxy + log_iv_rv,6,0.5368686671903538,1,1,0.3194444444444444,-0.01372445817045412,0.020036292629478442,0.4778787996857878,0.5221212003142122,0.018243299985483297,-0.0024438645222951017,-0.002462107822280585,0.0051679530466695,0.0280178091882417,72,fitted,
2018-05-31,2018-04-30,ML Random Forest + VRP,Random Forest,equity_ret + bond_ret + log_rv_ann + log_iv_ann + vrp_proxy + log_iv_rv,6,0.5490849696207509,1,0,0.3194444444444444,-0.01372445817045412,0.02183809677043545,0.47054901822754946,0.5294509817724505,0.014659562916476687,0.014943238512015707,0.01492857894909923,0.0243094062948869,0.0110016758787904,72,fitted,
2018-06-30,2018-05-31,ML Random Forest + VRP,Random Forest,equity_ret + bond_ret + log_rv_ann + log_iv_ann + vrp_proxy + log_iv_rv,6,0.5287533861222097,1,0,0.3194444444444444,-0.0134193829272716,0.02183809677043545,0.4827479683266742,0.5172520316733258,0.0243979001982495,0.003306908211840461,0.0032825103116422114,0.0057506380670362,0.0069522162226171,72,fitted,
2018-07-31,2018-06-30,ML Random Forest + VRP,Random Forest,equity_ret + bond_ret + log_rv_ann + log_iv_ann + vrp_proxy + log_iv_rv,6,0.30381770047592715,0,0,0.3194444444444444,-0.0134193829272716,0.020036292629478442,0.6177093797144437,0.38229062028555627,0.26992282277553903,0.022772154139967412,0.022502231317191874,0.0370465593619937,0.0074932326452525,72,fitted,
2018-08-31,2018-07-31,ML Random Forest + VRP,Random Forest,equity_ret + bond_ret + log_rv_ann + log_iv_ann + vrp_proxy + log_iv_rv,6,0.5519943143482882,1,0,0.3194444444444444,-0.0134193829272716,0.020036292629478442,0.4688034113910271,0.5311965886089729,0.29781193664683325,0.017981547855186276,0.017683735918539445,0.0319200726736803,0.0051995850054083,72,fitted,
2018-09-30,2018-08-31,ML Random Forest + VRP,Random Forest,equity_ret + bond_ret + log_rv_ann + log_iv_ann + vrp_proxy + log_iv_rv,6,0.3945956088379961,0,0,0.3194444444444444,-0.0134193829272716,0.020036292629478442,0.5632426346972024,0.43675736530279763,0.18887844661235054,0.0006420969935843719,0.0004532185469720213,0.0059453879165258,0.0028989515877322,72,fitted,
2018-10-31,2018-09-30,ML Random Forest + VRP,Random Forest,equity_ret + bond_ret + log_rv_ann + log_iv_ann + vrp_proxy + log_iv_rv,6,0.3876855716334711,0,1,0.3194444444444444,-0.0134193829272716,0.020036292629478442,0.5673886570199174,0.43261134298008264,0.008292044645429986,-0.04199524696209387,-0.0420035390067393,-0.0691042387374787,0.0541512353077064,72,fitted,
2018-11-30,2018-10-31,ML Random Forest + VRP,Random Forest,equity_ret + bond_ret + log_rv_ann + log_iv_ann + vrp_proxy + log_iv_rv,6,0.7102322192203846,1,1,0.3055555555555556,-0.0134193829272716,0.02183809677043545,0.3738606684677692,0.6261393315322308,0.3870559771042963,0.011765716232212384,0.011378660255108088,0.0185491980903704,0.0337290643444268,72,fitted,
2018-12-31,2018-11-30,ML Random Forest + VRP,Random Forest,equity_ret + bond_ret + log_rv_ann + log_iv_ann + vrp_proxy + log_iv_rv,6,0.49773622498874404,0,1,0.3055555555555556,-0.0134193829272716,0.022509987826379294,0.5013582650067536,0.4986417349932464,0.2549951930779688,-0.034264926464911485,-0.03451992165798946,-0.0880482601435995,0.0819994357360099,72,fitted,
2019-01-31,2018-12-31,ML Random Forest + VRP,Random Forest,equity_ret + bond_ret + log_rv_ann + log_iv_ann + vrp_proxy + log_iv_rv,6,0.6785098071873513,1,1,0.2916666666666667,-0.01372445817045412,0.026519372298884798,0.3928941156875892,0.6071058843124109,0.2169282986383289,0.036987400446786514,0.03677047214814819,0.0800652766185778,0.0348266773224755,72,fitted,
2019-02-28,2019-01-31,ML Random Forest + VRP,Random Forest,equity_ret + bond_ret + log_rv_ann + log_iv_ann + vrp_proxy + log_iv_rv,6,0.6085873237159894,1,0,0.3055555555555556,-0.01372445817045412,0.027888837636994485,0.4348476057704064,0.5651523942295936,0.08390698016563441,0.013452883304403031,0.013368976324237397,0.0324160808511369,0.010145527749623,72,fitted,
2019-03-31,2019-02-28,ML Random Forest + VRP,Random Forest,equity_ret + bond_ret + log_rv_ann + log_iv_ann + vrp_proxy + log_iv_rv,6,0.4309510589926965,0,0,0.3055555555555556,-0.01372445817045412,0.027888837636994485,0.5414293646043822,0.4585706353956178,0.2131635176679516,0.01953387221315988,0.019320708695491927,0.0181005597670835,0.0134174937530691,72,fitted,
2019-04-30,2019-03-31,ML Random Forest + VRP,Random Forest,equity_ret + bond_ret + log_rv_ann + log_iv_ann + vrp_proxy + log_iv_rv,6,0.42921673023039114,0,0,0.3055555555555556,-0.01372445817045412,0.027888837636994485,0.5424699618617654,0.45753003813823456,0.0020811945147665156,0.021244714387674078,0.021242633193159312,0.0408522807714701,0.0045284274287446,72,fitted,
2019-05-31,2019-04-30,ML Random Forest + VRP,Random Forest,equity_ret + bond_ret + log_rv_ann + log_iv_ann + vrp_proxy + log_iv_rv,6,0.2581047638110397,0,1,0.3055555555555556,-0.01372445817045412,0.027888837636994485,0.6451371417133762,0.3548628582866238,0.20533435970322156,-0.034360782949121774,-0.034566117308824994,-0.0637715446163655,0.0232894863692865,72,fitted,
2019-06-30,2019-05-31,ML Random Forest + VRP,Random Forest,equity_ret + bond_ret + log_rv_ann + log_iv_ann + vrp_proxy + log_iv_rv,6,0.5189078162607561,1,0,0.3055555555555556,-0.015323467937162138,0.027888837636994485,0.48865531024354636,0.5113446897564536,0.3129636629396597,0.039621712184790485,0.039308748521850824,0.0695869836370073,0.0150522029767334,72,fitted,
2019-07-31,2019-06-30,ML Random Forest + VRP,Random Forest,equity_ret + bond_ret + log_rv_ann + log_iv_ann + vrp_proxy + log_iv_rv,6,0.3606049672877058,0,0,0.2916666666666667,-0.015323467937162138,0.026556258419461798,0.5836370196273766,0.4163629803726234,0.18996341876766043,0.009581088123966556,0.009391124705198895,0.015119155506172,0.0063572894106064,72,fitted,
2019-08-31,2019-07-31,ML Random Forest + VRP,Random Forest,equity_ret + bond_ret + log_rv_ann + log_iv_ann + vrp_proxy + log_iv_rv,6,0.25836079821094227,0,1,0.2916666666666667,-0.015323467937162138,0.026556258419461798,0.6449835210734346,0.3550164789265654,0.12269300289211604,-0.0009196198018349231,-0.0010423128047270392,-0.0167431178325256,0.0529314210345212,72,fitted,
2019-09-30,2019-08-31,ML Random Forest + VRP,Random Forest,equity_ret + bond_ret + log_rv_ann + log_iv_ann + vrp_proxy + log_iv_rv,6,0.7064840212047204,1,0,0.2916666666666667,-0.015323467937162138,0.027888837636994485,0.37610958727716776,0.6238904127228322,0.5377478675925336,0.003499129931265887,0.0029613820636733533,0.019457607137904,0.0069507188464891,72,fitted,
2019-10-31,2019-09-30,ML Random Forest + VRP,Random Forest,equity_ret + bond_ret + log_rv_ann + log_iv_ann + vrp_proxy + log_iv_rv,6,0.5137455423860161,1,0,0.2916666666666667,-0.015323467937162138,0.027888837636994485,0.49175267456839034,0.5082473254316097,0.2312861745824451,0.011927998543654948,0.011696712369072503,0.022104910520698,0.0121560388082833,72,fitted,
2019-11-30,2019-10-31,ML Random Forest + VRP,Random Forest,equity_ret + bond_ret + log_rv_ann + log_iv_ann + vrp_proxy + log_iv_rv,6,0.4106513378100614,0,0,0.2916666666666667,-0.015323467937162138,0.027888837636994485,0.5536091973139632,0.4463908026860368,0.1237130454911457,0.019885312089245207,0.01976159904375406,0.0361980390510503,0.0037265753735674,72,fitted,
2019-12-31,2019-11-30,ML Random Forest + VRP,Random Forest,equity_ret + bond_ret + log_rv_ann + log_iv_ann + vrp_proxy + log_iv_rv,6,0.25673247801534466,0,0,0.2916666666666667,-0.015323467937162138,0.027888837636994485,0.6459605131907933,0.3540394868092067,0.1847026317536602,0.018603049438344104,0.018418346806590442,0.0290553857921926,0.0058181637561704,72,fitted,
2020-01-31,2019-12-31,ML Random Forest + VRP,Random Forest,equity_ret + bond_ret + log_rv_ann + log_iv_ann + vrp_proxy + log_iv_rv,6,0.280623581305054,0,0,0.2916666666666667,-0.015323467937162138,0.027888837636994485,0.6316258512169677,0.3683741487830323,0.028669323947651204,0.0072192150380767425,0.007190545714129091,-0.0004039100321869,0.0142020296605696,72,fitted,
2020-02-29,2020-01-31,ML Random Forest + VRP,Random Forest,equity_ret + bond_ret + log_rv_ann + log_iv_ann + vrp_proxy + log_iv_rv,6,0.40315427571205076,0,1,0.2916666666666667,-0.01372445817045412,0.027888837636994485,0.5581074345727696,0.44189256542723043,0.14703683328839623,-0.037180435483629475,-0.03732747231691787,-0.0791656798108233,0.0634267713446377,72,fitted,
2020-03-31,2020-02-29,ML Random Forest + VRP,Random Forest,equity_ret + bond_ret + log_rv_ann + log_iv_ann + vrp_proxy + log_iv_rv,6,0.5679568611655542,1,1,0.2777777777777778,-0.015323467937162138,0.03137255550498972,0.4592258833006675,0.5407741166993325,0.19776310254420415,-0.06019275923802479,-0.060390522340569,-0.1248710855259812,0.8051106406451516,72,fitted,
2020-04-30,2020-03-31,ML Random Forest + VRP,Random Forest,equity_ret + bond_ret + log_rv_ann + log_iv_ann + vrp_proxy + log_iv_rv,6,0.8064302743731236,1,1,0.2638888888888889,-0.01653555801856568,0.03224220076321822,0.31614183537612583,0.6838581646238742,0.2861680958490833,0.05190078488616099,0.05161461679031191,0.1269835643306984,0.1613253614718995,72,fitted,
2020-05-31,2020-04-30,ML Random Forest + VRP,Random Forest,equity_ret + bond_ret + log_rv_ann + log_iv_ann + vrp_proxy + log_iv_rv,6,0.6257576945542975,1,1,0.2777777777777778,-0.01653555801856568,0.03343323956213717,0.4245453832674215,0.5754546167325785,0.21680709578259133,0.0240977294242727,0.02388092232849011,0.0476451398891062,0.0477456220094945,72,fitted,
2020-06-30,2020-05-31,ML Random Forest + VRP,Random Forest,equity_ret + bond_ret + log_rv_ann + log_iv_ann + vrp_proxy + log_iv_rv,6,0.5405407323443973,1,1,0.2777777777777778,-0.01653555801856568,0.03460715472686576,0.4756755605933617,0.5243244394066383,0.10226035465188038,0.011891751609293566,0.011789491254641685,0.0177345013421075,0.0850247449024201,72,fitted,
2020-07-31,2020-06-30,ML Random Forest + VRP,Random Forest,equity_ret + bond_ret + log_rv_ann + log_iv_ann + vrp_proxy + log_iv_rv,6,0.6508310355008996,1,0,0.2777777777777778,-0.01653555801856568,0.03489814604700694,0.40950137869946024,0.5904986213005398,0.1323483637878029,0.031988919289948715,0.03185657092616091,0.058892149898498,0.0181833778382797,72,fitted,
2020-08-31,2020-07-31,ML Random Forest + VRP,Random Forest,equity_ret + bond_ret + log_rv_ann + log_iv_ann + vrp_proxy + log_iv_rv,6,0.5133413365916394,1,0,0.2777777777777778,-0.01653555801856568,0.03489814604700694,0.4919951980450164,0.5080048019549837,0.16498763869111227,0.03015577502288112,0.029990787384190008,0.0697968738185985,0.0089494184556946,72,fitted,
2020-09-30,2020-08-31,ML Random Forest + VRP,Random Forest,equity_ret + bond_ret + log_rv_ann + log_iv_ann + vrp_proxy + log_iv_rv,6,0.4752477626600419,0,1,0.2777777777777778,-0.01653555801856568,0.03489814604700694,0.5148513424039749,0.4851486575960251,0.04571228871791705,-0.0197501332109514,-0.019795845499669316,-0.0374436483963509,0.0584435139542133,72,fitted,
2020-10-31,2020-09-30,ML Random Forest + VRP,Random Forest,equity_ret + bond_ret + log_rv_ann + log_iv_ann + vrp_proxy + log_iv_rv,6,0.6521185500887033,1,1,0.2777777777777778,-0.0171745670324448,0.0382056083674359,0.408728869946778,0.5912711300532221,0.21224494491439388,-0.013492161382893499,-0.013704406327807893,-0.0249336012019394,0.0417113427069923,72,fitted,
2020-11-30,2020-10-31,ML Random Forest + VRP,Random Forest,equity_ret + bond_ret + log_rv_ann + log_iv_ann + vrp_proxy + log_iv_rv,6,0.7046913964795897,1,0,0.2638888888888889,-0.01732629922813324,0.0391309151606147,0.3771851621122462,0.6228148378877538,0.06308741566906356,0.04854496003409414,0.04848187261842508,0.1087766095892315,0.0313735993757135,72,fitted,
2020-12-31,2020-11-30,ML Random Forest + VRP,Random Forest,equity_ret + bond_ret + log_rv_ann + log_iv_ann + vrp_proxy + log_iv_rv,6,0.5269389349227684,1,0,0.2638888888888889,-0.01732629922813324,0.0391309151606147,0.48383663904633895,0.5161633609536611,0.21330295386818549,0.018368006463954752,0.018154703510086568,0.037048736202923,0.0067159522540785,72,fitted,
2021-01-31,2020-12-31,ML Random Forest + VRP,Random Forest,equity_ret + bond_ret + log_rv_ann + log_iv_ann + vrp_proxy + log_iv_rv,6,0.4723727306484099,0,0,0.2638888888888889,-0.01732629922813324,0.0391309151606147,0.5165763616109541,0.4834236383890459,0.06547944512923037,-0.008863759735159495,-0.008929239180288725,-0.0101906258057092,0.0245146166345033,72,fitted,
2021-02-28,2021-01-31,ML Random Forest + VRP,Random Forest,equity_ret + bond_ret + log_rv_ann + log_iv_ann + vrp_proxy + log_iv_rv,6,0.6646186333835827,1,0,0.2638888888888889,-0.0171745670324448,0.0391309151606147,0.4012288199698504,0.5987711800301496,0.23069508328220745,0.00206652132565935,0.0018358262423771427,0.0278056149599641,0.0239993198244283,72,fitted,
2021-03-31,2021-02-28,ML Random Forest + VRP,Random Forest,equity_ret + bond_ret + log_rv_ann + log_iv_ann + vrp_proxy + log_iv_rv,6,0.61087345550396,1,0,0.2638888888888889,-0.0171745670324448,0.0391309151606147,0.433475926697624,0.566524073302376,0.06449421345554729,0.013185038077586302,0.013120543864130755,0.0453989969246546,0.0211477529194429,72,fitted,
2021-04-30,2021-03-31,ML Random Forest + VRP,Random Forest,equity_ret + bond_ret + log_rv_ann + log_iv_ann + vrp_proxy + log_iv_rv,6,0.5810735118625912,1,0,0.2638888888888889,-0.0171745670324448,0.0391309151606147,0.4513558928824453,0.5486441071175547,0.03575993236964253,0.027897711951639852,0.02786195201927021,0.0529105803307079,0.011960095705553,72,fitted,
2021-05-31,2021-04-30,ML Random Forest + VRP,Random Forest,equity_ret + bond_ret + log_rv_ann + log_iv_ann + vrp_proxy + log_iv_rv,6,0.4295799481348658,0,0,0.2638888888888889,-0.0171745670324448,0.0391309151606147,0.5422520311190806,0.4577479688809194,0.18179227647327062,0.004493447543456656,0.004311655266983385,0.0065659769961186,0.0184358368555118,72,fitted,
2021-06-30,2021-05-31,ML Random Forest + VRP,Random Forest,equity_ret + bond_ret + log_rv_ann + log_iv_ann + vrp_proxy + log_iv_rv,6,0.437112936214614,0,0,0.2638888888888889,-0.0171745670324448,0.0391309151606147,0.5377322382712316,0.4622677617287684,0.00903958569569796,0.015887182146484782,0.015878142560789083,0.0224276872580317,0.0076236756644047,72,fitted,
2021-07-31,2021-06-30,ML Random Forest + VRP,Random Forest,equity_ret + bond_ret + log_rv_ann + log_iv_ann + vrp_proxy + log_iv_rv,6,0.23990881012137474,0,0,0.25,-0.015432619427162312,0.0391309151606147,0.6560547139271752,0.3439452860728248,0.23664495131188712,0.01985641175778541,0.019619766806473524,0.0244125006416975,0.0126017914009117,72,fitted,
2021-08-31,2021-07-31,ML Random Forest + VRP,Random Forest,equity_ret + bond_ret + log_rv_ann + log_iv_ann + vrp_proxy + log_iv_rv,6,0.34580662209805574,0,0,0.25,-0.015432619427162312,0.0391309151606147,0.5925160267411664,0.40748397325883357,0.1270773743720175,0.016816593134867126,0.016689515760495106,0.0297596367958095,0.0072916961285565,72,fitted,
2021-09-30,2021-08-31,ML Random Forest + VRP,Random Forest,equity_ret + bond_ret + log_rv_ann + log_iv_ann + vrp_proxy + log_iv_rv,6,0.5160987757358582,1,1,0.2638888888888889,-0.00831762950936199,0.0382056083674359,0.49034073455848515,0.5096592654415149,0.20435058436536258,-0.027527258932965527,-0.02773160951733089,-0.0466053391645534,0.0169393666259173,72,fitted,
2021-10-31,2021-09-30,ML Random Forest + VRP,Random Forest,equity_ret + bond_ret + log_rv_ann + log_iv_ann + vrp_proxy + log_iv_rv,6,0.6069079331508207,1,0,0.2777777777777778,-0.00831762950936199,0.03489814604700694,0.4358552401095076,0.5641447598904924,0.10897098889795509,0.030531833460055252,0.030422862471157296,0.070163231687061,0.0138465001309024,72,fitted,
2021-11-30,2021-10-31,ML Random Forest + VRP,Random Forest,equity_ret + bond_ret + log_rv_ann + log_iv_ann + vrp_proxy + log_iv_rv,6,0.5639402410822709,1,0,0.2777777777777778,-0.00831762950936199,0.03489814604700694,0.46163585535063745,0.5383641446493626,0.05156123048225969,-0.0022509092634145,-0.00230247049389676,-0.0080346346338684,0.0158472021138178,72,fitted,
2021-12-31,2021-11-30,ML Random Forest + VRP,Random Forest,equity_ret + bond_ret + log_rv_ann + log_iv_ann + vrp_proxy + log_iv_rv,6,0.5512046251616372,1,0,0.2777777777777778,-0.009759427571341038,0.03489814604700694,0.4692772249030177,0.5307227750969823,0.015282739104760523,0.019799160769364284,0.019783878030259522,0.0462477179391753,0.0280975939519886,72,fitted,
2022-01-31,2021-12-31,ML Random Forest + VRP,Random Forest,equity_ret + bond_ret + log_rv_ann + log_iv_ann + vrp_proxy + log_iv_rv,6,0.5786240689415159,1,1,0.2777777777777778,-0.006592836571889351,0.03489814604700694,0.4528255586350905,0.5471744413649096,0.03290333253585448,-0.03481836990705246,-0.034851273239588317,-0.0527411838705357,0.0333761810708161,72,fitted,
2022-02-28,2022-01-31,ML Random Forest + VRP,Random Forest,equity_ret + bond_ret + log_rv_ann + log_iv_ann + vrp_proxy + log_iv_rv,6,0.60344724643262,1,1,0.2916666666666667,-0.006592836571889351,0.03460715472686576,0.437931652140428,0.562068347859572,0.02978781298932498,-0.019365881880727392,-0.019395669693716717,-0.0295169814791933,0.0549600150805621,72,fitted,
2022-03-31,2022-02-28,ML Random Forest + VRP,Random Forest,equity_ret + bond_ret + log_rv_ann + log_iv_ann + vrp_proxy + log_iv_rv,6,0.7106815006480045,1,1,0.2777777777777778,-0.009759427571341038,0.03460715472686576,0.3735910996111973,0.6264089003888027,0.12868110505846136,-0.003572366840996202,-0.0037010479460546633,0.0375903093946135,0.0508991242086973,72,fitted,
2022-04-30,2022-03-31,ML Random Forest + VRP,Random Forest,equity_ret + bond_ret + log_rv_ann + log_iv_ann + vrp_proxy + log_iv_rv,6,0.6833349267603716,1,1,0.2777777777777778,-0.009759427571341038,0.03489814604700694,0.38999904394377705,0.610000956056223,0.0328158886651595,-0.0574457606837425,-0.05747857657240766,-0.0877689610309558,0.0650108003515997,72,fitted,
2022-05-31,2022-04-30,ML Random Forest + VRP,Random Forest,equity_ret + bond_ret + log_rv_ann + log_iv_ann + vrp_proxy + log_iv_rv,6,0.7325004525756923,1,1,0.2638888888888889,-0.015432619427162312,0.0383085163757907,0.36049972845458467,0.6395002715454153,0.05899863097838476,0.005677708393912161,0.005618709762933776,0.0022570559091426,0.0940260584652756,72,fitted,
2022-06-30,2022-05-31,ML Random Forest + VRP,Random Forest,equity_ret + bond_ret + log_rv_ann + log_iv_ann + vrp_proxy + log_iv_rv,6,0.6555767008726724,1,1,0.2777777777777778,-0.015432619427162312,0.04120040259813453,0.4066539794763966,0.5933460205236034,0.09230850204362384,-0.042747659321279295,-0.042839967823322916,-0.082460269627578,0.0889215252801937,72,fitted,
2022-07-31,2022-06-30,ML Random Forest + VRP,Random Forest,equity_ret + bond_ret + log_rv_ann + log_iv_ann + vrp_proxy + log_iv_rv,6,0.8159285250531024,1,0,0.2916666666666667,-0.01721843692815344,0.04653876614899408,0.31044288496813854,0.6895571150318615,0.1924221890165161,0.04608944939924618,0.04589702721022967,0.0920873250468234,0.0382937338439917,72,fitted,
2022-08-31,2022-07-31,ML Random Forest + VRP,Random Forest,equity_ret + bond_ret + log_rv_ann + log_iv_ann + vrp_proxy + log_iv_rv,6,0.5457394048196516,1,1,0.2916666666666667,-0.01721843692815344,0.04653876614899408,0.4725563571082091,0.5274436428917909,0.3242269442801411,-0.0353275663806915,-0.03565179332497164,-0.0408018508723103,0.03964988655659,72,fitted,
2022-09-30,2022-08-31,ML Random Forest + VRP,Random Forest,equity_ret + bond_ret + log_rv_ann + log_iv_ann + vrp_proxy + log_iv_rv,6,0.7217850787008159,1,1,0.2916666666666667,-0.02341433430196359,0.04653876614899408,0.3669289527795105,0.6330710472204895,0.21125480865739715,-0.060161795101736804,-0.0603730499103942,-0.0924459211402304,0.0607277089411956,72,fitted,
2022-10-31,2022-09-30,ML Random Forest + VRP,Random Forest,equity_ret + bond_ret + log_rv_ann + log_iv_ann + vrp_proxy + log_iv_rv,6,0.7713096894751341,1,1,0.2777777777777778,-0.026915210255425075,0.050268423768856756,0.33721418631491956,0.6627858136850804,0.05942953292918185,0.018933742095786417,0.018874312562857234,0.081275540632878,0.0769434253227362,72,fitted,
2022-11-30,2022-10-31,ML Random Forest + VRP,Random Forest,equity_ret + bond_ret + log_rv_ann + log_iv_ann + vrp_proxy + log_iv_rv,6,0.6819157479160289,1,1,0.2777777777777778,-0.026915210255425075,0.052524961669356426,0.39085055125038265,0.6091494487496174,0.10727272987092606,0.04492691255256719,0.04481963982269627,0.0555915071749977,0.0740758740770046,72,fitted,
2022-12-31,2022-11-30,ML Random Forest + VRP,Random Forest,equity_ret + bond_ret + log_rv_ann + log_iv_ann + vrp_proxy + log_iv_rv,6,0.6265060123439735,1,1,0.2777777777777778,-0.026915210255425075,0.053907272453069366,0.42409639259361587,0.5759036074063841,0.06649168268646649,-0.02945300524640618,-0.029519496929092646,-0.0576283212677928,0.0330097876182882,72,fitted,
2023-01-31,2022-12-31,ML Random Forest + VRP,Random Forest,equity_ret + bond_ret + log_rv_ann + log_iv_ann + vrp_proxy + log_iv_rv,6,0.6417655905688048,1,0,0.2777777777777778,-0.029095707687113937,0.053907272453069366,0.41494064565871713,0.5850593543412829,0.01831149386979747,0.04557829521365296,0.04555998371978316,0.0628875637028856,0.0270783137113775,72,fitted,
2023-02-28,2023-01-31,ML Random Forest + VRP,Random Forest,equity_ret + bond_ret + log_rv_ann + log_iv_ann + vrp_proxy + log_iv_rv,6,0.41648940050710015,0,0,0.2777777777777778,-0.029095707687113937,0.053907272453069366,0.55010635969574,0.44989364030426005,0.27033142807404564,-0.025823687769372623,-0.02609401919744667,-0.0251428085962797,0.0257109474056733,72,fitted,
2023-03-31,2023-02-28,ML Random Forest + VRP,Random Forest,equity_ret + bond_ret + log_rv_ann + log_iv_ann + vrp_proxy + log_iv_rv,6,0.4709039204412472,0,0,0.2777777777777778,-0.029095707687113937,0.053907272453069366,0.5174576477352517,0.4825423522647483,0.06529742392097648,0.03193103375608467,0.0318657363321637,0.0370776993762178,0.0342983710803908,72,fitted,
2023-04-30,2023-03-31,ML Random Forest + VRP,Random Forest,equity_ret + bond_ret + log_rv_ann + log_iv_ann + vrp_proxy + log_iv_rv,6,0.5519331120634399,1,0,0.2777777777777778,-0.029095707687113937,0.053907272453069366,0.4688401327619361,0.531159867238064,0.0972350299466313,0.010546783318085652,0.01044954828813902,0.015975076842235,0.0153013085471043,72,fitted,
2023-05-31,2023-04-30,ML Random Forest + VRP,Random Forest,equity_ret + bond_ret + log_rv_ann + log_iv_ann + vrp_proxy + log_iv_rv,6,0.13860813102176686,0,0,0.2777777777777778,-0.029095707687113937,0.053907272453069366,0.7168351213869399,0.28316487861306006,0.49598997725000776,6.88540837621523e-05,-0.00042713589348785546,0.0046162773444813,0.0162709612878342,72,fitted,
2023-06-30,2023-05-31,ML Random Forest + VRP,Random Forest,equity_ret + bond_ret + log_rv_ann + log_iv_ann + vrp_proxy + log_iv_rv,6,0.43208634929309037,0,0,0.2777777777777778,-0.029095707687113937,0.053907272453069366,0.5407481904241458,0.4592518095758542,0.3521738619255883,0.03334933193738026,0.03299715807545467,0.0647997868231831,0.0126982381756767,72,fitted,
2023-07-31,2023-06-30,ML Random Forest + VRP,Random Forest,equity_ret + bond_ret + log_rv_ann + log_iv_ann + vrp_proxy + log_iv_rv,6,0.4258858672291682,0,0,0.2777777777777778,-0.029095707687113937,0.053907272453069366,0.5444684796624991,0.4555315203375009,0.00744057847670665,0.017752292957141067,0.017744852378664362,0.0327333273782939,0.0080320331531871,72,fitted,
2023-08-31,2023-07-31,ML Random Forest + VRP,Random Forest,equity_ret + bond_ret + log_rv_ann + log_iv_ann + vrp_proxy + log_iv_rv,6,0.1466093022272008,0,0,0.2777777777777778,-0.029095707687113937,0.053907272453069366,0.7120344186636796,0.28796558133632044,0.3351318780023609,-0.013390110836533077,-0.013725242714535438,-0.0162522872564353,0.0135663756498067,72,fitted,
2023-09-30,2023-08-31,ML Random Forest + VRP,Random Forest,equity_ret + bond_ret + log_rv_ann + log_iv_ann + vrp_proxy + log_iv_rv,6,0.3000680279866958,0,1,0.2777777777777778,-0.029095707687113937,0.053907272453069366,0.6199591832079825,0.3800408167920175,0.18415047091139414,-0.039248994012846615,-0.03943314448375801,-0.0474343383529096,0.0123089230331672,72,fitted,
2023-10-31,2023-09-30,ML Random Forest + VRP,Random Forest,equity_ret + bond_ret + log_rv_ann + log_iv_ann + vrp_proxy + log_iv_rv,6,0.4763091481248457,0,0,0.2916666666666667,-0.03499163376062289,0.053907272453069366,0.5142145111250926,0.48578548887490736,0.2114893441657797,-0.01879298420166416,-0.01900447354582994,-0.0217085890517351,0.01986358683567,72,fitted,
2023-11-30,2023-10-31,ML Random Forest + VRP,Random Forest,equity_ret + bond_ret + log_rv_ann + log_iv_ann + vrp_proxy + log_iv_rv,6,0.3794675258054174,0,0,0.2916666666666667,-0.03499163376062289,0.053907272453069366,0.5723194845167495,0.4276805154832505,0.11620994678331376,0.07192098971211405,0.07180477976533074,0.0913438546150167,0.0161631210576473,72,fitted,
2023-12-31,2023-11-30,ML Random Forest + VRP,Random Forest,equity_ret + bond_ret + log_rv_ann + log_iv_ann + vrp_proxy + log_iv_rv,6,0.4128251282218954,0,0,0.2916666666666667,-0.03499163376062289,0.053907272453069366,0.5523049230668629,0.44769507693313715,0.04002912289977334,0.04176994769462604,0.04172991857172627,0.0456553235023327,0.0095094452987884,72,fitted,
2024-01-31,2023-12-31,ML Random Forest + VRP,Random Forest,equity_ret + bond_ret + log_rv_ann + log_iv_ann + vrp_proxy + log_iv_rv,6,0.279092559730452,0,0,0.2916666666666667,-0.03499163376062289,0.053907272453069366,0.6325444641617288,0.3674555358382712,0.16047908218973195,0.009518754547849093,0.009358275465659361,0.0159264537676127,0.012022422301711,72,fitted,
2024-02-29,2024-01-31,ML Random Forest + VRP,Random Forest,equity_ret + bond_ret + log_rv_ann + log_iv_ann + vrp_proxy + log_iv_rv,6,0.21757982720913963,0,0,0.2916666666666667,-0.03499163376062289,0.053907272453069366,0.6694521036745162,0.33054789632548376,0.07381527902557483,0.03006239984035729,0.029988584561331716,0.0521867637573512,0.0180361802883255,72,fitted,
2024-03-31,2024-02-29,ML Random Forest + VRP,Random Forest,equity_ret + bond_ret + log_rv_ann + log_iv_ann + vrp_proxy + log_iv_rv,6,0.44038260804430274,0,0,0.2916666666666667,-0.029095707687113937,0.052524961669356426,0.5357704351734184,0.4642295648265816,0.2673633370021957,0.0217103937752982,0.021443030438296002,0.0327019623256443,0.0093227575805002,72,fitted,
2024-04-30,2024-03-31,ML Random Forest + VRP,Random Forest,equity_ret + bond_ret + log_rv_ann + log_iv_ann + vrp_proxy + log_iv_rv,6,0.14688056359230997,0,1,0.2916666666666667,-0.028642146902610577,0.052524961669356426,0.711871661844614,0.28812833815538597,0.3522024533423913,-0.03584290936861124,-0.03619511182195363,-0.0403195712622416,0.0183152967077742,72,fitted,
2024-05-31,2024-04-30,ML Random Forest + VRP,Random Forest,equity_ret + bond_ret + log_rv_ann + log_iv_ann + vrp_proxy + log_iv_rv,6,0.3225592138077357,0,0,0.3055555555555556,-0.03585831501291937,0.052524961669356426,0.6064644717153584,0.39353552828464156,0.21081438025851118,0.03724504450707319,0.03703423012681468,0.050579662758128,0.0101744101541005,72,fitted,
2024-06-30,2024-05-31,ML Random Forest + VRP,Random Forest,equity_ret + bond_ret + log_rv_ann + log_iv_ann + vrp_proxy + log_iv_rv,6,0.29070402300265025,0,0,0.3055555555555556,-0.03585831501291937,0.052524961669356426,0.6255775861984099,0.37442241380159014,0.03822622896610284,0.025386036255728904,0.025347810026762802,0.0352802155686315,0.0057546308194498,72,fitted,
2024-07-31,2024-06-30,ML Random Forest + VRP,Random Forest,equity_ret + bond_ret + log_rv_ann + log_iv_ann + vrp_proxy + log_iv_rv,6,0.323536170952067,0,0,0.3055555555555556,-0.03585831501291937,0.052524961669356426,0.6058782974287598,0.39412170257124024,0.039398577539300206,0.01687106701522032,0.01683166843768102,0.0121090001742765,0.0207364655978954,72,fitted,
2024-08-31,2024-07-31,ML Random Forest + VRP,Random Forest,equity_ret + bond_ret + log_rv_ann + log_iv_ann + vrp_proxy + log_iv_rv,6,0.257794687362383,0,0,0.3055555555555556,-0.03585831501291937,0.052524961669356426,0.6453231875825702,0.35467681241742977,0.07888978030762095,0.020261754154957692,0.020182864374650073,0.0233655116495199,0.0345395476672931,72,fitted,
2024-09-30,2024-08-31,ML Random Forest + VRP,Random Forest,equity_ret + bond_ret + log_rv_ann + log_iv_ann + vrp_proxy + log_iv_rv,6,0.4968597781515248,0,0,0.3055555555555556,-0.03585831501291937,0.052524961669356426,0.5018841331090851,0.4981158668909149,0.2868781089469703,0.01718089032009361,0.01689401221114664,0.0210046691575342,0.0182264857507831,72,fitted,
2024-10-31,2024-09-30,ML Random Forest + VRP,Random Forest,equity_ret + bond_ret + log_rv_ann + log_iv_ann + vrp_proxy + log_iv_rv,6,0.14580384879246489,0,0,0.3055555555555556,-0.03585831501291937,0.052524961669356426,0.7125176907245212,0.2874823092754788,0.42126711523087224,-0.013598986192595641,-0.014020253307826514,-0.0089233226091341,0.0121040367628089,72,fitted,
2024-11-30,2024-10-31,ML Random Forest + VRP,Random Forest,equity_ret + bond_ret + log_rv_ann + log_iv_ann + vrp_proxy + log_iv_rv,6,0.484021115616099,0,0,0.3055555555555556,-0.028642146902610577,0.050268423768856756,0.5095873306303407,0.4904126693696593,0.40586072018836106,0.03583678214922441,0.03543092142903605,0.0596334124214321,0.0193589143729322,72,fitted,
2024-12-31,2024-11-30,ML Random Forest + VRP,Random Forest,equity_ret + bond_ret + log_rv_ann + log_iv_ann + vrp_proxy + log_iv_rv,6,0.29846312780096573,0,0,0.3055555555555556,-0.028642146902610577,0.050268423768856756,0.6209221233194206,0.37907787668057935,0.22266958537815995,-0.021358623050341655,-0.021581292635719816,-0.0240601679420293,0.0201427399796311,72,fitted,
2025-01-31,2024-12-31,ML Random Forest + VRP,Random Forest,equity_ret + bond_ret + log_rv_ann + log_iv_ann + vrp_proxy + log_iv_rv,6,0.2193784236990866,0,0,0.3194444444444444,-0.025100967117411638,0.04653876614899408,0.6683729457805481,0.33162705421945193,0.09490164492225484,0.01966113639787179,0.019566234752949534,0.0268563430385335,0.0181639146208578,72,fitted,
2025-02-28,2025-01-31,ML Random Forest + VRP,Random Forest,equity_ret + bond_ret + log_rv_ann + log_iv_ann + vrp_proxy + log_iv_rv,6,0.11417157889771504,0,0,0.3194444444444444,-0.025100967117411638,0.04653876614899408,0.731497052661371,0.268502947338629,0.12624821376164586,-0.003278797557822401,-0.003405045771584047,-0.0126948383346631,0.0156150264513951,72,fitted,
2025-03-31,2025-02-28,ML Random Forest + VRP,Random Forest,equity_ret + bond_ret + log_rv_ann + log_iv_ann + vrp_proxy + log_iv_rv,6,0.40027136619524134,0,1,0.3194444444444444,-0.025100967117411638,0.04653876614899408,0.5598371802828552,0.44016281971714477,0.34331974475703153,-0.031309434051324754,-0.03165275379608178,-0.0557193109152176,0.0429462964131152,72,fitted,
2025-04-30,2025-03-31,ML Random Forest + VRP,Random Forest,equity_ret + bond_ret + log_rv_ann + log_iv_ann + vrp_proxy + log_iv_rv,6,0.6138989281365757,1,1,0.3194444444444444,-0.028642146902610577,0.04678575689021866,0.43166064311805463,0.5683393568819454,0.2563530743296012,-0.00129270418576896,-0.0015490572600985613,-0.0086700565441837,0.2567628013799623,72,fitted,
2025-05-31,2025-04-30,ML Random Forest + VRP,Random Forest,equity_ret + bond_ret + log_rv_ann + log_iv_ann + vrp_proxy + log_iv_rv,6,0.6810028818042888,1,0,0.3194444444444444,-0.028642146902610577,0.050268423768856756,0.39139827091742674,0.6086017290825733,0.08052474440125579,0.02090387823722873,0.020823353492827476,0.0628449330316358,0.0291108184760711,72,fitted,
2025-06-30,2025-05-31,ML Random Forest + VRP,Random Forest,equity_ret + bond_ret + log_rv_ann + log_iv_ann + vrp_proxy + log_iv_rv,6,0.4280344923034028,0,0,0.3194444444444444,-0.025100967117411638,0.050268423768856756,0.5431793046179584,0.4568206953820416,0.3035620674010633,0.03456028146100434,0.03425671939360327,0.0513862300067524,0.0104482979209881,72,fitted,
2025-07-31,2025-06-30,ML Random Forest + VRP,Random Forest,equity_ret + bond_ret + log_rv_ann + log_iv_ann + vrp_proxy + log_iv_rv,6,0.23867320254499627,0,0,0.3194444444444444,-0.025100967117411638,0.050268423768856756,0.6567960784730023,0.34320392152699775,0.22723354771008775,0.014221068616254641,0.013993835068544553,0.0230314465157532,0.0045755355674042,72,fitted,
2025-08-31,2025-07-31,ML Random Forest + VRP,Random Forest,equity_ret + bond_ret + log_rv_ann + log_iv_ann + vrp_proxy + log_iv_rv,6,0.39570687271353483,0,0,0.3194444444444444,-0.025100967117411638,0.050268423768856756,0.5625758763718791,0.4374241236281209,0.18844040420224628,0.0167507433497434,0.016562302945541153,0.020519581676716,0.0138541544091754,72,fitted,
2025-09-30,2025-08-31,ML Random Forest + VRP,Random Forest,equity_ret + bond_ret + log_rv_ann + log_iv_ann + vrp_proxy + log_iv_rv,6,0.15946975466646307,0,0,0.3194444444444444,-0.025100967117411638,0.04678575689021866,0.7043181472001222,0.2956818527998778,0.2834845416564862,0.028419716993233667,0.02813623245157718,0.0356203351082846,0.0055984775803282,72,fitted,
2025-10-31,2025-09-30,ML Random Forest + VRP,Random Forest,equity_ret + bond_ret + log_rv_ann + log_iv_ann + vrp_proxy + log_iv_rv,6,0.27407004025040466,0,0,0.3194444444444444,-0.025100967117411638,0.04678575689021866,0.6355579758497573,0.36444202415024274,0.13752034270072988,0.017393025673508374,0.017255505330807643,0.0238373935763009,0.0199937619170661,72,fitted,
2025-11-30,2025-10-31,ML Random Forest + VRP,Random Forest,equity_ret + bond_ret + log_rv_ann + log_iv_ann + vrp_proxy + log_iv_rv,6,0.12452006480618918,0,0,0.3194444444444444,-0.025100967117411638,0.04678575689021866,0.7252879611162865,0.27471203888371354,0.1794599705330584,0.003078289546822631,0.002898829576289573,0.0019500049129079,0.0218304524668779,72,fitted,
2025-12-31,2025-11-30,ML Random Forest + VRP,Random Forest,equity_ret + bond_ret + log_rv_ann + log_iv_ann + vrp_proxy + log_iv_rv,6,0.26284660613433375,0,0,0.3194444444444444,-0.025100967117411638,0.04678575689021866,0.6422920363193998,0.3577079636806002,0.16599184959377333,-0.0004857337373410619,-0.0006517255869348353,0.0007975029584423,0.0072805308906585,72,fitted,
2026-01-31,2025-12-31,ML Random Forest + VRP,Random Forest,equity_ret + bond_ret + log_rv_ann + log_iv_ann + vrp_proxy + log_iv_rv,6,0.21374559243555438,0,0,0.3194444444444444,-0.025100967117411638,0.04678575689021866,0.6717526445386675,0.32824735546133255,0.05892121643853532,0.01072170977550745,0.010662788559068914,0.0147377288395744,0.0104027816905062,72,fitted,
2026-02-28,2026-01-31,ML Random Forest + VRP,Random Forest,equity_ret + bond_ret + log_rv_ann + log_iv_ann + vrp_proxy + log_iv_rv,6,0.2581049588218088,0,0,0.3194444444444444,-0.025100967117411638,0.04678575689021866,0.6451370247069148,0.3548629752930852,0.05323123966350529,9.590571491263113e-05,4.267447524912583e-05,-0.0086419583402239,0.0155355419994685,72,fitted,
2026-03-31,2026-02-28,ML Random Forest + VRP,Random Forest,equity_ret + bond_ret + log_rv_ann + log_iv_ann + vrp_proxy + log_iv_rv,6,0.3848176326452578,0,1,0.3194444444444444,-0.024758914549957378,0.042699305671890626,0.5691094204128453,0.4308905795871547,0.15205520858813903,-0.035834956551719525,-0.03598701176030766,-0.0493795666434433,0.0336631117304774,72,fitted,
2026-04-30,2026-03-31,ML Random Forest + VRP,Random Forest,equity_ret + bond_ret + log_rv_ann + log_iv_ann + vrp_proxy + log_iv_rv,6,0.6817159460615485,1,0,0.3194444444444444,-0.024758914549957378,0.041299051476911854,0.3909704323630709,0.6090295676369291,0.35627797609954875,0.04210058201389731,0.04174430403779776,0.1050526868659724,0.0185667696328473,72,fitted,
2026-05-31,2026-04-30,ML Random Forest + VRP,Random Forest,equity_ret + bond_ret + log_rv_ann + log_iv_ann + vrp_proxy + log_iv_rv,6,0.15144663285117377,0,0,0.3055555555555556,-0.024758914549957378,0.03937865601407035,0.7091320202892958,0.2908679797107042,0.6363231758524497,0.03817263346368115,0.0375363102878287,0.0526257530375027,0.0113541354564915,72,fitted,
2026-06-30,2026-05-31,ML Random Forest + VRP,Random Forest,equity_ret + bond_ret + log_rv_ann + log_iv_ann + vrp_proxy + log_iv_rv,6,0.18896441088593646,0,0,0.3055555555555556,-0.024758914549957378,0.037542896608651996,0.6866213534684382,0.3133786465315618,0.04502133364171512,-0.007320160979846497,-0.0073651823134882125,-0.010292566443839,0.0305821878815242,72,fitted,
2026-07-31,2026-06-30,ML Random Forest + VRP,Random Forest,equity_ret + bond_ret + log_rv_ann + log_iv_ann + vrp_proxy + log_iv_rv,6,0.5182193561342959,1,0,0.3055555555555556,-0.024758914549957378,0.034491312349912644,0.48906838631942245,0.5109316136805775,0.3951059342980315,-0.00027680924136008235,-0.0006719151756581138,0.0029192289711224,0.0307701984972596,72,fitted,
2011-04-30,2011-03-31,ML Gradient Boosting Base,Gradient Boosting,equity_ret + bond_ret + log_rv_ann + log_iv_ann,4,0.6165385934218117,1,0,0.2916666666666667,-0.02540426883526746,0.05024129622728161,0.430076843946913,0.5699231560530871,1.0,0.02138890668325575,0.02038890668325575,0.0289613761733893,0.0075587205607825,72,fitted,
2011-05-31,2011-04-30,ML Gradient Boosting Base,Gradient Boosting,equity_ret + bond_ret + log_rv_ann + log_iv_ann,4,0.05024338352555637,0,0,0.2916666666666667,-0.02540426883526746,0.05024129622728161,0.7698539698846661,0.23014603011533386,0.6795542518755064,-0.005779970944632526,-0.006459525196508032,-0.0112144254815793,0.0110761203392562,72,fitted,
2011-06-30,2011-05-31,ML Gradient Boosting Base,Gradient Boosting,equity_ret + bond_ret + log_rv_ann + log_iv_ann,4,0.12024124288569658,0,0,0.2916666666666667,-0.02540426883526746,0.05024129622728161,0.727855254268582,0.272144745731418,0.0839974312321683,-0.013490464336687606,-0.013574461767919774,-0.0168700078463259,0.0214107095288551,72,fitted,
2011-07-31,2011-06-30,ML Gradient Boosting Base,Gradient Boosting,equity_ret + bond_ret + log_rv_ann + log_iv_ann,4,0.5246670218095546,1,0,0.2916666666666667,-0.02540426883526746,0.05024129622728161,0.48519978691426724,0.5148002130857328,0.4853109347086295,-0.0010231156363370922,-0.0015084265710457218,-0.0200043491479079,0.0234689545298284,72,fitted,
2011-08-31,2011-07-31,ML Gradient Boosting Base,Gradient Boosting,equity_ret + bond_ret + log_rv_ann + log_iv_ann,4,0.27686668838524287,0,1,0.2916666666666667,-0.02540426883526746,0.05024129622728161,0.6338799869688543,0.3661200130311457,0.2973604001091741,-0.029281368333527714,-0.02957872873363689,-0.0549756689838916,0.2183075845871292,72,fitted,
2011-09-30,2011-08-31,ML Gradient Boosting Base,Gradient Boosting,equity_ret + bond_ret + log_rv_ann + log_iv_ann,4,0.850726544573138,1,1,0.2916666666666667,-0.029265442999799995,0.05215353486915771,0.2895640732561172,0.7104359267438828,0.6886318274254741,-0.014627493275459959,-0.015316125102885433,-0.0694209569617928,0.0837550521056862,72,fitted,
2011-10-31,2011-09-30,ML Gradient Boosting Base,Gradient Boosting,equity_ret + bond_ret + log_rv_ann + log_iv_ann,4,0.938097845373509,1,1,0.2777777777777778,-0.03107264108505382,0.06131442345129999,0.23714129277589457,0.7628587072241054,0.10484556096044528,0.026848160197409928,0.026743314636449484,0.1091471376825803,0.0854744311998559,72,fitted,
2011-11-30,2011-10-31,ML Gradient Boosting Base,Gradient Boosting,equity_ret + bond_ret + log_rv_ann + log_iv_ann,4,0.9160090423893962,1,1,0.2916666666666667,-0.03107264108505382,0.06726469050944478,0.2503945745663623,0.7496054254336377,0.02650656358093545,-0.003496980035538411,-0.0035234865991193463,-0.0040636591106093,0.0892741878172766,72,fitted,
2011-12-31,2011-11-30,ML Gradient Boosting Base,Gradient Boosting,equity_ret + bond_ret + log_rv_ann + log_iv_ann,4,0.9683178196424185,1,0,0.3055555555555556,-0.03107264108505382,0.06977431435421386,0.21900930821454895,0.780990691785451,0.06277053270362665,0.012883752823888811,0.012820982291185185,0.01044831087433,0.0337262085043343,72,fitted,
2012-01-31,2011-12-31,ML Gradient Boosting Base,Gradient Boosting,equity_ret + bond_ret + log_rv_ann + log_iv_ann,4,0.36119340435630304,0,0,0.3055555555555556,-0.03107264108505382,0.06977431435421386,0.5832839573862183,0.4167160426137817,0.7285492983433386,0.030073536924742947,0.02934498762639961,0.0463746526390511,0.0083654259453761,72,fitted,
2012-02-29,2012-01-31,ML Gradient Boosting Base,Gradient Boosting,equity_ret + bond_ret + log_rv_ann + log_iv_ann,4,0.261737415940306,0,0,0.3055555555555556,-0.03107264108505382,0.06977431435421386,0.6429575504358164,0.35704244956418363,0.11934718609919615,0.02785979976870037,0.02774045258260117,0.0434056984734232,0.0073543583714155,72,fitted,
2012-03-31,2012-02-29,ML Gradient Boosting Base,Gradient Boosting,equity_ret + bond_ret + log_rv_ann + log_iv_ann,4,0.23048609453107888,0,0,0.3055555555555556,-0.03107264108505382,0.06977431435421386,0.6617083432813526,0.33829165671864736,0.037501585691072536,0.01934470252578624,0.01930720094009517,0.0321635863595661,0.0131720446982552,72,fitted,
2012-04-30,2012-03-31,ML Gradient Boosting Base,Gradient Boosting,equity_ret + bond_ret + log_rv_ann + log_iv_ann,4,0.08357179519549601,0,0,0.3055555555555556,-0.03107264108505382,0.06977431435421386,0.7498569228827026,0.25014307711729744,0.17629715920269984,-0.002739705537728212,-0.002916002696930912,-0.0066757506999459,0.0190166819597253,72,fitted,
2012-05-31,2012-04-30,ML Gradient Boosting Base,Gradient Boosting,equity_ret + bond_ret + log_rv_ann + log_iv_ann,4,0.2777233008445919,0,1,0.3055555555555556,-0.03107264108505382,0.06977431435421386,0.6333660194932449,0.3666339805067551,0.23298180677891533,-0.03408407249896841,-0.03431705430574732,-0.0600555737185005,0.0184635370320247,72,fitted,
2012-06-30,2012-05-31,ML Gradient Boosting Base,Gradient Boosting,equity_ret + bond_ret + log_rv_ann + log_iv_ann,4,0.46551333844917225,0,0,0.3055555555555556,-0.03533607479626376,0.06977431435421386,0.5206919969304966,0.4793080030695034,0.22534804512549655,0.02103564408430934,0.020810296039183843,0.0405811990245525,0.0416179538698594,72,fitted,
2012-07-31,2012-06-30,ML Gradient Boosting Base,Gradient Boosting,equity_ret + bond_ret + log_rv_ann + log_iv_ann,4,0.3050019305364182,0,0,0.3055555555555556,-0.03533607479626376,0.06977431435421386,0.6169988416781491,0.3830011583218509,0.192613689495305,0.012515852855508543,0.012323239166013238,0.0118296419497001,0.0188292832116557,72,fitted,
2012-08-31,2012-07-31,ML Gradient Boosting Base,Gradient Boosting,equity_ret + bond_ret + log_rv_ann + log_iv_ann,4,0.38945797385658626,0,0,0.3055555555555556,-0.03533607479626376,0.06977431435421386,0.5663252156860483,0.4336747843139517,0.10134725198420158,0.014187784195155187,0.014086436943170987,0.0250523617917455,0.0079970053660368,72,fitted,
2012-09-30,2012-08-31,ML Gradient Boosting Base,Gradient Boosting,equity_ret + bond_ret + log_rv_ann + log_iv_ann,4,0.20051046567814926,0,0,0.3055555555555556,-0.03533607479626376,0.06977431435421386,0.6796937205931105,0.3203062794068895,0.22673700981412437,0.018084748272158387,0.017858011262344264,0.0253509542714824,0.012787973643012,72,fitted,
2012-10-31,2012-09-30,ML Gradient Boosting Base,Gradient Boosting,equity_ret + bond_ret + log_rv_ann + log_iv_ann,4,0.05824358760366048,0,0,0.3055555555555556,-0.03533607479626376,0.06977431435421386,0.7650538474378037,0.2349461525621963,0.17072025368938637,-0.014033688304451616,-0.014204408558141002,-0.0181984465942166,0.0111640835734069,72,fitted,
2012-11-30,2012-10-31,ML Gradient Boosting Base,Gradient Boosting,equity_ret + bond_ret + log_rv_ann + log_iv_ann,4,0.4251355379397893,0,0,0.3055555555555556,-0.03533607479626376,0.06977431435421386,0.5449186772361264,0.4550813227638736,0.44027034040335455,0.004316038384030005,0.003875768043626651,0.0056596591664745,0.0222651919464717,72,fitted,
2012-12-31,2012-11-30,ML Gradient Boosting Base,Gradient Boosting,equity_ret + bond_ret + log_rv_ann + log_iv_ann,4,0.22972129972659291,0,0,0.3055555555555556,-0.03533607479626376,0.06977431435421386,0.6621672201640443,0.3378327798359557,0.23449708585583573,0.0050876795352268085,0.004853182449370973,0.008934591377669,0.0121228158935489,72,fitted,
2013-01-31,2012-12-31,ML Gradient Boosting Base,Gradient Boosting,equity_ret + bond_ret + log_rv_ann + log_iv_ann,4,0.2642079338597084,0,0,0.3055555555555556,-0.03533607479626376,0.06977431435421386,0.641475239684175,0.35852476031582503,0.04138396095973862,0.030610061798756978,0.03056867783779724,0.0511901683618252,0.0107814717977941,72,fitted,
2013-02-28,2013-01-31,ML Gradient Boosting Base,Gradient Boosting,equity_ret + bond_ret + log_rv_ann + log_iv_ann,4,0.09068968878581621,0,0,0.3055555555555556,-0.03533607479626376,0.06977431435421386,0.7455861867285103,0.2544138132714897,0.20822189408867064,0.011016309394329139,0.010808087500240468,0.0127590213208466,0.0157771665562433,72,fitted,
2013-03-31,2013-02-28,ML Gradient Boosting Base,Gradient Boosting,equity_ret + bond_ret + log_rv_ann + log_iv_ann,4,0.08494348952754778,0,0,0.3055555555555556,-0.03533607479626376,0.06977431435421386,0.7490339062834714,0.25096609371652856,0.006895439109922297,0.028688806254185628,0.028681910815075706,0.0379711887423981,0.0061156058796676,72,fitted,
2013-04-30,2013-03-31,ML Gradient Boosting Base,Gradient Boosting,equity_ret + bond_ret + log_rv_ann + log_iv_ann,4,0.06271610134589896,0,0,0.3055555555555556,-0.03533607479626376,0.06977431435421386,0.7623703391924606,0.23762966080753944,0.02667286581797823,0.016948409979945084,0.016921737114127106,0.0192120425258286,0.0201297160662904,72,fitted,
2013-05-31,2013-04-30,ML Gradient Boosting Base,Gradient Boosting,equity_ret + bond_ret + log_rv_ann + log_iv_ann,4,0.5108284101174956,1,0,0.3055555555555556,-0.03533607479626376,0.06977431435421386,0.49350295392950266,0.5064970460704974,0.5377347705259159,0.001515831422058165,0.000978096651532249,0.0236100506671108,0.0105088114329687,72,fitted,
2013-06-30,2013-05-31,ML Gradient Boosting Base,Gradient Boosting,equity_ret + bond_ret + log_rv_ann + log_iv_ann,4,0.0772205951960169,0,0,0.3055555555555556,-0.03533607479626376,0.06977431435421386,0.75366764288239,0.24633235711761003,0.5203293779057747,-0.013913479899169688,-0.014433809277075462,-0.0133447853857828,0.0300261699601843,72,fitted,
2013-07-31,2013-06-30,ML Gradient Boosting Base,Gradient Boosting,equity_ret + bond_ret + log_rv_ann + log_iv_ann,4,0.30933178527907856,0,0,0.3055555555555556,-0.03533607479626376,0.06977431435421386,0.6144009288325528,0.3855990711674472,0.2785334280996743,0.03278771410153747,0.0325091806734378,0.0516768409309673,0.0058845046247947,72,fitted,
2013-08-31,2013-07-31,ML Gradient Boosting Base,Gradient Boosting,equity_ret + bond_ret + log_rv_ann + log_iv_ann,4,0.05459777035869581,0,0,0.3055555555555556,-0.03424248759524367,0.06977431435421386,0.7672413377847825,0.23275866221521746,0.30568081790445945,-0.024934562056080408,-0.025240242873984867,-0.0299920451157992,0.0097758966126948,72,fitted,
2013-09-30,2013-08-31,ML Gradient Boosting Base,Gradient Boosting,equity_ret + bond_ret + log_rv_ann + log_iv_ann,4,0.1901217804469136,0,0,0.3055555555555556,-0.03507238154346391,0.06977431435421386,0.6859269317318518,0.3140730682681482,0.16262881210586144,0.0252267433240674,0.02506411451196154,0.0316465616335366,0.0072570980514356,72,fitted,
2013-10-31,2013-09-30,ML Gradient Boosting Base,Gradient Boosting,equity_ret + bond_ret + log_rv_ann + log_iv_ann,4,0.1045283383479726,0,0,0.3055555555555556,-0.03507238154346391,0.06977431435421386,0.7372829969912166,0.2627170030087834,0.10271213051872952,0.03632837471347363,0.0362256625829549,0.0463062010108756,0.0162586541179686,72,fitted,
2013-11-30,2013-10-31,ML Gradient Boosting Base,Gradient Boosting,equity_ret + bond_ret + log_rv_ann + log_iv_ann,4,0.0730305208354166,0,0,0.3055555555555556,-0.03507238154346391,0.06977431435421386,0.75618168749875,0.24381831250124997,0.03779738101506691,0.021800634285698044,0.02176283690468298,0.0296382009223603,0.0076676402226258,72,fitted,
2013-12-31,2013-11-30,ML Gradient Boosting Base,Gradient Boosting,equity_ret + bond_ret + log_rv_ann + log_iv_ann,4,0.13589983843821418,0,0,0.3055555555555556,-0.029162151167578955,0.06883783694844543,0.7184600969370716,0.2815399030629284,0.0754431811233569,0.017059560036890527,0.01698411685576717,0.0259262463698537,0.0093337447007758,72,fitted,
2014-01-31,2013-12-31,ML Gradient Boosting Base,Gradient Boosting,equity_ret + bond_ret + log_rv_ann + log_iv_ann,4,0.12973659470820628,0,1,0.3055555555555556,-0.029162151167578955,0.06883783694844543,0.7221580431750763,0.27784195682492374,0.007395892476009358,-0.02117367933964148,-0.02118107523211749,-0.035248510781063,0.0159872280500098,72,fitted,
2014-02-28,2014-01-31,ML Gradient Boosting Base,Gradient Boosting,equity_ret + bond_ret + log_rv_ann + log_iv_ann,4,0.20137845596384,0,0,0.3055555555555556,-0.029162151167578955,0.06883783694844543,0.679172926421696,0.320827073578304,0.08597023350676047,0.0321207522273876,0.03203478199388084,0.0455158663927885,0.0163493295969697,72,fitted,
2014-03-31,2014-02-28,ML Gradient Boosting Base,Gradient Boosting,equity_ret + bond_ret + log_rv_ann + log_iv_ann,4,0.13472789599930599,0,0,0.3055555555555556,-0.027994505922220927,0.06883783694844543,0.7191632624004164,0.2808367375995836,0.07998067195744074,0.005549980297203107,0.005469999625245667,0.0082954994542154,0.009683363565597,72,fitted,
2014-04-30,2014-03-31,ML Gradient Boosting Base,Gradient Boosting,equity_ret + bond_ret + log_rv_ann + log_iv_ann,4,0.13991692801296385,0,0,0.2916666666666667,-0.027994505922220927,0.06043256133499791,0.7160498431922216,0.28395015680777835,0.006226838416389491,0.007310992740003689,0.0073047659015873,0.0069518475292078,0.0162621120321702,72,fitted,
2014-05-31,2014-04-30,ML Gradient Boosting Base,Gradient Boosting,equity_ret + bond_ret + log_rv_ann + log_iv_ann,4,0.24451757479275746,0,0,0.2916666666666667,-0.027994505922220927,0.06043256133499791,0.6532894551243456,0.34671054487565445,0.1255207761357522,0.01924806730527129,0.019122546529135538,0.0232060193655998,0.0064799496520708,72,fitted,
2014-06-30,2014-05-31,ML Gradient Boosting Base,Gradient Boosting,equity_ret + bond_ret + log_rv_ann + log_iv_ann,4,0.4575169151820439,0,0,0.2916666666666667,-0.027994505922220927,0.06043256133499791,0.5254898508907736,0.4745101491092264,0.2555992084671439,0.010575881065943296,0.010320281857476153,0.0206450108571647,0.0032678749048789,72,fitted,
2014-07-31,2014-06-30,ML Gradient Boosting Base,Gradient Boosting,equity_ret + bond_ret + log_rv_ann + log_iv_ann,4,0.22366836907364523,0,0,0.2916666666666667,-0.0198485017927891,0.06043256133499791,0.6657989785558129,0.33420102144418706,0.28061825533007867,-0.009785542313973303,-0.010066160569303382,-0.0134380323126438,0.0103065016660115,72,fitted,
2014-08-31,2014-07-31,ML Gradient Boosting Base,Gradient Boosting,equity_ret + bond_ret + log_rv_ann + log_iv_ann,4,0.13413517140125752,0,0,0.2916666666666667,-0.0198485017927891,0.059200735261029695,0.7195188971592454,0.28048110284075456,0.10743983720686501,0.03161970977959975,0.03151226994239288,0.0394641530141997,0.006543651975585,72,fitted,
2014-09-30,2014-08-31,ML Gradient Boosting Base,Gradient Boosting,equity_ret + bond_ret + log_rv_ann + log_iv_ann,4,0.3046211433501082,0,0,0.2916666666666667,-0.0198485017927891,0.059200735261029695,0.6172273139899351,0.38277268601006487,0.20458316633862061,-0.010868742109240355,-0.011073325275578976,-0.0137960646349067,0.0083852752536563,72,fitted,
2014-10-31,2014-09-30,ML Gradient Boosting Base,Gradient Boosting,equity_ret + bond_ret + log_rv_ann + log_iv_ann,4,0.4417403330672026,0,0,0.3055555555555556,-0.01901977921669444,0.04186643298170308,0.5349558001596785,0.4650441998403215,0.16454302766051332,0.017547049853740344,0.017382506826079832,0.0235507941510688,0.0322112420841767,72,fitted,
2014-11-30,2014-10-31,ML Gradient Boosting Base,Gradient Boosting,equity_ret + bond_ret + log_rv_ann + log_iv_ann,4,0.20954343213606283,0,0,0.3194444444444444,-0.01793275884463846,0.04115087425286223,0.6742739407183623,0.32572605928163767,0.2786362811173677,0.020663679922281325,0.020385043641163957,0.0274718902984996,0.0040727695658734,72,fitted,
2014-12-31,2014-11-30,ML Gradient Boosting Base,Gradient Boosting,equity_ret + bond_ret + log_rv_ann + log_iv_ann,4,0.3369953141756565,0,0,0.3333333333333333,-0.01625521920404206,0.03900163017787599,0.5978028114946061,0.4021971885053939,0.1529422584475124,-0.000923044292214267,-0.0010759865506617795,-0.0025368191991439,0.0231050557664015,72,fitted,
2015-01-31,2014-12-31,ML Gradient Boosting Base,Gradient Boosting,equity_ret + bond_ret + log_rv_ann + log_iv_ann,4,0.14230499824973708,0,1,0.3194444444444444,-0.01625521920404206,0.0370475839007756,0.7146170010501578,0.2853829989498422,0.23362837911110335,-0.015316651635594602,-0.015550280014705705,-0.0296294039445595,0.0273729514320056,72,fitted,
2015-02-28,2015-01-31,ML Gradient Boosting Base,Gradient Boosting,equity_ret + bond_ret + log_rv_ann + log_iv_ann,4,0.42259021164579247,0,0,0.3333333333333333,-0.01625521920404206,0.03367208875240104,0.5464458730125246,0.45355412698747544,0.33634225607526647,0.02665444609327939,0.026318103837204124,0.0562047157616216,0.0123289611594899,72,fitted,
2015-03-31,2015-02-28,ML Gradient Boosting Base,Gradient Boosting,equity_ret + bond_ret + log_rv_ann + log_iv_ann,4,0.3348735472198308,0,1,0.3472222222222222,-0.01372445817045412,0.033347542089627,0.5990758716681015,0.4009241283318985,0.10525999731115387,-0.00790635976252141,-0.008011619759832564,-0.015705318762726,0.0196625988822306,72,fitted,
2015-04-30,2015-03-31,ML Gradient Boosting Base,Gradient Boosting,equity_ret + bond_ret + log_rv_ann + log_iv_ann,4,0.6366571685675093,1,0,0.3472222222222222,-0.015323467937162138,0.032774465592405745,0.4180056988594944,0.5819943011405055,0.36214034561721414,0.002232102205301893,0.0018699618596846788,0.0098335988197435,0.0069824951346415,72,fitted,
2015-05-31,2015-04-30,ML Gradient Boosting Base,Gradient Boosting,equity_ret + bond_ret + log_rv_ann + log_iv_ann,4,0.31850506079263874,0,0,0.3472222222222222,-0.015323467937162138,0.03179099127707973,0.6088969635244168,0.3911030364755832,0.38178252932984474,0.006117255860648024,0.005735473331318179,0.0128561307003343,0.011684481555973,72,fitted,
2015-06-30,2015-05-31,ML Gradient Boosting Base,Gradient Boosting,equity_ret + bond_ret + log_rv_ann + log_iv_ann,4,0.2899781700912141,0,1,0.3472222222222222,-0.015323467937162138,0.0300932244309903,0.6260130979452716,0.3739869020547284,0.0342322688417096,-0.01674204297548899,-0.016776275244330698,-0.0203115919609671,0.0126300938740652,72,fitted,
2015-07-31,2015-06-30,ML Gradient Boosting Base,Gradient Boosting,equity_ret + bond_ret + log_rv_ann + log_iv_ann,4,0.5494424348711594,1,0,0.3472222222222222,-0.01663707002960592,0.02949552625454857,0.4703345390773044,0.5296654609226956,0.31135711773593444,0.015190870589847767,0.014879513472111833,0.0225885702991868,0.0130861289347497,72,fitted,
2015-08-31,2015-07-31,ML Gradient Boosting Base,Gradient Boosting,equity_ret + bond_ret + log_rv_ann + log_iv_ann,4,0.3832872117164371,0,1,0.3333333333333333,-0.01663707002960592,0.027348668472675003,0.5700276729701378,0.4299723270298622,0.19938626778566682,-0.03618687817192921,-0.03638626443971488,-0.0609495604894528,0.0708891127570091,72,fitted,
2015-09-30,2015-08-31,ML Gradient Boosting Base,Gradient Boosting,equity_ret + bond_ret + log_rv_ann + log_iv_ann,4,0.9125584609155659,1,1,0.3333333333333333,-0.01793275884463846,0.02949552625454857,0.25246492345066046,0.7475350765493396,0.6351254990389548,-0.0003760543615540053,-0.00101117986059296,-0.0255163653773383,0.0488701190813771,72,fitted,
2015-10-31,2015-09-30,ML Gradient Boosting Base,Gradient Boosting,equity_ret + bond_ret + log_rv_ann + log_iv_ann,4,0.8989487214893894,1,0,0.3194444444444444,-0.01901977921669444,0.0300932244309903,0.26063076710636635,0.7393692328936337,0.016331687311411824,0.02267578604364473,0.02265945435633332,0.0850598819349353,0.0192470206457399,72,fitted,
2015-11-30,2015-10-31,ML Gradient Boosting Base,Gradient Boosting,equity_ret + bond_ret + log_rv_ann + log_iv_ann,4,0.1761112483190761,0,0,0.3333333333333333,-0.01793275884463846,0.02949552625454857,0.6943332510085545,0.3056667489914455,0.8674049678043763,0.001348545073675243,0.0004811401058708668,0.0036551569603713,0.0134588757471278,72,fitted,
2015-12-31,2015-11-30,ML Gradient Boosting Base,Gradient Boosting,equity_ret + bond_ret + log_rv_ann + log_iv_ann,4,0.5044537404149243,1,1,0.3194444444444444,-0.01793275884463846,0.027348668472675003,0.49732775575104543,0.5026722442489546,0.39401099051501814,-0.009558397781154143,-0.00995240877166916,-0.0172824293324246,0.0322499404329786,72,fitted,
2016-01-31,2015-12-31,ML Gradient Boosting Base,Gradient Boosting,equity_ret + bond_ret + log_rv_ann + log_iv_ann,4,0.17379227006667652,0,1,0.3333333333333333,-0.0180152431418582,0.02949552625454857,0.6957246379599942,0.3042753620400058,0.39679376441789754,-0.030863005393121045,-0.031259799157538945,-0.0497869575816805,0.0530294566212985,72,fitted,
2016-02-29,2016-01-31,ML Gradient Boosting Base,Gradient Boosting,equity_ret + bond_ret + log_rv_ann + log_iv_ann,4,0.37985797397607135,0,1,0.3194444444444444,-0.0180152431418582,0.0300932244309903,0.5720852156143572,0.4279147843856428,0.24727884469127392,0.0033234411561460986,0.0030761623114548245,-0.0008256443239732,0.0390280071522599,72,fitted,
2016-03-31,2016-02-29,ML Gradient Boosting Base,Gradient Boosting,equity_ret + bond_ret + log_rv_ann + log_iv_ann,4,0.725286794105667,1,0,0.3194444444444444,-0.0180152431418582,0.03177422765937823,0.3648279235365998,0.6351720764634001,0.41451458415551473,0.030096178898061127,0.029681664313905613,0.0672660877237718,0.0083737007573496,72,fitted,
2016-04-30,2016-03-31,ML Gradient Boosting Base,Gradient Boosting,equity_ret + bond_ret + log_rv_ann + log_iv_ann,4,0.19399719517366598,0,0,0.3194444444444444,-0.0180152431418582,0.03177422765937823,0.6836016828958004,0.31639831710419963,0.637547518718401,0.003500905408626737,0.002863357889908336,0.0039410588202721,0.0099836167506883,72,fitted,
2016-05-31,2016-04-30,ML Gradient Boosting Base,Gradient Boosting,equity_ret + bond_ret + log_rv_ann + log_iv_ann,4,0.28162219208898365,0,0,0.3194444444444444,-0.0180152431418582,0.03177422765937823,0.6310266847466098,0.36897331525339017,0.10514999629838107,0.01078445979970951,0.010679309803411129,0.0170112297539695,0.011685875544568,72,fitted,
2016-06-30,2016-05-31,ML Gradient Boosting Base,Gradient Boosting,equity_ret + bond_ret + log_rv_ann + log_iv_ann,4,0.298938460213399,0,1,0.3194444444444444,-0.01719994503520486,0.02949552625454857,0.6206369238719606,0.37936307612803943,0.020779521749298535,0.009498715473673617,0.009477935951924319,0.0034763530420491,0.0349160132281398,72,fitted,
2016-07-31,2016-06-30,ML Gradient Boosting Base,Gradient Boosting,equity_ret + bond_ret + log_rv_ann + log_iv_ann,4,0.37211193333125425,0,0,0.3333333333333333,-0.01663707002960592,0.02949552625454857,0.5767328400012475,0.42326715999875253,0.08780816774142619,0.023338560504852883,0.023250752337111456,0.0364710284772564,0.0079791447561163,72,fitted,
2016-08-31,2016-07-31,ML Gradient Boosting Base,Gradient Boosting,equity_ret + bond_ret + log_rv_ann + log_iv_ann,4,0.21794740169521712,0,0,0.3194444444444444,-0.01663707002960592,0.027348668472675003,0.6692315589828698,0.3307684410171302,0.18499743796324464,8.908098071677391e-05,-9.591645724647073e-05,0.0011974654720063,0.0026413094086102,72,fitted,
2016-09-30,2016-08-31,ML Gradient Boosting Base,Gradient Boosting,equity_ret + bond_ret + log_rv_ann + log_iv_ann,4,0.31953385677657525,0,0,0.3194444444444444,-0.015323467937162138,0.027348668472675003,0.6082796859340549,0.3917203140659451,0.12190374609762977,0.00023765007470990298,0.0001157463286122732,5.8425491511693295e-05,0.0193310506087537,72,fitted,
2016-10-31,2016-09-30,ML Gradient Boosting Base,Gradient Boosting,equity_ret + bond_ret + log_rv_ann + log_iv_ann,4,0.32620532389337703,0,1,0.3194444444444444,-0.015323467937162138,0.026809032298505474,0.6042768056639738,0.3957231943360262,0.008005760540162221,-0.013710254979592574,-0.013718260740132736,-0.0173372667020604,0.0045127851148509,72,fitted,
2016-11-30,2016-10-31,ML Gradient Boosting Base,Gradient Boosting,equity_ret + bond_ret + log_rv_ann + log_iv_ann,4,0.244293370248667,0,0,0.3194444444444444,-0.01663707002960592,0.026809032298505474,0.6534239778507999,0.34657602214920014,0.09829434437365214,0.015179773958263107,0.015081479613889455,0.0368383640292446,0.0111910308336225,72,fitted,
2016-12-31,2016-11-30,ML Gradient Boosting Base,Gradient Boosting,equity_ret + bond_ret + log_rv_ann + log_iv_ann,4,0.317590446923545,0,0,0.3194444444444444,-0.01663707002960592,0.026809032298505474,0.609445731845873,0.39055426815412697,0.08795649200985367,0.013346852312003306,0.013258895819993453,0.0202717664609688,0.0063208434705503,72,fitted,
2017-01-31,2016-12-31,ML Gradient Boosting Base,Gradient Boosting,equity_ret + bond_ret + log_rv_ann + log_iv_ann,4,0.30705241857546295,0,0,0.3194444444444444,-0.01663707002960592,0.026809032298505474,0.6157685488547223,0.3842314511452777,0.012645634017698582,0.011836752409471088,0.01182410677545339,0.0178946523171026,0.0043110840112382,72,fitted,
2017-02-28,2017-01-31,ML Gradient Boosting Base,Gradient Boosting,equity_ret + bond_ret + log_rv_ann + log_iv_ann,4,0.3588419695961808,0,0,0.3194444444444444,-0.01663707002960592,0.026809032298505474,0.5846948182422915,0.4153051817577085,0.06214746122486159,0.025655923613820898,0.025593776152596035,0.0392915362557069,0.0031851732529309,72,fitted,
2017-03-31,2017-02-28,ML Gradient Boosting Base,Gradient Boosting,equity_ret + bond_ret + log_rv_ann + log_iv_ann,4,0.09769140074190553,0,0,0.3194444444444444,-0.01663707002960592,0.026809032298505474,0.7413851595548567,0.25861484044514327,0.3133806826251304,0.000783822269351455,0.0004704415867263246,0.0012500669692114,0.0045255027533027,72,fitted,
2017-04-30,2017-03-31,ML Gradient Boosting Base,Gradient Boosting,equity_ret + bond_ret + log_rv_ann + log_iv_ann,4,0.2043429530923042,0,0,0.3194444444444444,-0.01663707002960592,0.026592152051570176,0.6773942281446175,0.32260577185538253,0.12798186282047852,0.009649886377419753,0.009521904514599274,0.0099260101203619,0.0051054340649919,72,fitted,
2017-05-31,2017-04-30,ML Gradient Boosting Base,Gradient Boosting,equity_ret + bond_ret + log_rv_ann + log_iv_ann,4,0.1015530018225266,0,0,0.3194444444444444,-0.01663707002960592,0.026592152051570176,0.739068198906484,0.260931801093516,0.12334794152373307,0.012223321139046013,0.01209997319752228,0.0141130016792141,0.005987699963594,72,fitted,
2017-06-30,2017-05-31,ML Gradient Boosting Base,Gradient Boosting,equity_ret + bond_ret + log_rv_ann + log_iv_ann,4,0.11120106273377403,0,0,0.3194444444444444,-0.01663707002960592,0.026592152051570176,0.7332793623597356,0.26672063764026444,0.011577673093496887,0.004625995633854509,0.0046144179607610115,0.0063750149976713,0.0047988397358414,72,fitted,
2017-07-31,2017-06-30,ML Gradient Boosting Base,Gradient Boosting,equity_ret + bond_ret + log_rv_ann + log_iv_ann,4,0.13209521208327996,0,0,0.3194444444444444,-0.015323467937162138,0.026592152051570176,0.720742872750032,0.279257127249968,0.0250729792194071,0.015746810272934137,0.01572173729371473,0.0205540626266318,0.0031085303636449,72,fitted,
2017-08-31,2017-07-31,ML Gradient Boosting Base,Gradient Boosting,equity_ret + bond_ret + log_rv_ann + log_iv_ann,4,0.13479748681064826,0,0,0.3194444444444444,-0.01372445817045412,0.026519372298884798,0.7191215079136111,0.28087849208638893,0.003242729672841893,0.004742110465489429,0.004738867735816587,0.0029176592589472,0.0091542658595658,72,fitted,
2017-09-30,2017-08-31,ML Gradient Boosting Base,Gradient Boosting,equity_ret + bond_ret + log_rv_ann + log_iv_ann,4,0.27045449294365187,0,0,0.3333333333333333,-0.0134193829272716,0.022937083002415544,0.637727304233809,0.36227269576619103,0.1627884073596042,0.010779197864988094,0.01061640945762849,0.0201494694043284,0.003303149973887,72,fitted,
2017-10-31,2017-09-30,ML Gradient Boosting Base,Gradient Boosting,equity_ret + bond_ret + log_rv_ann + log_iv_ann,4,0.30401592103942365,0,0,0.3333333333333333,-0.012010978448615412,0.02183809677043545,0.6175904473763458,0.38240955262365417,0.040273713714926274,0.014927117399567346,0.01488684368585242,0.0235640599878685,0.0025804918545498,72,fitted,
2017-11-30,2017-10-31,ML Gradient Boosting Base,Gradient Boosting,equity_ret + bond_ret + log_rv_ann + log_iv_ann,4,0.6157539350206686,1,0,0.3333333333333333,-0.012010978448615412,0.020036292629478442,0.4305476389875989,0.5694523610124012,0.3740856167774939,0.012315888300868454,0.01194180268409096,0.0305659512903513,0.0044864660920446,72,fitted,
2017-12-31,2017-11-30,ML Gradient Boosting Base,Gradient Boosting,equity_ret + bond_ret + log_rv_ann + log_iv_ann,4,0.3744802341879318,0,0,0.3194444444444444,-0.012010978448615412,0.019596289227535223,0.5753118594872408,0.42468814051275916,0.28952844099928393,0.008995180346991536,0.008705651905992252,0.0121280447504534,0.0037377996842623,72,fitted,
2018-01-31,2017-12-31,ML Gradient Boosting Base,Gradient Boosting,equity_ret + bond_ret + log_rv_ann + log_iv_ann,4,0.13361747552623798,0,0,0.3194444444444444,-0.012010978448615412,0.01931424461615094,0.7198295146842573,0.28017048531574273,0.28903531039403285,0.0374169790622937,0.03712794375189967,0.0563590508865274,0.0088455913877699,72,fitted,
2018-02-28,2018-01-31,ML Gradient Boosting Base,Gradient Boosting,equity_ret + bond_ret + log_rv_ann + log_iv_ann,4,0.49106230942933293,0,1,0.3194444444444444,-0.012010978448615412,0.01931424461615094,0.5053626143424003,0.49463738565759974,0.428933800683714,-0.023364889033002184,-0.023793822833685897,-0.0363602968309803,0.0693817661865629,72,fitted,
2018-03-31,2018-02-28,ML Gradient Boosting Base,Gradient Boosting,equity_ret + bond_ret + log_rv_ann + log_iv_ann,4,0.7329572014086411,1,1,0.3194444444444444,-0.0134193829272716,0.019596289227535223,0.3602256791548154,0.6397743208451846,0.2902738703751697,-0.005580108191886657,-0.005870382062261827,-0.0274106125187965,0.0391566421627034,72,fitted,
2018-04-30,2018-03-31,ML Gradient Boosting Base,Gradient Boosting,equity_ret + bond_ret + log_rv_ann + log_iv_ann,4,0.6073736426244897,1,1,0.3194444444444444,-0.01372445817045412,0.020036292629478442,0.43557581442530624,0.5644241855746938,0.15070027054098167,-0.003060584560155283,-0.003211284830696265,0.0051679530466695,0.0280178091882417,72,fitted,
2018-05-31,2018-04-30,ML Gradient Boosting Base,Gradient Boosting,equity_ret + bond_ret + log_rv_ann + log_iv_ann,4,0.4214867925257715,0,0,0.3194444444444444,-0.01372445817045412,0.02183809677043545,0.5471079244845372,0.45289207551546284,0.22306422011846183,0.016297591579556594,0.016074527359438134,0.0243094062948869,0.0110016758787904,72,fitted,
2018-06-30,2018-05-31,ML Gradient Boosting Base,Gradient Boosting,equity_ret + bond_ret + log_rv_ann + log_iv_ann,4,0.42133220602743493,0,0,0.3194444444444444,-0.0134193829272716,0.02183809677043545,0.5472006763835391,0.4527993236164609,0.00018550379800386096,0.0036114116207826012,0.0036112261169845973,0.0057506380670362,0.0069522162226171,72,fitted,
2018-07-31,2018-06-30,ML Gradient Boosting Base,Gradient Boosting,equity_ret + bond_ret + log_rv_ann + log_iv_ann,4,0.2867051541792169,0,0,0.3194444444444444,-0.0134193829272716,0.020036292629478442,0.6279769074924699,0.3720230925075301,0.16155246221786168,0.02315553485703151,0.02299398239481365,0.0370465593619937,0.0074932326452525,72,fitted,
2018-08-31,2018-07-31,ML Gradient Boosting Base,Gradient Boosting,equity_ret + bond_ret + log_rv_ann + log_iv_ann,4,0.6315951881364067,1,0,0.3194444444444444,-0.0134193829272716,0.020036292629478442,0.42104288711815596,0.578957112881844,0.41386804074862793,0.016728318321719247,0.01631445028097062,0.0319200726736803,0.0051995850054083,72,fitted,
2018-09-30,2018-08-31,ML Gradient Boosting Base,Gradient Boosting,equity_ret + bond_ret + log_rv_ann + log_iv_ann,4,0.5892727354858492,1,0,0.3194444444444444,-0.0134193829272716,0.020036292629478442,0.44643635870849047,0.5535636412915095,0.050786943180669064,-0.0007762137491871112,-0.0008270006923677802,0.0059453879165258,0.0028989515877322,72,fitted,
2018-10-31,2018-09-30,ML Gradient Boosting Base,Gradient Boosting,equity_ret + bond_ret + log_rv_ann + log_iv_ann,4,0.27743949560904346,0,1,0.3194444444444444,-0.0134193829272716,0.020036292629478442,0.633536302634574,0.36646369736542606,0.3741998878521669,-0.04614029773347726,-0.04651449762132943,-0.0691042387374787,0.0541512353077064,72,fitted,
2018-11-30,2018-10-31,ML Gradient Boosting Base,Gradient Boosting,equity_ret + bond_ret + log_rv_ann + log_iv_ann,4,0.8096977127243297,1,1,0.3055555555555556,-0.0134193829272716,0.02183809677043545,0.3141813723654022,0.6858186276345978,0.6387098605383434,0.011119161380870627,0.010480451520332284,0.0185491980903704,0.0337290643444268,72,fitted,
2018-12-31,2018-11-30,ML Gradient Boosting Base,Gradient Boosting,equity_ret + bond_ret + log_rv_ann + log_iv_ann,4,0.2763640077428793,0,1,0.3055555555555556,-0.0134193829272716,0.022509987826379294,0.6341815953542724,0.36581840464572757,0.6400004459777404,-0.048591207229380526,-0.04923120767535827,-0.0880482601435995,0.0819994357360099,72,fitted,
2019-01-31,2018-12-31,ML Gradient Boosting Base,Gradient Boosting,equity_ret + bond_ret + log_rv_ann + log_iv_ann,4,0.6314600578559848,1,1,0.2916666666666667,-0.01372445817045412,0.026519372298884798,0.4211239652864091,0.5788760347135908,0.4261152601357266,0.03899048095842339,0.03856436569828767,0.0800652766185778,0.0348266773224755,72,fitted,
2019-02-28,2019-01-31,ML Gradient Boosting Base,Gradient Boosting,equity_ret + bond_ret + log_rv_ann + log_iv_ann,4,0.6381519833865797,1,0,0.3055555555555556,-0.01372445817045412,0.027888837636994485,0.41710880996805216,0.5828911900319478,0.008030310636713889,0.012857673423889705,0.012849643113252991,0.0324160808511369,0.010145527749623,72,fitted,
2019-03-31,2019-02-28,ML Gradient Boosting Base,Gradient Boosting,equity_ret + bond_ret + log_rv_ann + log_iv_ann,4,0.3500094895401256,0,0,0.3055555555555556,-0.01372445817045412,0.027888837636994485,0.5899943062759248,0.41000569372407525,0.3457709926157451,0.019382077200640724,0.01903630620802498,0.0181005597670835,0.0134174937530691,72,fitted,
2019-04-30,2019-03-31,ML Gradient Boosting Base,Gradient Boosting,equity_ret + bond_ret + log_rv_ann + log_iv_ann,4,0.44334832812526015,0,0,0.3055555555555556,-0.01372445817045412,0.027888837636994485,0.5339910031248439,0.46600899687515607,0.11200660630216164,0.020881346450180485,0.020769339843878323,0.0408522807714701,0.0045284274287446,72,fitted,
2019-05-31,2019-04-30,ML Gradient Boosting Base,Gradient Boosting,equity_ret + bond_ret + log_rv_ann + log_iv_ann,4,0.28245062099528656,0,1,0.3055555555555556,-0.01372445817045412,0.027888837636994485,0.630529627402828,0.36947037259717197,0.1930772485559682,-0.033150123360759384,-0.03334320060931535,-0.0637715446163655,0.0232894863692865,72,fitted,
2019-06-30,2019-05-31,ML Gradient Boosting Base,Gradient Boosting,equity_ret + bond_ret + log_rv_ann + log_iv_ann,4,0.27857281808034645,0,0,0.3055555555555556,-0.015323467937162138,0.027888837636994485,0.6328563091517923,0.36714369084820775,0.004653363497928442,0.04807202400483589,0.04806737064133796,0.0695869836370073,0.0150522029767334,72,fitted,
2019-07-31,2019-06-30,ML Gradient Boosting Base,Gradient Boosting,equity_ret + bond_ret + log_rv_ann + log_iv_ann,4,0.14306584239465697,0,0,0.2916666666666667,-0.015323467937162138,0.026556258419461798,0.7141604945632058,0.28583950543679415,0.1626083708228272,0.011317188193447552,0.011154579822624725,0.015119155506172,0.0063572894106064,72,fitted,
2019-08-31,2019-07-31,ML Gradient Boosting Base,Gradient Boosting,equity_ret + bond_ret + log_rv_ann + log_iv_ann,4,0.14359529006589378,0,1,0.2916666666666667,-0.015323467937162138,0.026556258419461798,0.7138428259604638,0.2861571740395362,0.0006353372054841433,-0.003988759236063878,-0.003989394573269362,-0.0167431178325256,0.0529314210345212,72,fitted,
2019-09-30,2019-08-31,ML Gradient Boosting Base,Gradient Boosting,equity_ret + bond_ret + log_rv_ann + log_iv_ann,4,0.6718203781604154,1,0,0.2916666666666667,-0.015323467937162138,0.027888837636994485,0.39690777310375075,0.6030922268962493,0.6338701057134262,0.004031126204464591,0.003397256098751165,0.019457607137904,0.0069507188464891,72,fitted,
2019-10-31,2019-09-30,ML Gradient Boosting Base,Gradient Boosting,equity_ret + bond_ret + log_rv_ann + log_iv_ann,4,0.7466628712379337,1,0,0.2916666666666667,-0.015323467937162138,0.027888837636994485,0.35200227725723976,0.6479977227427602,0.08981099169302192,0.009129700508373403,0.009039889516680381,0.022104910520698,0.0121560388082833,72,fitted,
2019-11-30,2019-10-31,ML Gradient Boosting Base,Gradient Boosting,equity_ret + bond_ret + log_rv_ann + log_iv_ann,4,0.5666524500724494,1,0,0.2916666666666667,-0.015323467937162138,0.027888837636994485,0.4600085299565304,0.5399914700434696,0.2160125053985813,0.01646480673640877,0.016248794231010187,0.0361980390510503,0.0037265753735674,72,fitted,
2019-12-31,2019-11-30,ML Gradient Boosting Base,Gradient Boosting,equity_ret + bond_ret + log_rv_ann + log_iv_ann,4,0.3268196558976091,0,0,0.2916666666666667,-0.015323467937162138,0.027888837636994485,0.6039082064614345,0.3960917935385655,0.2877993530098082,0.0173615357915137,0.017073736438503892,0.0290553857921926,0.0058181637561704,72,fitted,
2020-01-31,2019-12-31,ML Gradient Boosting Base,Gradient Boosting,equity_ret + bond_ret + log_rv_ann + log_iv_ann,4,0.34652560955228917,0,0,0.2916666666666667,-0.015323467937162138,0.027888837636994485,0.5920846342686265,0.40791536573137355,0.023647144385616103,0.008037479954937593,0.008013832810551976,-0.0004039100321869,0.0142020296605696,72,fitted,
2020-02-29,2020-01-31,ML Gradient Boosting Base,Gradient Boosting,equity_ret + bond_ret + log_rv_ann + log_iv_ann,4,0.26952917199904486,0,1,0.2916666666666667,-0.01372445817045412,0.027888837636994485,0.6382824968005731,0.36171750319942686,0.09239572506389337,-0.04479805533049841,-0.0448904510555623,-0.0791656798108233,0.0634267713446377,72,fitted,
2020-03-31,2020-02-29,ML Gradient Boosting Base,Gradient Boosting,equity_ret + bond_ret + log_rv_ann + log_iv_ann,4,0.5623296528655232,1,1,0.2777777777777778,-0.015323467937162138,0.03137255550498972,0.4626022082806861,0.5373977917193139,0.3513605770397741,-0.060596578581385195,-0.06094793915842497,-0.1248710855259812,0.8051106406451516,72,fitted,
2020-04-30,2020-03-31,ML Gradient Boosting Base,Gradient Boosting,equity_ret + bond_ret + log_rv_ann + log_iv_ann,4,0.8663892220626093,1,1,0.2638888888888889,-0.01653555801856568,0.03224220076321822,0.28016646676243445,0.7198335332375656,0.36487148303650335,0.04795094439760974,0.04758607291457324,0.1269835643306984,0.1613253614718995,72,fitted,
2020-05-31,2020-04-30,ML Gradient Boosting Base,Gradient Boosting,equity_ret + bond_ret + log_rv_ann + log_iv_ann,4,0.5717952693721718,1,1,0.2777777777777778,-0.01653555801856568,0.03343323956213717,0.4569228383766969,0.5430771616233031,0.35351274322852494,0.02542260405920699,0.025069091315978467,0.0476451398891062,0.0477456220094945,72,fitted,
2020-06-30,2020-05-31,ML Gradient Boosting Base,Gradient Boosting,equity_ret + bond_ret + log_rv_ann + log_iv_ann,4,0.8123361796351801,1,1,0.2777777777777778,-0.01653555801856568,0.03460715472686576,0.31259829221889196,0.6874017077811081,0.2886490923156099,0.0100745186241189,0.00978586953180329,0.0177345013421075,0.0850247449024201,72,fitted,
2020-07-31,2020-06-30,ML Gradient Boosting Base,Gradient Boosting,equity_ret + bond_ret + log_rv_ann + log_iv_ann,4,0.8749669393069863,1,0,0.2777777777777778,-0.01653555801856568,0.03489814604700694,0.27501983641580824,0.7249801635841917,0.07515691160616733,0.025861914392490956,0.025786757480884787,0.058892149898498,0.0181833778382797,72,fitted,
2020-08-31,2020-07-31,ML Gradient Boosting Base,Gradient Boosting,equity_ret + bond_ret + log_rv_ann + log_iv_ann,4,0.671543219431477,1,0,0.2777777777777778,-0.01653555801856568,0.03489814604700694,0.3970740683411138,0.6029259316588862,0.24410846385061108,0.022748801966892284,0.022504693503041674,0.0697968738185985,0.0089494184556946,72,fitted,
2020-09-30,2020-08-31,ML Gradient Boosting Base,Gradient Boosting,equity_ret + bond_ret + log_rv_ann + log_iv_ann,4,0.6389515833583125,1,1,0.2777777777777778,-0.01653555801856568,0.03489814604700694,0.4166290499850125,0.5833709500149875,0.03910996328779737,-0.01616793712476377,-0.016207047088051565,-0.0374436483963509,0.0584435139542133,72,fitted,
2020-10-31,2020-09-30,ML Gradient Boosting Base,Gradient Boosting,equity_ret + bond_ret + log_rv_ann + log_iv_ann,4,0.82431895681775,1,1,0.2777777777777778,-0.0171745670324448,0.0382056083674359,0.30540862590935003,0.69459137409065,0.22244084815132492,-0.011492854644989753,-0.011715295493141077,-0.0249336012019394,0.0417113427069923,72,fitted,
2020-11-30,2020-10-31,ML Gradient Boosting Base,Gradient Boosting,equity_ret + bond_ret + log_rv_ann + log_iv_ann,4,0.8734753699131305,1,0,0.2638888888888889,-0.01732629922813324,0.0391309151606147,0.2759147780521217,0.7240852219478783,0.05898769571445661,0.038751226950100255,0.0386922392543858,0.1087766095892315,0.0313735993757135,72,fitted,
2020-12-31,2020-11-30,ML Gradient Boosting Base,Gradient Boosting,equity_ret + bond_ret + log_rv_ann + log_iv_ann,4,0.44726614037593015,0,0,0.2638888888888889,-0.01732629922813324,0.0391309151606147,0.5316403157744419,0.46835968422555807,0.5114510754446404,0.020098093550796368,0.019586642475351728,0.037048736202923,0.0067159522540785,72,fitted,
2021-01-31,2020-12-31,ML Gradient Boosting Base,Gradient Boosting,equity_ret + bond_ret + log_rv_ann + log_iv_ann,4,0.553208894352002,1,0,0.2638888888888889,-0.01732629922813324,0.0391309151606147,0.4680746633887988,0.5319253366112012,0.1271313047712863,-0.008730635798668769,-0.008857767103440056,-0.0101906258057092,0.0245146166345033,72,fitted,
2021-02-28,2021-01-31,ML Gradient Boosting Base,Gradient Boosting,equity_ret + bond_ret + log_rv_ann + log_iv_ann,4,0.7926122761010878,1,0,0.2638888888888889,-0.0171745670324448,0.0391309151606147,0.3244326343393474,0.6755673656606527,0.28728405809890284,-0.0012346799990293842,-0.0015219640571282871,0.0278056149599641,0.0239993198244283,72,fitted,
2021-03-31,2021-02-28,ML Gradient Boosting Base,Gradient Boosting,equity_ret + bond_ret + log_rv_ann + log_iv_ann,4,0.7915649047534181,1,0,0.2638888888888889,-0.0171745670324448,0.0391309151606147,0.32506105714794914,0.6749389428520509,0.001256845617203517,0.00702030067159184,0.007019043825974636,0.0453989969246546,0.0211477529194429,72,fitted,
2021-04-30,2021-03-31,ML Gradient Boosting Base,Gradient Boosting,equity_ret + bond_ret + log_rv_ann + log_iv_ann,4,0.6800982670730393,1,0,0.2638888888888889,-0.0171745670324448,0.0391309151606147,0.3919410397561764,0.6080589602438236,0.1337599652164546,0.02518896892181524,0.025055208956598785,0.0529105803307079,0.011960095705553,72,fitted,
2021-05-31,2021-04-30,ML Gradient Boosting Base,Gradient Boosting,equity_ret + bond_ret + log_rv_ann + log_iv_ann,4,0.5073136949232219,1,0,0.2638888888888889,-0.0171745670324448,0.0391309151606147,0.4956117830460669,0.5043882169539331,0.20734148657978096,0.004282276125160474,0.004074934638580693,0.0065659769961186,0.0184358368555118,72,fitted,
2021-06-30,2021-05-31,ML Gradient Boosting Base,Gradient Boosting,equity_ret + bond_ret + log_rv_ann + log_iv_ann,4,0.4483754229343743,0,0,0.2638888888888889,-0.0171745670324448,0.0391309151606147,0.5309747462393754,0.46902525376062465,0.0707259263866169,0.015791572167086033,0.015720846240699415,0.0224276872580317,0.0076236756644047,72,fitted,
2021-07-31,2021-06-30,ML Gradient Boosting Base,Gradient Boosting,equity_ret + bond_ret + log_rv_ann + log_iv_ann,4,0.15073431637719575,0,0,0.25,-0.015432619427162312,0.0391309151606147,0.7095594101736826,0.2904405898263174,0.35716932786861455,0.020565164462580995,0.02020799513471238,0.0244125006416975,0.0126017914009117,72,fitted,
2021-08-31,2021-07-31,ML Gradient Boosting Base,Gradient Boosting,equity_ret + bond_ret + log_rv_ann + log_iv_ann,4,0.2923868198282989,0,0,0.25,-0.015432619427162312,0.0391309151606147,0.6245679081030207,0.37543209189697935,0.16998300414132395,0.017834667285278712,0.017664684281137388,0.0297596367958095,0.0072916961285565,72,fitted,
2021-09-30,2021-08-31,ML Gradient Boosting Base,Gradient Boosting,equity_ret + bond_ret + log_rv_ann + log_iv_ann,4,0.43036067220591745,0,1,0.2638888888888889,-0.00831762950936199,0.0382056083674359,0.5417835966764495,0.4582164033235505,0.16556862285314233,-0.029452920090089447,-0.02961848871294259,-0.0466053391645534,0.0169393666259173,72,fitted,
2021-10-31,2021-09-30,ML Gradient Boosting Base,Gradient Boosting,equity_ret + bond_ret + log_rv_ann + log_iv_ann,4,0.5586419137960577,1,0,0.2777777777777778,-0.00831762950936199,0.03489814604700694,0.4648148517223654,0.5351851482776346,0.1539374899081682,0.03256625792329297,0.0324123204333848,0.070163231687061,0.0138465001309024,72,fitted,
2021-11-30,2021-10-31,ML Gradient Boosting Base,Gradient Boosting,equity_ret + bond_ret + log_rv_ann + log_iv_ann,4,0.7809872525232456,1,0,0.2777777777777778,-0.00831762950936199,0.03489814604700694,0.33140764848605264,0.6685923515139474,0.2668144064726255,-0.0008518484391057395,-0.001118662845578365,-0.0080346346338684,0.0158472021138178,72,fitted,
2021-12-31,2021-11-30,ML Gradient Boosting Base,Gradient Boosting,equity_ret + bond_ret + log_rv_ann + log_iv_ann,4,0.4090500649760848,0,0,0.2777777777777778,-0.009759427571341038,0.03489814604700694,0.5545699610143491,0.4454300389856509,0.44632462505659287,0.024049722292370193,0.023603397667313602,0.0462477179391753,0.0280975939519886,72,fitted,
2022-01-31,2021-12-31,ML Gradient Boosting Base,Gradient Boosting,equity_ret + bond_ret + log_rv_ann + log_iv_ann,4,0.7214767225832154,1,1,0.2777777777777778,-0.006592836571889351,0.03489814604700694,0.36711396645007077,0.6328860335499292,0.3749119891285566,-0.0320108686695786,-0.032385780658707154,-0.0527411838705357,0.0333761810708161,72,fitted,
2022-02-28,2022-01-31,ML Gradient Boosting Base,Gradient Boosting,equity_ret + bond_ret + log_rv_ann + log_iv_ann,4,0.3836209805531353,0,1,0.2916666666666667,-0.006592836571889351,0.03460715472686576,0.5698274116681188,0.4301725883318812,0.40542689043609603,-0.021747953379112863,-0.02215338026954896,-0.0295169814791933,0.0549600150805621,72,fitted,
2022-03-31,2022-02-28,ML Gradient Boosting Base,Gradient Boosting,equity_ret + bond_ret + log_rv_ann + log_iv_ann,4,0.8023911756342249,1,1,0.2777777777777778,-0.009759427571341038,0.03460715472686576,0.3185652946194651,0.681434705380535,0.5025242340973075,-0.007188230846237207,-0.007690755080334515,0.0375903093946135,0.0508991242086973,72,fitted,
2022-04-30,2022-03-31,ML Gradient Boosting Base,Gradient Boosting,equity_ret + bond_ret + log_rv_ann + log_iv_ann,4,0.8337654158929058,1,1,0.2777777777777778,-0.009759427571341038,0.03489814604700694,0.2997407504642566,0.7002592495357434,0.03764908831041691,-0.05295901309916197,-0.052996662187472385,-0.0877689610309558,0.0650108003515997,72,fitted,
2022-05-31,2022-04-30,ML Gradient Boosting Base,Gradient Boosting,equity_ret + bond_ret + log_rv_ann + log_iv_ann,4,0.8332447520085224,1,1,0.2638888888888889,-0.015432619427162312,0.0383085163757907,0.30005314879488654,0.6999468512051135,0.0006247966612598632,0.006001033890567691,0.006000409093906431,0.0022570559091426,0.0940260584652756,72,fitted,
2022-06-30,2022-05-31,ML Gradient Boosting Base,Gradient Boosting,equity_ret + bond_ret + log_rv_ann + log_iv_ann,4,0.7406145534201701,1,1,0.2777777777777778,-0.015432619427162312,0.04120040259813453,0.3556312679478979,0.6443687320521021,0.11115623830602273,-0.039332712579218256,-0.03944386881752428,-0.082460269627578,0.0889215252801937,72,fitted,
2022-07-31,2022-06-30,ML Gradient Boosting Base,Gradient Boosting,equity_ret + bond_ret + log_rv_ann + log_iv_ann,4,0.8863030072439783,1,0,0.2916666666666667,-0.01721843692815344,0.04653876614899408,0.26821819565361305,0.731781804346387,0.1748261445885697,0.04327279220579908,0.04309796606121051,0.0920873250468234,0.0382937338439917,72,fitted,
2022-08-31,2022-07-31,ML Gradient Boosting Base,Gradient Boosting,equity_ret + bond_ret + log_rv_ann + log_iv_ann,4,0.6112728630413262,1,1,0.2916666666666667,-0.01721843692815344,0.04653876614899408,0.43323628217520427,0.5667637178247957,0.33003617304318245,-0.03491946727983799,-0.03524950345288117,-0.0408018508723103,0.03964988655659,72,fitted,
2022-09-30,2022-08-31,ML Gradient Boosting Base,Gradient Boosting,equity_ret + bond_ret + log_rv_ann + log_iv_ann,4,0.6754946967469437,1,1,0.2916666666666667,-0.02341433430196359,0.04653876614899408,0.39470318195183374,0.6052968180481663,0.07706620044674106,-0.06157817122438232,-0.06165523742482906,-0.0924459211402304,0.0607277089411956,72,fitted,
2022-10-31,2022-09-30,ML Gradient Boosting Base,Gradient Boosting,equity_ret + bond_ret + log_rv_ann + log_iv_ann,4,0.7859828569792625,1,1,0.2777777777777778,-0.026915210255425075,0.050268423768856756,0.3284102858124425,0.6715897141875575,0.13258579227878248,0.018105645024102855,0.017973059231824073,0.081275540632878,0.0769434253227362,72,fitted,
2022-11-30,2022-10-31,ML Gradient Boosting Base,Gradient Boosting,equity_ret + bond_ret + log_rv_ann + log_iv_ann,4,0.8309678924787971,1,1,0.2777777777777778,-0.026915210255425075,0.052524961669356426,0.3014192645127218,0.6985807354872782,0.05398204259944139,0.04336120741801075,0.04330722537541131,0.0555915071749977,0.0740758740770046,72,fitted,
2022-12-31,2022-11-30,ML Gradient Boosting Base,Gradient Boosting,equity_ret + bond_ret + log_rv_ann + log_iv_ann,4,0.7386196412470333,1,1,0.2777777777777778,-0.026915210255425075,0.053907272453069366,0.35682821525178005,0.6431717847482199,0.11081790147811654,-0.02616199937248136,-0.026272817273959477,-0.0576283212677928,0.0330097876182882,72,fitted,
2023-01-31,2022-12-31,ML Gradient Boosting Base,Gradient Boosting,equity_ret + bond_ret + log_rv_ann + log_iv_ann,4,0.7081255687965123,1,0,0.2777777777777778,-0.029095707687113937,0.053907272453069366,0.3751246587220926,0.6248753412779073,0.036592886940625124,0.04440031967504155,0.044363726788100924,0.0628875637028856,0.0270783137113775,72,fitted,
2023-02-28,2023-01-31,ML Gradient Boosting Base,Gradient Boosting,equity_ret + bond_ret + log_rv_ann + log_iv_ann,4,0.22673215975791478,0,0,0.2777777777777778,-0.029095707687113937,0.053907272453069366,0.6639607041452511,0.3360392958547489,0.5776720908463169,-0.025651378038900788,-0.026229050129747106,-0.0251428085962797,0.0257109474056733,72,fitted,
2023-03-31,2023-02-28,ML Gradient Boosting Base,Gradient Boosting,equity_ret + bond_ret + log_rv_ann + log_iv_ann,4,0.3010642510083514,0,0,0.2777777777777778,-0.029095707687113937,0.053907272453069366,0.619361449394989,0.38063855060501095,0.0891985095005241,0.033017912016824955,0.03292871350732443,0.0370776993762178,0.0342983710803908,72,fitted,
2023-04-30,2023-03-31,ML Gradient Boosting Base,Gradient Boosting,equity_ret + bond_ret + log_rv_ann + log_iv_ann,4,0.780978497887426,1,0,0.2777777777777778,-0.029095707687113937,0.053907272453069366,0.3314129012675444,0.6685870987324556,0.5758970962548893,0.009142318491626113,0.008566421395371223,0.015975076842235,0.0153013085471043,72,fitted,
2023-05-31,2023-04-30,ML Gradient Boosting Base,Gradient Boosting,equity_ret + bond_ret + log_rv_ann + log_iv_ann,4,0.025340974650250748,0,0,0.2777777777777778,-0.029095707687113937,0.053907272453069366,0.7847954152098496,0.21520458479015037,0.9067650278846104,0.0011602472764818995,0.0002534822485972891,0.0046162773444813,0.0162709612878342,72,fitted,
2023-06-30,2023-05-31,ML Gradient Boosting Base,Gradient Boosting,equity_ret + bond_ret + log_rv_ann + log_iv_ann,4,0.28035755939392787,0,0,0.2777777777777778,-0.029095707687113937,0.053907272453069366,0.6317854643636434,0.36821453563635664,0.30601990169241255,0.039583741072545,0.03927772117085259,0.0647997868231831,0.0126982381756767,72,fitted,
2023-07-31,2023-06-30,ML Gradient Boosting Base,Gradient Boosting,equity_ret + bond_ret + log_rv_ann + log_iv_ann,4,0.8141489292397371,1,0,0.2777777777777778,-0.029095707687113937,0.053907272453069366,0.3115106424561577,0.6884893575438422,0.6405496438149711,0.010091024258808548,0.009450474614993577,0.0327333273782939,0.0080320331531871,72,fitted,
2023-08-31,2023-07-31,ML Gradient Boosting Base,Gradient Boosting,equity_ret + bond_ret + log_rv_ann + log_iv_ann,4,0.08659574872805023,0,0,0.2777777777777778,-0.029095707687113937,0.053907272453069366,0.7480425507631698,0.25195744923683017,0.8730638166140241,-0.013748006478580373,-0.014621070295194397,-0.0162522872564353,0.0135663756498067,72,fitted,
2023-09-30,2023-08-31,ML Gradient Boosting Base,Gradient Boosting,equity_ret + bond_ret + log_rv_ann + log_iv_ann,4,0.29707641054854095,0,1,0.2777777777777778,-0.029095707687113937,0.053907272453069366,0.6217541536708754,0.3782458463291246,0.2525767941845889,-0.03928765420583073,-0.03954023100001532,-0.0474343383529096,0.0123089230331672,72,fitted,
2023-10-31,2023-09-30,ML Gradient Boosting Base,Gradient Boosting,equity_ret + bond_ret + log_rv_ann + log_iv_ann,4,0.6088646316632743,1,0,0.2916666666666667,-0.03499163376062289,0.053907272453069366,0.43468122100203543,0.5653187789979646,0.3741458653376799,-0.01831563843540436,-0.01868978430074204,-0.0217085890517351,0.01986358683567,72,fitted,
2023-11-30,2023-10-31,ML Gradient Boosting Base,Gradient Boosting,equity_ret + bond_ret + log_rv_ann + log_iv_ann,4,0.2153828627842529,0,0,0.2916666666666667,-0.03499163376062289,0.053907272453069366,0.6707702823294484,0.32922971767055165,0.47217812265482584,0.0763920761335714,0.07591989801091657,0.0913438546150167,0.0161631210576473,72,fitted,
2023-12-31,2023-11-30,ML Gradient Boosting Base,Gradient Boosting,equity_ret + bond_ret + log_rv_ann + log_iv_ann,4,0.17377060015191179,0,0,0.2916666666666667,-0.03499163376062289,0.053907272453069366,0.695737639908853,0.30426236009114704,0.049934715158809206,0.0430147458547245,0.04296481113956569,0.0456553235023327,0.0095094452987884,72,fitted,
2024-01-31,2023-12-31,ML Gradient Boosting Base,Gradient Boosting,equity_ret + bond_ret + log_rv_ann + log_iv_ann,4,0.38569166510028996,0,0,0.2916666666666667,-0.03499163376062289,0.053907272453069366,0.568585000939826,0.431414999060174,0.2543052779380539,0.008403427759674465,0.008149122481736411,0.0159264537676127,0.012022422301711,72,fitted,
2024-02-29,2024-01-31,ML Gradient Boosting Base,Gradient Boosting,equity_ret + bond_ret + log_rv_ann + log_iv_ann,4,0.07058144409007952,0,0,0.2916666666666667,-0.03499163376062289,0.053907272453069366,0.7576511335459523,0.24234886645404774,0.3781322652122525,0.035965772560902505,0.035587640295690254,0.0521867637573512,0.0180361802883255,72,fitted,
2024-03-31,2024-02-29,ML Gradient Boosting Base,Gradient Boosting,equity_ret + bond_ret + log_rv_ann + log_iv_ann,4,0.3006680366715384,0,0,0.2916666666666667,-0.029095707687113937,0.052524961669356426,0.619599177997077,0.380400822002923,0.27610391109775057,0.023695207848007636,0.023419103936909887,0.0327019623256443,0.0093227575805002,72,fitted,
2024-04-30,2024-03-31,ML Gradient Boosting Base,Gradient Boosting,equity_ret + bond_ret + log_rv_ann + log_iv_ann,4,0.1401581912693493,0,1,0.2916666666666667,-0.028642146902610577,0.052524961669356426,0.7159050852383906,0.2840949147616094,0.1926118144826272,-0.03590557683451686,-0.03609818864899949,-0.0403195712622416,0.0183152967077742,72,fitted,
2024-05-31,2024-04-30,ML Gradient Boosting Base,Gradient Boosting,equity_ret + bond_ret + log_rv_ann + log_iv_ann,4,0.14322826440434971,0,0,0.3055555555555556,-0.03585831501291937,0.052524961669356426,0.7140630413573903,0.2859369586426097,0.0036840877620005763,0.04089093095801202,0.04088724687025002,0.050579662758128,0.0101744101541005,72,fitted,
2024-06-30,2024-05-31,ML Gradient Boosting Base,Gradient Boosting,equity_ret + bond_ret + log_rv_ann + log_iv_ann,4,0.2850577974060408,0,0,0.3055555555555556,-0.03585831501291937,0.052524961669356426,0.6289653215563755,0.3710346784436245,0.17019543960202954,0.02547555776902734,0.02530536232942531,0.0352802155686315,0.0057546308194498,72,fitted,
2024-07-31,2024-06-30,ML Gradient Boosting Base,Gradient Boosting,equity_ret + bond_ret + log_rv_ann + log_iv_ann,4,0.4626750780155239,0,0,0.3055555555555556,-0.03585831501291937,0.052524961669356426,0.5223949531906857,0.47760504680931426,0.21314073673137957,0.017879773876003688,0.01766663313927231,0.0121090001742765,0.0207364655978954,72,fitted,
2024-08-31,2024-07-31,ML Gradient Boosting Base,Gradient Boosting,equity_ret + bond_ret + log_rv_ann + log_iv_ann,4,0.2576080519501028,0,0,0.3055555555555556,-0.03585831501291937,0.052524961669356426,0.6454351688299385,0.35456483117006155,0.24608043127850543,0.02026273409676274,0.020016653665484236,0.0233655116495199,0.0345395476672931,72,fitted,
2024-09-30,2024-08-31,ML Gradient Boosting Base,Gradient Boosting,equity_ret + bond_ret + log_rv_ann + log_iv_ann,4,0.6238296802173213,1,0,0.3055555555555556,-0.03585831501291937,0.052524961669356426,0.4257021918696072,0.5742978081303928,0.43946595392066246,0.01659608081276978,0.01615661485884912,0.0210046691575342,0.0182264857507831,72,fitted,
2024-10-31,2024-09-30,ML Gradient Boosting Base,Gradient Boosting,equity_ret + bond_ret + log_rv_ann + log_iv_ann,4,0.10415605411004994,0,0,0.3055555555555556,-0.03585831501291937,0.052524961669356426,0.7375063675339701,0.26249363246602986,0.6236083513287258,-0.013192565893373438,-0.013816174244702164,-0.0089233226091341,0.0121040367628089,72,fitted,
2024-11-30,2024-10-31,ML Gradient Boosting Base,Gradient Boosting,equity_ret + bond_ret + log_rv_ann + log_iv_ann,4,0.4212984594941041,0,0,0.3055555555555556,-0.028642146902610577,0.050268423768856756,0.5472209243035375,0.4527790756964625,0.38057088646086523,0.03766290282348561,0.037282331937024744,0.0596334124214321,0.0193589143729322,72,fitted,
2024-12-31,2024-11-30,ML Gradient Boosting Base,Gradient Boosting,equity_ret + bond_ret + log_rv_ann + log_iv_ann,4,0.10796073764514633,0,0,0.3055555555555556,-0.028642146902610577,0.050268423768856756,0.7352235574129122,0.26477644258708777,0.3760052662187494,-0.02217320621222857,-0.02254921147844732,-0.0240601679420293,0.0201427399796311,72,fitted,
2025-01-31,2024-12-31,ML Gradient Boosting Base,Gradient Boosting,equity_ret + bond_ret + log_rv_ann + log_iv_ann,4,0.16053736600068588,0,0,0.3194444444444444,-0.025100967117411638,0.04653876614899408,0.7036775803995885,0.2963224196004115,0.06309195402664747,0.02042712981796518,0.020364037863938533,0.0268563430385335,0.0181639146208578,72,fitted,
2025-02-28,2025-01-31,ML Gradient Boosting Base,Gradient Boosting,equity_ret + bond_ret + log_rv_ann + log_iv_ann,4,0.0498036855819726,0,0,0.3194444444444444,-0.025100967117411638,0.04653876614899408,0.7701177886508166,0.2298822113491834,0.1328804165024562,-0.0046331753347247425,-0.0047660557512271984,-0.0126948383346631,0.0156150264513951,72,fitted,
2025-03-31,2025-02-28,ML Gradient Boosting Base,Gradient Boosting,equity_ret + bond_ret + log_rv_ann + log_iv_ann,4,0.17379261030009385,0,1,0.3194444444444444,-0.025100967117411638,0.04653876614899408,0.6957244338199436,0.30427556618005636,0.1487867096617459,-0.038845261653357256,-0.038994048363019,-0.0557193109152176,0.0429462964131152,72,fitted,
2025-04-30,2025-03-31,ML Gradient Boosting Base,Gradient Boosting,equity_ret + bond_ret + log_rv_ann + log_iv_ann,4,0.687589032088222,1,1,0.3194444444444444,-0.028642146902610577,0.04678575689021866,0.38744658074706684,0.6125534192529332,0.6165557061457536,-0.0007187817337022495,-0.001335337439848003,-0.0086700565441837,0.2567628013799623,72,fitted,
2025-05-31,2025-04-30,ML Gradient Boosting Base,Gradient Boosting,equity_ret + bond_ret + log_rv_ann + log_iv_ann,4,0.8656141618255432,1,0,0.3194444444444444,-0.028642146902610577,0.050268423768856756,0.2806315029046741,0.7193684970953259,0.2136301556847855,0.01327051989362809,0.013056889737943304,0.0628449330316358,0.0291108184760711,72,fitted,
2025-06-30,2025-05-31,ML Gradient Boosting Base,Gradient Boosting,equity_ret + bond_ret + log_rv_ann + log_iv_ann,4,0.6814854482295775,1,0,0.3194444444444444,-0.025100967117411638,0.050268423768856756,0.3911087310622535,0.6088912689377465,0.22095445631515886,0.028959108677379008,0.02873815422106385,0.0513862300067524,0.0104482979209881,72,fitted,
2025-07-31,2025-06-30,ML Gradient Boosting Base,Gradient Boosting,equity_ret + bond_ret + log_rv_ann + log_iv_ann,4,0.17631839360318793,0,0,0.3194444444444444,-0.025100967117411638,0.050268423768856756,0.6942089638380874,0.3057910361619126,0.6062004655516677,0.015181493709623189,0.014575293244071521,0.0230314465157532,0.0045755355674042,72,fitted,
2025-08-31,2025-07-31,ML Gradient Boosting Base,Gradient Boosting,equity_ret + bond_ret + log_rv_ann + log_iv_ann,4,0.5917075243824493,1,0,0.3194444444444444,-0.025100967117411638,0.050268423768856756,0.44497548537053044,0.5550245146294696,0.4984669569351139,0.01573750051074156,0.015239033553806448,0.020519581676716,0.0138541544091754,72,fitted,
2025-09-30,2025-08-31,ML Gradient Boosting Base,Gradient Boosting,equity_ret + bond_ret + log_rv_ann + log_iv_ann,4,0.22063261158071446,0,0,0.3194444444444444,-0.025100967117411638,0.04678575689021866,0.6676204330515714,0.33237956694842863,0.44528989536208186,0.027526032707989884,0.027080742812627803,0.0356203351082846,0.0055984775803282,72,fitted,
2025-10-31,2025-09-30,ML Gradient Boosting Base,Gradient Boosting,equity_ret + bond_ret + log_rv_ann + log_iv_ann,4,0.17263274228573894,0,0,0.3194444444444444,-0.025100967117411638,0.04678575689021866,0.6964203546285566,0.30357964537144344,0.057599843153970376,0.018469245028848145,0.018411645185694176,0.0238373935763009,0.0199937619170661,72,fitted,
2025-11-30,2025-10-31,ML Gradient Boosting Base,Gradient Boosting,equity_ret + bond_ret + log_rv_ann + log_iv_ann,4,0.04727063962119448,0,0,0.3194444444444444,-0.025100967117411638,0.04678575689021866,0.7716376162272834,0.22836238377271656,0.15043452319745376,0.0028879243780390302,0.0027374898548415765,0.0019500049129079,0.0218304524668779,72,fitted,
2025-12-31,2025-11-30,ML Gradient Boosting Base,Gradient Boosting,equity_ret + bond_ret + log_rv_ann + log_iv_ann,4,0.053220727993120005,0,0,0.3194444444444444,-0.025100967117411638,0.04678575689021866,0.7680675632041281,0.23193243679587194,0.007140106046310768,-3.452831862669125e-05,-4.166842467300202e-05,0.0007975029584423,0.0072805308906585,72,fitted,
2026-01-31,2025-12-31,ML Gradient Boosting Base,Gradient Boosting,equity_ret + bond_ret + log_rv_ann + log_iv_ann,4,0.5372942597250279,1,0,0.3194444444444444,-0.025100967117411638,0.04678575689021866,0.4776234441649833,0.5223765558350166,0.5808882380782894,0.008346590656887075,0.007765702418808786,0.0147377288395744,0.0104027816905062,72,fitted,
2026-02-28,2026-01-31,ML Gradient Boosting Base,Gradient Boosting,equity_ret + bond_ret + log_rv_ann + log_iv_ann,4,0.12758822012846374,0,0,0.3194444444444444,-0.025100967117411638,0.04678575689021866,0.7234470679229219,0.2765529320770781,0.49164724751587713,-0.0018323385918037763,-0.0023239858393196535,-0.0086419583402239,0.0155355419994685,72,fitted,
2026-03-31,2026-02-28,ML Gradient Boosting Base,Gradient Boosting,equity_ret + bond_ret + log_rv_ann + log_iv_ann,4,0.2431097558718645,0,1,0.3194444444444444,-0.024758914549957378,0.042699305671890626,0.6541341464768813,0.3458658535231187,0.13862584289208124,-0.03850762292515565,-0.03864624876804773,-0.0493795666434433,0.0336631117304774,72,fitted,
2026-04-30,2026-03-31,ML Gradient Boosting Base,Gradient Boosting,equity_ret + bond_ret + log_rv_ann + log_iv_ann,4,0.7508701075955876,1,0,0.3194444444444444,-0.024758914549957378,0.041299051476911854,0.3494779354426475,0.6505220645573525,0.6093124220684676,0.03781172617584044,0.03720241375377198,0.1050526868659724,0.0185667696328473,72,fitted,
2026-05-31,2026-04-30,ML Gradient Boosting Base,Gradient Boosting,equity_ret + bond_ret + log_rv_ann + log_iv_ann,4,0.06604999993010201,0,0,0.3055555555555556,-0.024758914549957378,0.03937865601407035,0.7603700000419388,0.23962999995806122,0.8217841291985826,0.04071862924094939,0.03989684511175081,0.0526257530375027,0.0113541354564915,72,fitted,
2026-06-30,2026-05-31,ML Gradient Boosting Base,Gradient Boosting,equity_ret + bond_ret + log_rv_ann + log_iv_ann,4,0.16172579562028042,0,0,0.3055555555555556,-0.024758914549957378,0.037542896608651996,0.7029645226278318,0.2970354773721682,0.11481095482821391,-0.007475176408772484,-0.007589987363600698,-0.010292566443839,0.0305821878815242,72,fitted,
2026-07-31,2026-06-30,ML Gradient Boosting Base,Gradient Boosting,equity_ret + bond_ret + log_rv_ann + log_iv_ann,4,0.34343287416032064,0,0,0.3055555555555556,-0.024758914549957378,0.034491312349912644,0.5939402755038076,0.40605972449619243,0.2180484942480485,0.00037919746535755366,0.00016114897110950516,0.0029192289711224,0.0307701984972596,72,fitted,
2011-04-30,2011-03-31,ML Gradient Boosting + VRP,Gradient Boosting,equity_ret + bond_ret + log_rv_ann + log_iv_ann + vrp_proxy + log_iv_rv,6,0.6262313628981031,1,0,0.2916666666666667,-0.02540426883526746,0.05024129622728161,0.4242611822611381,0.5757388177388618,1.0,0.021311635001604046,0.020311635001604045,0.0289613761733893,0.0075587205607825,72,fitted,
2011-05-31,2011-04-30,ML Gradient Boosting + VRP,Gradient Boosting,equity_ret + bond_ret + log_rv_ann + log_iv_ann + vrp_proxy + log_iv_rv,6,0.07954474266591866,0,0,0.2916666666666667,-0.02540426883526746,0.05024129622728161,0.7522731544004488,0.24772684559955116,0.6560239442786213,-0.0053648339013233305,-0.006020857845601952,-0.0112144254815793,0.0110761203392562,72,fitted,
2011-06-30,2011-05-31,ML Gradient Boosting + VRP,Gradient Boosting,equity_ret + bond_ret + log_rv_ann + log_iv_ann + vrp_proxy + log_iv_rv,6,0.17001013165496287,0,0,0.2916666666666667,-0.02540426883526746,0.05024129622728161,0.6979939210070223,0.3020060789929777,0.1085584667868531,-0.013119640807679085,-0.013228199274465939,-0.0168700078463259,0.0214107095288551,72,fitted,
2011-07-31,2011-06-30,ML Gradient Boosting + VRP,Gradient Boosting,equity_ret + bond_ret + log_rv_ann + log_iv_ann + vrp_proxy + log_iv_rv,6,0.5589632802858924,1,0,0.2916666666666667,-0.02540426883526746,0.05024129622728161,0.4646220318284646,0.5353779681715354,0.46674377835711534,-0.00026439183533803236,-0.0007311356136951477,-0.0200043491479079,0.0234689545298284,72,fitted,
2011-08-31,2011-07-31,ML Gradient Boosting + VRP,Gradient Boosting,equity_ret + bond_ret + log_rv_ann + log_iv_ann + vrp_proxy + log_iv_rv,6,0.19607631756366267,0,1,0.2916666666666667,-0.02540426883526746,0.05024129622728161,0.6823542094618025,0.3176457905381975,0.4354643552666757,-0.032683289021268117,-0.03311875337653479,-0.0549756689838916,0.2183075845871292,72,fitted,
2011-09-30,2011-08-31,ML Gradient Boosting + VRP,Gradient Boosting,equity_ret + bond_ret + log_rv_ann + log_iv_ann + vrp_proxy + log_iv_rv,6,0.8345355054094521,1,1,0.2916666666666667,-0.029265442999799995,0.05215353486915771,0.2992786967543288,0.7007213032456712,0.7661510254149473,-0.01537674855639052,-0.016142899581805467,-0.0694209569617928,0.0837550521056862,72,fitted,
2011-10-31,2011-09-30,ML Gradient Boosting + VRP,Gradient Boosting,equity_ret + bond_ret + log_rv_ann + log_iv_ann + vrp_proxy + log_iv_rv,6,0.9438295565027048,1,1,0.2777777777777778,-0.03107264108505382,0.06131442345129999,0.23370226609837713,0.7662977339016228,0.1311528613119033,0.026477149974384755,0.026345997113072853,0.1091471376825803,0.0854744311998559,72,fitted,
2011-11-30,2011-10-31,ML Gradient Boosting + VRP,Gradient Boosting,equity_ret + bond_ret + log_rv_ann + log_iv_ann + vrp_proxy + log_iv_rv,6,0.9042215915278025,1,1,0.2916666666666667,-0.03107264108505382,0.06726469050944478,0.2574670450833185,0.7425329549166815,0.04752955796988273,-0.0035023266097693752,-0.003549856167739258,-0.0040636591106093,0.0892741878172766,72,fitted,
2011-12-31,2011-11-30,ML Gradient Boosting + VRP,Gradient Boosting,equity_ret + bond_ret + log_rv_ann + log_iv_ann + vrp_proxy + log_iv_rv,6,0.9634960145361546,1,0,0.3055555555555556,-0.03107264108505382,0.06977431435421386,0.22190239127830724,0.7780976087216928,0.07112930761002256,0.012874731031527975,0.012803601723917953,0.01044831087433,0.0337262085043343,72,fitted,
2012-01-31,2011-12-31,ML Gradient Boosting + VRP,Gradient Boosting,equity_ret + bond_ret + log_rv_ann + log_iv_ann + vrp_proxy + log_iv_rv,6,0.44732350080173666,0,0,0.3055555555555556,-0.03107264108505382,0.06977431435421386,0.531605899518958,0.468394100481042,0.6194070164813015,0.028051992479511016,0.027432585463029714,0.0463746526390511,0.0083654259453761,72,fitted,
2012-02-29,2012-01-31,ML Gradient Boosting + VRP,Gradient Boosting,equity_ret + bond_ret + log_rv_ann + log_iv_ann + vrp_proxy + log_iv_rv,6,0.24084066718485134,0,0,0.3055555555555556,-0.03107264108505382,0.06977431435421386,0.6554955996890892,0.3445044003109108,0.24777940034026247,0.02840571593044563,0.028157936530105367,0.0434056984734232,0.0073543583714155,72,fitted,
2012-03-31,2012-02-29,ML Gradient Boosting + VRP,Gradient Boosting,equity_ret + bond_ret + log_rv_ann + log_iv_ann + vrp_proxy + log_iv_rv,6,0.19161980508571053,0,0,0.3055555555555556,-0.03107264108505382,0.06977431435421386,0.6850281169485737,0.3149718830514263,0.05906503451896894,0.02022835857740079,0.02016929354288182,0.0321635863595661,0.0131720446982552,72,fitted,
2012-04-30,2012-03-31,ML Gradient Boosting + VRP,Gradient Boosting,equity_ret + bond_ret + log_rv_ann + log_iv_ann + vrp_proxy + log_iv_rv,6,0.08339006735112972,0,0,0.3055555555555556,-0.03107264108505382,0.06977431435421386,0.7499659595893221,0.2500340404106779,0.12987568528149684,-0.0027414212494182573,-0.002871296934699754,-0.0066757506999459,0.0190166819597253,72,fitted,
2012-05-31,2012-04-30,ML Gradient Boosting + VRP,Gradient Boosting,equity_ret + bond_ret + log_rv_ann + log_iv_ann + vrp_proxy + log_iv_rv,6,0.29855942929838714,0,1,0.3055555555555556,-0.03107264108505382,0.06977431435421386,0.6208643424209678,0.3791356575790322,0.25820323433670866,-0.033198482677533794,-0.0334566859118705,-0.0600555737185005,0.0184635370320247,72,fitted,
2012-06-30,2012-05-31,ML Gradient Boosting + VRP,Gradient Boosting,equity_ret + bond_ret + log_rv_ann + log_iv_ann + vrp_proxy + log_iv_rv,6,0.48960907446719965,0,0,0.3055555555555556,-0.03533607479626376,0.06977431435421386,0.5062345553196802,0.4937654446803198,0.22925957420257514,0.020446088480209415,0.020216828906006838,0.0405811990245525,0.0416179538698594,72,fitted,
2012-07-31,2012-06-30,ML Gradient Boosting + VRP,Gradient Boosting,equity_ret + bond_ret + log_rv_ann + log_iv_ann + vrp_proxy + log_iv_rv,6,0.2831503298371861,0,0,0.3055555555555556,-0.03533607479626376,0.06977431435421386,0.6301098020976884,0.3698901979023116,0.24775049355601642,0.0124923623677384,0.012244611874182383,0.0118296419497001,0.0188292832116557,72,fitted,
2012-08-31,2012-07-31,ML Gradient Boosting + VRP,Gradient Boosting,equity_ret + bond_ret + log_rv_ann + log_iv_ann + vrp_proxy + log_iv_rv,6,0.3745960361204564,0,0,0.3055555555555556,-0.03533607479626376,0.06977431435421386,0.5752423783277263,0.4247576216722737,0.10973484753992424,0.014411180179810341,0.014301445332270417,0.0250523617917455,0.0079970053660368,72,fitted,
2012-09-30,2012-08-31,ML Gradient Boosting + VRP,Gradient Boosting,equity_ret + bond_ret + log_rv_ann + log_iv_ann + vrp_proxy + log_iv_rv,6,0.18935565712066696,0,0,0.3055555555555556,-0.03533607479626376,0.06977431435421386,0.6863866057275998,0.3136133942724002,0.22228845479974702,0.01823657758442496,0.018014289129625213,0.0253509542714824,0.012787973643012,72,fitted,
2012-10-31,2012-09-30,ML Gradient Boosting + VRP,Gradient Boosting,equity_ret + bond_ret + log_rv_ann + log_iv_ann + vrp_proxy + log_iv_rv,6,0.06558163440881898,0,0,0.3055555555555556,-0.03533607479626376,0.06977431435421386,0.7606510193547087,0.2393489806452913,0.1485288272542178,-0.013955641847603912,-0.01410417067485813,-0.0181984465942166,0.0111640835734069,72,fitted,
2012-11-30,2012-10-31,ML Gradient Boosting + VRP,Gradient Boosting,equity_ret + bond_ret + log_rv_ann + log_iv_ann + vrp_proxy + log_iv_rv,6,0.349612787620085,0,0,0.3055555555555556,-0.03533607479626376,0.06977431435421386,0.5902323274279491,0.40976767257205093,0.34083738385351925,0.004449826256835638,0.004108988872982119,0.0056596591664745,0.0222651919464717,72,fitted,
2012-12-31,2012-11-30,ML Gradient Boosting + VRP,Gradient Boosting,equity_ret + bond_ret + log_rv_ann + log_iv_ann + vrp_proxy + log_iv_rv,6,0.20828519929543776,0,0,0.3055555555555556,-0.03533607479626376,0.06977431435421386,0.6750288804227373,0.32497111957726266,0.16959310598957655,0.005234135640482964,0.005064542534493388,0.008934591377669,0.0121228158935489,72,fitted,
2013-01-31,2012-12-31,ML Gradient Boosting + VRP,Gradient Boosting,equity_ret + bond_ret + log_rv_ann + log_iv_ann + vrp_proxy + log_iv_rv,6,0.24886965650981355,0,0,0.3055555555555556,-0.03533607479626376,0.06977431435421386,0.650678206094112,0.349321793905888,0.04870134865725073,0.031138332229078167,0.031089630880420917,0.0511901683618252,0.0107814717977941,72,fitted,
2013-02-28,2013-01-31,ML Gradient Boosting + VRP,Gradient Boosting,equity_ret + bond_ret + log_rv_ann + log_iv_ann + vrp_proxy + log_iv_rv,6,0.09024070155719265,0,0,0.3055555555555556,-0.03533607479626376,0.06977431435421386,0.7458555790656844,0.25414442093431555,0.19035474594314494,0.011018154707808264,0.01082779996186512,0.0127590213208466,0.0157771665562433,72,fitted,
2013-03-31,2013-02-28,ML Gradient Boosting + VRP,Gradient Boosting,equity_ret + bond_ret + log_rv_ann + log_iv_ann + vrp_proxy + log_iv_rv,6,0.10178884831285992,0,0,0.3055555555555556,-0.03533607479626376,0.06977431435421386,0.738926691012284,0.26107330898771597,0.013857776106800834,0.02831497472719125,0.028301116951084452,0.0379711887423981,0.0061156058796676,72,fitted,
2013-04-30,2013-03-31,ML Gradient Boosting + VRP,Gradient Boosting,equity_ret + bond_ret + log_rv_ann + log_iv_ann + vrp_proxy + log_iv_rv,6,0.0680369154827073,0,0,0.3055555555555556,-0.03533607479626376,0.06977431435421386,0.7591778507103756,0.24082214928962442,0.040502319396183095,0.016917998705502965,0.01687749638610678,0.0192120425258286,0.0201297160662904,72,fitted,
2013-05-31,2013-04-30,ML Gradient Boosting + VRP,Gradient Boosting,equity_ret + bond_ret + log_rv_ann + log_iv_ann + vrp_proxy + log_iv_rv,6,0.47848792282825664,0,0,0.3055555555555556,-0.03533607479626376,0.06977431435421386,0.5129072463030461,0.48709275369695393,0.492541208814659,0.0023622779972599078,0.0018697367884452486,0.0236100506671108,0.0105088114329687,72,fitted,
2013-06-30,2013-05-31,ML Gradient Boosting + VRP,Gradient Boosting,equity_ret + bond_ret + log_rv_ann + log_iv_ann + vrp_proxy + log_iv_rv,6,0.08371365285254753,0,0,0.3055555555555556,-0.03533607479626376,0.06977431435421386,0.7497718082884715,0.25022819171152855,0.47372912397085076,-0.01392247400690506,-0.01439620313087591,-0.0133447853857828,0.0300261699601843,72,fitted,
2013-07-31,2013-06-30,ML Gradient Boosting + VRP,Gradient Boosting,equity_ret + bond_ret + log_rv_ann + log_iv_ann + vrp_proxy + log_iv_rv,6,0.27818550825844446,0,0,0.3055555555555556,-0.03533607479626376,0.06977431435421386,0.6330886950449334,0.36691130495506663,0.23336622648707617,0.03370316129147922,0.03346979506499214,0.0516768409309673,0.0058845046247947,72,fitted,
2013-08-31,2013-07-31,ML Gradient Boosting + VRP,Gradient Boosting,equity_ret + bond_ret + log_rv_ann + log_iv_ann + vrp_proxy + log_iv_rv,6,0.06874217257225024,0,0,0.3055555555555556,-0.03424248759524367,0.06977431435421386,0.75875469645665,0.24124530354335005,0.25133200282343315,-0.024750160563382133,-0.025001492566205565,-0.0299920451157992,0.0097758966126948,72,fitted,
2013-09-30,2013-08-31,ML Gradient Boosting + VRP,Gradient Boosting,equity_ret + bond_ret + log_rv_ann + log_iv_ann + vrp_proxy + log_iv_rv,6,0.21155197972875817,0,0,0.3055555555555556,-0.03507238154346391,0.06977431435421386,0.6730688121627451,0.32693118783725494,0.17137176858780978,0.02496391661342241,0.024792544844834598,0.0316465616335366,0.0072570980514356,72,fitted,
2013-10-31,2013-09-30,ML Gradient Boosting + VRP,Gradient Boosting,equity_ret + bond_ret + log_rv_ann + log_iv_ann + vrp_proxy + log_iv_rv,6,0.09800877362836612,0,0,0.3055555555555556,-0.03507238154346391,0.06977431435421386,0.7411947358229805,0.25880526417701955,0.1362518473204708,0.03647694009042732,0.03634068824310685,0.0463062010108756,0.0162586541179686,72,fitted,
2013-11-30,2013-10-31,ML Gradient Boosting + VRP,Gradient Boosting,equity_ret + bond_ret + log_rv_ann + log_iv_ann + vrp_proxy + log_iv_rv,6,0.08636925427003089,0,0,0.3055555555555556,-0.03507238154346391,0.06977431435421386,0.7481784474379816,0.25182155256201844,0.013967423230002218,0.02154336924829378,0.021529401825063778,0.0296382009223603,0.0076676402226258,72,fitted,
2013-12-31,2013-11-30,ML Gradient Boosting + VRP,Gradient Boosting,equity_ret + bond_ret + log_rv_ann + log_iv_ann + vrp_proxy + log_iv_rv,6,0.2928200005983147,0,0,0.3055555555555556,-0.029162151167578955,0.06883783694844543,0.6243079996410111,0.37569200035898886,0.24774089559394086,0.014094377818552533,0.013846636922958592,0.0259262463698537,0.0093337447007758,72,fitted,
2014-01-31,2013-12-31,ML Gradient Boosting + VRP,Gradient Boosting,equity_ret + bond_ret + log_rv_ann + log_iv_ann + vrp_proxy + log_iv_rv,6,0.1916313440426149,0,1,0.3055555555555556,-0.029162151167578955,0.06883783694844543,0.685021193574431,0.31497880642556897,0.12142638786683979,-0.019292412361940667,-0.019413838749807507,-0.035248510781063,0.0159872280500098,72,fitted,
2014-02-28,2014-01-31,ML Gradient Boosting + VRP,Gradient Boosting,equity_ret + bond_ret + log_rv_ann + log_iv_ann + vrp_proxy + log_iv_rv,6,0.15707991214754627,0,0,0.3055555555555556,-0.029162151167578955,0.06883783694844543,0.7057520527114723,0.29424794728852766,0.041461718274082626,0.03323047911887846,0.03318901740060438,0.0455158663927885,0.0163493295969697,72,fitted,
2014-03-31,2014-02-28,ML Gradient Boosting + VRP,Gradient Boosting,equity_ret + bond_ret + log_rv_ann + log_iv_ann + vrp_proxy + log_iv_rv,6,0.15032874240995558,0,0,0.3055555555555556,-0.027994505922220927,0.06883783694844543,0.7098027545540266,0.29019724544597336,0.008101403685108588,0.00545846999897329,0.005450368595288181,0.0082954994542154,0.009683363565597,72,fitted,
2014-04-30,2014-03-31,ML Gradient Boosting + VRP,Gradient Boosting,equity_ret + bond_ret + log_rv_ann + log_iv_ann + vrp_proxy + log_iv_rv,6,0.23670687773524354,0,0,0.2916666666666667,-0.027994505922220927,0.06043256133499791,0.657975873358854,0.342024126641146,0.1036537623903453,0.007384445730387767,0.007280791967997422,0.0069518475292078,0.0162621120321702,72,fitted,
2014-05-31,2014-04-30,ML Gradient Boosting + VRP,Gradient Boosting,equity_ret + bond_ret + log_rv_ann + log_iv_ann + vrp_proxy + log_iv_rv,6,0.2609252757276299,0,0,0.2916666666666667,-0.027994505922220927,0.06043256133499791,0.643444834563422,0.35655516543657795,0.029062077590863877,0.019135683829175305,0.01910662175158444,0.0232060193655998,0.0064799496520708,72,fitted,
2014-06-30,2014-05-31,ML Gradient Boosting + VRP,Gradient Boosting,equity_ret + bond_ret + log_rv_ann + log_iv_ann + vrp_proxy + log_iv_rv,6,0.5218115988184228,1,0,0.2916666666666667,-0.027994505922220927,0.06043256133499791,0.48691304070894637,0.5130869592910536,0.3130635877089514,0.009757279168004299,0.009444215580295347,0.0206450108571647,0.0032678749048789,72,fitted,
2014-07-31,2014-06-30,ML Gradient Boosting + VRP,Gradient Boosting,equity_ret + bond_ret + log_rv_ann + log_iv_ann + vrp_proxy + log_iv_rv,6,0.2554132534191437,0,0,0.2916666666666667,-0.0198485017927891,0.06043256133499791,0.6467520479485138,0.3532479520514862,0.3196780144791349,-0.009577378008406844,-0.009897056022885979,-0.0134380323126438,0.0103065016660115,72,fitted,
2014-08-31,2014-07-31,ML Gradient Boosting + VRP,Gradient Boosting,equity_ret + bond_ret + log_rv_ann + log_iv_ann + vrp_proxy + log_iv_rv,6,0.08688437029845264,0,0,0.2916666666666667,-0.0198485017927891,0.059200735261029695,0.7478693778209285,0.25213062217907145,0.20223465974482946,0.032412610741453365,0.032210376081708535,0.0394641530141997,0.006543651975585,72,fitted,
2014-09-30,2014-08-31,ML Gradient Boosting + VRP,Gradient Boosting,equity_ret + bond_ret + log_rv_ann + log_iv_ann + vrp_proxy + log_iv_rv,6,0.26929399776630836,0,0,0.2916666666666667,-0.0198485017927891,0.059200735261029695,0.638423601340215,0.36157639865978497,0.21889155296142704,-0.011030844504967044,-0.01124973605792847,-0.0137960646349067,0.0083852752536563,72,fitted,
2014-10-31,2014-09-30,ML Gradient Boosting + VRP,Gradient Boosting,equity_ret + bond_ret + log_rv_ann + log_iv_ann + vrp_proxy + log_iv_rv,6,0.30881896904228706,0,0,0.3055555555555556,-0.01901977921669444,0.04186643298170308,0.6147086185746278,0.3852913814253722,0.04742996553117451,0.018576662800034546,0.018529232834503372,0.0235507941510688,0.0322112420841767,72,fitted,
2014-11-30,2014-10-31,ML Gradient Boosting + VRP,Gradient Boosting,equity_ret + bond_ret + log_rv_ann + log_iv_ann + vrp_proxy + log_iv_rv,6,0.15730706460239588,0,0,0.3194444444444444,-0.01793275884463846,0.04115087425286223,0.7056157612385626,0.2943842387614374,0.1818142853278697,0.021318775520545077,0.021136961235217206,0.0274718902984996,0.0040727695658734,72,fitted,
2014-12-31,2014-11-30,ML Gradient Boosting + VRP,Gradient Boosting,equity_ret + bond_ret + log_rv_ann + log_iv_ann + vrp_proxy + log_iv_rv,6,0.2981435034310513,0,0,0.3333333333333333,-0.01625521920404206,0.03900163017787599,0.6211138979413693,0.3788861020586307,0.16900372659438667,-0.0010165776321683561,-0.0011855813587627428,-0.0025368191991439,0.0231050557664015,72,fitted,
2015-01-31,2014-12-31,ML Gradient Boosting + VRP,Gradient Boosting,equity_ret + bond_ret + log_rv_ann + log_iv_ann + vrp_proxy + log_iv_rv,6,0.1453748646083743,0,1,0.3194444444444444,-0.01625521920404206,0.0370475839007756,0.7127750812349753,0.28722491876502465,0.18332236658721213,-0.01522427422634215,-0.015407596592929361,-0.0296294039445595,0.0273729514320056,72,fitted,
2015-02-28,2015-01-31,ML Gradient Boosting + VRP,Gradient Boosting,equity_ret + bond_ret + log_rv_ann + log_iv_ann + vrp_proxy + log_iv_rv,6,0.2580589999212061,0,0,0.3333333333333333,-0.01625521920404206,0.03367208875240104,0.6451646000472764,0.3548353999527236,0.13522096237539794,0.033086236328699156,0.032951015366323756,0.0562047157616216,0.0123289611594899,72,fitted,
2015-03-31,2015-02-28,ML Gradient Boosting + VRP,Gradient Boosting,equity_ret + bond_ret + log_rv_ann + log_iv_ann + vrp_proxy + log_iv_rv,6,0.2947926235728308,0,1,0.3472222222222222,-0.01372445817045412,0.033347542089627,0.6231244258563016,0.37687557414369843,0.04408034838194963,-0.008374163206799795,-0.008418243555181745,-0.015705318762726,0.0196625988822306,72,fitted,
2015-04-30,2015-03-31,ML Gradient Boosting + VRP,Gradient Boosting,equity_ret + bond_ret + log_rv_ann + log_iv_ann + vrp_proxy + log_iv_rv,6,0.5801025180863675,1,0,0.3472222222222222,-0.015323467937162138,0.032774465592405745,0.4519384891481795,0.5480615108518205,0.34237187341624414,0.00267530240501609,0.002332930531599846,0.0098335988197435,0.0069824951346415,72,fitted,
2015-05-31,2015-04-30,ML Gradient Boosting + VRP,Gradient Boosting,equity_ret + bond_ret + log_rv_ann + log_iv_ann + vrp_proxy + log_iv_rv,6,0.21865685966498746,0,0,0.3472222222222222,-0.015323467937162138,0.03179099127707973,0.6688058842010075,0.3311941157989925,0.433734790105656,0.007149512531059844,0.006715777740954188,0.0128561307003343,0.011684481555973,72,fitted,
2015-06-30,2015-05-31,ML Gradient Boosting + VRP,Gradient Boosting,equity_ret + bond_ret + log_rv_ann + log_iv_ann + vrp_proxy + log_iv_rv,6,0.3188124698755735,0,1,0.3472222222222222,-0.015323467937162138,0.0300932244309903,0.608712518074656,0.391287481925344,0.12018673225270304,-0.016576916156913132,-0.016697102889165837,-0.0203115919609671,0.0126300938740652,72,fitted,
2015-07-31,2015-06-30,ML Gradient Boosting + VRP,Gradient Boosting,equity_ret + bond_ret + log_rv_ann + log_iv_ann + vrp_proxy + log_iv_rv,6,0.4663793694153166,0,0,0.3472222222222222,-0.01663707002960592,0.02949552625454857,0.52017237835081,0.47982762164919,0.177080279447692,0.015886942726523315,0.015709862447075625,0.0225885702991868,0.0130861289347497,72,fitted,
2015-08-31,2015-07-31,ML Gradient Boosting + VRP,Gradient Boosting,equity_ret + bond_ret + log_rv_ann + log_iv_ann + vrp_proxy + log_iv_rv,6,0.30298412743807085,0,1,0.3333333333333333,-0.01663707002960592,0.027348668472675003,0.6182095235371574,0.3817904764628426,0.19607429037269486,-0.038961735491941436,-0.03915780978231413,-0.0609495604894528,0.0708891127570091,72,fitted,
2015-09-30,2015-08-31,ML Gradient Boosting + VRP,Gradient Boosting,equity_ret + bond_ret + log_rv_ann + log_iv_ann + vrp_proxy + log_iv_rv,6,0.9302397665303799,1,1,0.3333333333333333,-0.01793275884463846,0.02949552625454857,0.2418561400817721,0.758143859918228,0.7527067669107708,-1.927095197264833e-05,-0.0007719777188834191,-0.0255163653773383,0.0488701190813771,72,fitted,
2015-10-31,2015-09-30,ML Gradient Boosting + VRP,Gradient Boosting,equity_ret + bond_ret + log_rv_ann + log_iv_ann + vrp_proxy + log_iv_rv,6,0.9166947228170447,1,0,0.3194444444444444,-0.01901977921669444,0.0300932244309903,0.24998316630977319,0.7500168336902269,0.0162540524560022,0.021777397363732742,0.02176114331127674,0.0850598819349353,0.0192470206457399,72,fitted,
2015-11-30,2015-10-31,ML Gradient Boosting + VRP,Gradient Boosting,equity_ret + bond_ret + log_rv_ann + log_iv_ann + vrp_proxy + log_iv_rv,6,0.21266354026969905,0,0,0.3333333333333333,-0.01793275884463846,0.02949552625454857,0.6724018758381807,0.3275981241618193,0.8448374190568151,0.0011830472862106643,0.0003382098671538492,0.0036551569603713,0.0134588757471278,72,fitted,
2015-12-31,2015-11-30,ML Gradient Boosting + VRP,Gradient Boosting,equity_ret + bond_ret + log_rv_ann + log_iv_ann + vrp_proxy + log_iv_rv,6,0.5412580012589995,1,1,0.3194444444444444,-0.01793275884463846,0.027348668472675003,0.47524519924460035,0.5247548007553997,0.3943133531871607,-0.009219078542545021,-0.009613391895732182,-0.0172824293324246,0.0322499404329786,72,fitted,
2016-01-31,2015-12-31,ML Gradient Boosting + VRP,Gradient Boosting,equity_ret + bond_ret + log_rv_ann + log_iv_ann + vrp_proxy + log_iv_rv,6,0.24897369030502428,0,1,0.3333333333333333,-0.0180152431418582,0.02949552625454857,0.6506157858169855,0.34938421418301446,0.35074117314477044,-0.02805752763274011,-0.02840826880588488,-0.0497869575816805,0.0530294566212985,72,fitted,
2016-02-29,2016-01-31,ML Gradient Boosting + VRP,Gradient Boosting,equity_ret + bond_ret + log_rv_ann + log_iv_ann + vrp_proxy + log_iv_rv,6,0.3966110614249048,0,1,0.3194444444444444,-0.0180152431418582,0.0300932244309903,0.5620333631450571,0.43796663685494286,0.1771648453438568,0.0034209044751303944,0.003243739629786538,-0.0008256443239732,0.0390280071522599,72,fitted,
2016-03-31,2016-02-29,ML Gradient Boosting + VRP,Gradient Boosting,equity_ret + bond_ret + log_rv_ann + log_iv_ann + vrp_proxy + log_iv_rv,6,0.6989668459685843,1,0,0.3194444444444444,-0.0180152431418582,0.03177422765937823,0.3806198924188494,0.6193801075811506,0.36282694145241545,0.031020315939475136,0.03065748899802272,0.0672660877237718,0.0083737007573496,72,fitted,
2016-04-30,2016-03-31,ML Gradient Boosting + VRP,Gradient Boosting,equity_ret + bond_ret + log_rv_ann + log_iv_ann + vrp_proxy + log_iv_rv,6,0.21849674684910805,0,0,0.3194444444444444,-0.0180152431418582,0.03177422765937823,0.6689019518905353,0.33109804810946475,0.5765641189433717,0.0034804560686572525,0.002903891949713881,0.0039410588202721,0.0099836167506883,72,fitted,
2016-05-31,2016-04-30,ML Gradient Boosting + VRP,Gradient Boosting,equity_ret + bond_ret + log_rv_ann + log_iv_ann + vrp_proxy + log_iv_rv,6,0.29571797517130494,0,0,0.3194444444444444,-0.0180152431418582,0.03177422765937823,0.6225692148972171,0.37743078510278294,0.09266547398663638,0.01064173208209369,0.010549066608107054,0.0170112297539695,0.011685875544568,72,fitted,
2016-06-30,2016-05-31,ML Gradient Boosting + VRP,Gradient Boosting,equity_ret + bond_ret + log_rv_ann + log_iv_ann + vrp_proxy + log_iv_rv,6,0.25312685524659917,0,1,0.3194444444444444,-0.01719994503520486,0.02949552625454857,0.6481238868520406,0.3518761131479594,0.051109343909647054,0.009062361849329804,0.009011252505420156,0.0034763530420491,0.0349160132281398,72,fitted,
2016-07-31,2016-06-30,ML Gradient Boosting + VRP,Gradient Boosting,equity_ret + bond_ret + log_rv_ann + log_iv_ann + vrp_proxy + log_iv_rv,6,0.3936992311744987,0,0,0.3333333333333333,-0.01663707002960592,0.02949552625454857,0.5637804612953008,0.4362195387046992,0.16868685111347959,0.022936694462321286,0.022768007611207806,0.0364710284772564,0.0079791447561163,72,fitted,
2016-08-31,2016-07-31,ML Gradient Boosting + VRP,Gradient Boosting,equity_ret + bond_ret + log_rv_ann + log_iv_ann + vrp_proxy + log_iv_rv,6,0.26517295041979194,0,0,0.3194444444444444,-0.01663707002960592,0.027348668472675003,0.6408962297481249,0.3591037702518751,0.15423153690564817,-5.86894673941735e-06,-0.00016010048364506553,0.0011974654720063,0.0026413094086102,72,fitted,
2016-09-30,2016-08-31,ML Gradient Boosting + VRP,Gradient Boosting,equity_ret + bond_ret + log_rv_ann + log_iv_ann + vrp_proxy + log_iv_rv,6,0.30580325623015875,0,0,0.3194444444444444,-0.015323467937162138,0.027348668472675003,0.6165180462619049,0.3834819537380951,0.04875636697244001,0.00023388076113851897,0.00018512439416607895,5.8425491511693295e-05,0.0193310506087537,72,fitted,
2016-10-31,2016-09-30,ML Gradient Boosting + VRP,Gradient Boosting,equity_ret + bond_ret + log_rv_ann + log_iv_ann + vrp_proxy + log_iv_rv,6,0.3089621748947398,0,1,0.3194444444444444,-0.015323467937162138,0.026809032298505474,0.6146226950631561,0.38537730493684386,0.0037907023974974585,-0.013805080510840879,-0.013808871213238377,-0.0173372667020604,0.0045127851148509,72,fitted,
2016-11-30,2016-10-31,ML Gradient Boosting + VRP,Gradient Boosting,equity_ret + bond_ret + log_rv_ann + log_iv_ann + vrp_proxy + log_iv_rv,6,0.22167860656308377,0,0,0.3194444444444444,-0.01663707002960592,0.026809032298505474,0.6669928360621498,0.33300716393785024,0.10474028199798724,0.016027733190723748,0.01592299290872576,0.0368383640292446,0.0111910308336225,72,fitted,
2016-12-31,2016-11-30,ML Gradient Boosting + VRP,Gradient Boosting,equity_ret + bond_ret + log_rv_ann + log_iv_ann + vrp_proxy + log_iv_rv,6,0.3947069532816207,0,0,0.3194444444444444,-0.01663707002960592,0.026809032298505474,0.5631758280310275,0.4368241719689725,0.20763401606224452,0.01252644107155503,0.012318807055492785,0.0202717664609688,0.0063208434705503,72,fitted,
2017-01-31,2016-12-31,ML Gradient Boosting + VRP,Gradient Boosting,equity_ret + bond_ret + log_rv_ann + log_iv_ann + vrp_proxy + log_iv_rv,6,0.4956805117151992,0,0,0.3194444444444444,-0.01663707002960592,0.026809032298505474,0.5025916929708805,0.49740830702911953,0.12116827012029407,0.010052374626858178,0.009931206356737884,0.0178946523171026,0.0043110840112382,72,fitted,
2017-02-28,2017-01-31,ML Gradient Boosting + VRP,Gradient Boosting,equity_ret + bond_ret + log_rv_ann + log_iv_ann + vrp_proxy + log_iv_rv,6,0.350041385478052,0,0,0.3194444444444444,-0.01663707002960592,0.026809032298505474,0.5899751687131689,0.4100248312868311,0.17476695148457688,0.025829292058995486,0.025654525107510907,0.0392915362557069,0.0031851732529309,72,fitted,
2017-03-31,2017-02-28,ML Gradient Boosting + VRP,Gradient Boosting,equity_ret + bond_ret + log_rv_ann + log_iv_ann + vrp_proxy + log_iv_rv,6,0.11759841359901647,0,0,0.3194444444444444,-0.01663707002960592,0.026809032298505474,0.7294409518405902,0.2705590481594098,0.2789315662548426,0.0007622886113014473,0.00048335704504660464,0.0012500669692114,0.0045255027533027,72,fitted,
2017-04-30,2017-03-31,ML Gradient Boosting + VRP,Gradient Boosting,equity_ret + bond_ret + log_rv_ann + log_iv_ann + vrp_proxy + log_iv_rv,6,0.23523415232252276,0,0,0.3194444444444444,-0.01663707002960592,0.026592152051570176,0.6588595086064863,0.34114049139351366,0.14116288646820774,0.00963402219711133,0.009492859310643122,0.0099260101203619,0.0051054340649919,72,fitted,
2017-05-31,2017-04-30,ML Gradient Boosting + VRP,Gradient Boosting,equity_ret + bond_ret + log_rv_ann + log_iv_ann + vrp_proxy + log_iv_rv,6,0.1346553177423234,0,0,0.3194444444444444,-0.01663707002960592,0.026592152051570176,0.7192068093546059,0.2807931906453941,0.12069460149623912,0.01207948400926883,0.011958789407772591,0.0141130016792141,0.005987699963594,72,fitted,
2017-06-30,2017-05-31,ML Gradient Boosting + VRP,Gradient Boosting,equity_ret + bond_ret + log_rv_ann + log_iv_ann + vrp_proxy + log_iv_rv,6,0.16957067834522938,0,0,0.3194444444444444,-0.01663707002960592,0.026592152051570176,0.6982575929928625,0.3017424070071375,0.04189843272348681,0.004396340541096363,0.004354442108372877,0.0063750149976713,0.0047988397358414,72,fitted,
2017-07-31,2017-06-30,ML Gradient Boosting + VRP,Gradient Boosting,equity_ret + bond_ret + log_rv_ann + log_iv_ann + vrp_proxy + log_iv_rv,6,0.222757657641221,0,0,0.3194444444444444,-0.015323467937162138,0.026592152051570176,0.6663454054152674,0.33365459458473257,0.06382437515519013,0.01481038886283289,0.014746564487677699,0.0205540626266318,0.0031085303636449,72,fitted,
2017-08-31,2017-07-31,ML Gradient Boosting + VRP,Gradient Boosting,equity_ret + bond_ret + log_rv_ann + log_iv_ann + vrp_proxy + log_iv_rv,6,0.12302975876452606,0,0,0.3194444444444444,-0.01372445817045412,0.026519372298884798,0.7261821447412845,0.2738178552587155,0.11967347865203415,0.004696247974262286,0.0045765744956102515,0.0029176592589472,0.0091542658595658,72,fitted,
2017-09-30,2017-08-31,ML Gradient Boosting + VRP,Gradient Boosting,equity_ret + bond_ret + log_rv_ann + log_iv_ann + vrp_proxy + log_iv_rv,6,0.27992805609588894,0,0,0.3333333333333333,-0.0134193829272716,0.022937083002415544,0.6320431663424666,0.3679568336575334,0.18827795679763581,0.010632176253557278,0.010443898296759641,0.0201494694043284,0.003303149973887,72,fitted,
2017-10-31,2017-09-30,ML Gradient Boosting + VRP,Gradient Boosting,equity_ret + bond_ret + log_rv_ann + log_iv_ann + vrp_proxy + log_iv_rv,6,0.24094719042263446,0,0,0.3333333333333333,-0.012010978448615412,0.02183809677043545,0.6554316857464194,0.3445683142535806,0.046777038807905624,0.015781783819457215,0.01573500678064931,0.0235640599878685,0.0025804918545498,72,fitted,
2017-11-30,2017-10-31,ML Gradient Boosting + VRP,Gradient Boosting,equity_ret + bond_ret + log_rv_ann + log_iv_ann + vrp_proxy + log_iv_rv,6,0.6465493314809047,1,0,0.3333333333333333,-0.012010978448615412,0.020036292629478442,0.4120704011114572,0.5879295988885428,0.4867225692699244,0.01172372154874237,0.011236998979472446,0.0305659512903513,0.0044864660920446,72,fitted,
2017-12-31,2017-11-30,ML Gradient Boosting + VRP,Gradient Boosting,equity_ret + bond_ret + log_rv_ann + log_iv_ann + vrp_proxy + log_iv_rv,6,0.4955590467285356,0,0,0.3194444444444444,-0.012010978448615412,0.019596289227535223,0.5026645719628786,0.4973354280371214,0.18118834170284281,0.008459271572100056,0.008278083230397212,0.0121280447504534,0.0037377996842623,72,fitted,
2018-01-31,2017-12-31,ML Gradient Boosting + VRP,Gradient Boosting,equity_ret + bond_ret + log_rv_ann + log_iv_ann + vrp_proxy + log_iv_rv,6,0.2428131445406614,0,0,0.3194444444444444,-0.012010978448615412,0.01931424461615094,0.6543121132756031,0.3456878867243969,0.303295082625449,0.03298740711141075,0.0326841120287853,0.0563590508865274,0.0088455913877699,72,fitted,
2018-02-28,2018-01-31,ML Gradient Boosting + VRP,Gradient Boosting,equity_ret + bond_ret + log_rv_ann + log_iv_ann + vrp_proxy + log_iv_rv,6,0.5577553134242565,1,1,0.3194444444444444,-0.012010978448615412,0.01931424461615094,0.4653468119454461,0.534653188054554,0.37793060266031414,-0.022313570055524607,-0.02269150065818492,-0.0363602968309803,0.0693817661865629,72,fitted,
2018-03-31,2018-02-28,ML Gradient Boosting + VRP,Gradient Boosting,equity_ret + bond_ret + log_rv_ann + log_iv_ann + vrp_proxy + log_iv_rv,6,0.6673981608940087,1,1,0.3194444444444444,-0.0134193829272716,0.019596289227535223,0.39956110346359475,0.6004388965364053,0.13157141696370261,-0.006922319222550136,-0.007053890639513839,-0.0274106125187965,0.0391566421627034,72,fitted,
2018-04-30,2018-03-31,ML Gradient Boosting + VRP,Gradient Boosting,equity_ret + bond_ret + log_rv_ann + log_iv_ann + vrp_proxy + log_iv_rv,6,0.6236868123166657,1,1,0.3194444444444444,-0.01372445817045412,0.020036292629478442,0.4257879126100006,0.5742120873899994,0.0524536182928117,-0.003203278867446785,-0.0032557324857395964,0.0051679530466695,0.0280178091882417,72,fitted,
2018-05-31,2018-04-30,ML Gradient Boosting + VRP,Gradient Boosting,equity_ret + bond_ret + log_rv_ann + log_iv_ann + vrp_proxy + log_iv_rv,6,0.5611010697068549,1,0,0.3194444444444444,-0.01372445817045412,0.02183809677043545,0.46333935817588706,0.5366606418241129,0.07510289113177299,0.014815697175752107,0.014740594284620333,0.0243094062948869,0.0110016758787904,72,fitted,
2018-06-30,2018-05-31,ML Gradient Boosting + VRP,Gradient Boosting,equity_ret + bond_ret + log_rv_ann + log_iv_ann + vrp_proxy + log_iv_rv,6,0.3969512221192392,0,0,0.3194444444444444,-0.0134193829272716,0.02183809677043545,0.5618292667284565,0.43817073327154354,0.19697981710513873,0.003680523621850351,0.0034835438047452123,0.0057506380670362,0.0069522162226171,72,fitted,
2018-07-31,2018-06-30,ML Gradient Boosting + VRP,Gradient Boosting,equity_ret + bond_ret + log_rv_ann + log_iv_ann + vrp_proxy + log_iv_rv,6,0.27681897309705383,0,0,0.3194444444444444,-0.0134193829272716,0.020036292629478442,0.6339086161417677,0.36609138385823226,0.14415869882662258,0.023377019791335756,0.023232861092509133,0.0370465593619937,0.0074932326452525,72,fitted,
2018-08-31,2018-07-31,ML Gradient Boosting + VRP,Gradient Boosting,equity_ret + bond_ret + log_rv_ann + log_iv_ann + vrp_proxy + log_iv_rv,6,0.6080768728654536,1,0,0.3194444444444444,-0.0134193829272716,0.020036292629478442,0.4351538762807278,0.5648461237192721,0.3975094797220798,0.017098588720426182,0.016701079240704103,0.0319200726736803,0.0051995850054083,72,fitted,
2018-09-30,2018-08-31,ML Gradient Boosting + VRP,Gradient Boosting,equity_ret + bond_ret + log_rv_ann + log_iv_ann + vrp_proxy + log_iv_rv,6,0.5973232334333811,1,0,0.3194444444444444,-0.0134193829272716,0.020036292629478442,0.4416060599399714,0.5583939400600286,0.012904367318487042,-0.0008348652606422714,-0.0008477696279607584,0.0059453879165258,0.0028989515877322,72,fitted,
2018-10-31,2018-09-30,ML Gradient Boosting + VRP,Gradient Boosting,equity_ret + bond_ret + log_rv_ann + log_iv_ann + vrp_proxy + log_iv_rv,6,0.4209882610372496,0,1,0.3194444444444444,-0.0134193829272716,0.020036292629478442,0.5474070433776502,0.4525929566223498,0.2116019668753577,-0.040743126765347026,-0.04095472873222238,-0.0691042387374787,0.0541512353077064,72,fitted,
2018-11-30,2018-10-31,ML Gradient Boosting + VRP,Gradient Boosting,equity_ret + bond_ret + log_rv_ann + log_iv_ann + vrp_proxy + log_iv_rv,6,0.8463246558971897,1,1,0.3055555555555556,-0.0134193829272716,0.02183809677043545,0.2922052064616862,0.7077947935383138,0.510403673831928,0.010881075518487687,0.01037067184465576,0.0185491980903704,0.0337290643444268,72,fitted,
2018-12-31,2018-11-30,ML Gradient Boosting + VRP,Gradient Boosting,equity_ret + bond_ret + log_rv_ann + log_iv_ann + vrp_proxy + log_iv_rv,6,0.4021409105033038,0,1,0.3055555555555556,-0.0134193829272716,0.022509987826379294,0.5587154536980177,0.44128454630198233,0.5330204944726629,-0.04045145398911784,-0.04098447448359051,-0.0880482601435995,0.0819994357360099,72,fitted,
2019-01-31,2018-12-31,ML Gradient Boosting + VRP,Gradient Boosting,equity_ret + bond_ret + log_rv_ann + log_iv_ann + vrp_proxy + log_iv_rv,6,0.7830195570677212,1,1,0.2916666666666667,-0.01372445817045412,0.026519372298884798,0.3301882657593673,0.6698117342406327,0.4570543758773007,0.03253803682133887,0.03208098244546157,0.0800652766185778,0.0348266773224755,72,fitted,
2019-02-28,2019-01-31,ML Gradient Boosting + VRP,Gradient Boosting,equity_ret + bond_ret + log_rv_ann + log_iv_ann + vrp_proxy + log_iv_rv,6,0.6171635008069544,1,0,0.3055555555555556,-0.01372445817045412,0.027888837636994485,0.4297018995158274,0.5702981004841726,0.1990272675129201,0.013280223601959296,0.013081196334446375,0.0324160808511369,0.010145527749623,72,fitted,
2019-03-31,2019-02-28,ML Gradient Boosting + VRP,Gradient Boosting,equity_ret + bond_ret + log_rv_ann + log_iv_ann + vrp_proxy + log_iv_rv,6,0.486292453495734,0,0,0.3055555555555556,-0.01372445817045412,0.027888837636994485,0.5082245279025596,0.49177547209744044,0.15704525677346437,0.019637657545322713,0.01948061228854925,0.0181005597670835,0.0134174937530691,72,fitted,
2019-04-30,2019-03-31,ML Gradient Boosting + VRP,Gradient Boosting,equity_ret + bond_ret + log_rv_ann + log_iv_ann + vrp_proxy + log_iv_rv,6,0.29958172985571146,0,0,0.3055555555555556,-0.01372445817045412,0.027888837636994485,0.620250962086573,0.37974903791342696,0.22405286836802696,0.02457803897443091,0.024353986106062885,0.0408522807714701,0.0045284274287446,72,fitted,
2019-05-31,2019-04-30,ML Gradient Boosting + VRP,Gradient Boosting,equity_ret + bond_ret + log_rv_ann + log_iv_ann + vrp_proxy + log_iv_rv,6,0.22898060432933331,0,1,0.3055555555555556,-0.01372445817045412,0.027888837636994485,0.6626116374024001,0.33738836259759986,0.0847213506316542,-0.035809055756387646,-0.0358937771070193,-0.0637715446163655,0.0232894863692865,72,fitted,
2019-06-30,2019-05-31,ML Gradient Boosting + VRP,Gradient Boosting,equity_ret + bond_ret + log_rv_ann + log_iv_ann + vrp_proxy + log_iv_rv,6,0.24532158329195441,0,0,0.3055555555555556,-0.015323467937162138,0.027888837636994485,0.6528070500248273,0.3471929499751727,0.019609174755145675,0.04924115586033256,0.04922154668557741,0.0695869836370073,0.0150522029767334,72,fitted,
2019-07-31,2019-06-30,ML Gradient Boosting + VRP,Gradient Boosting,equity_ret + bond_ret + log_rv_ann + log_iv_ann + vrp_proxy + log_iv_rv,6,0.10234324368707898,0,0,0.2916666666666667,-0.015323467937162138,0.026556258419461798,0.7385940537877527,0.26140594621224733,0.17157400752585072,0.011642180336724912,0.011470606329199062,0.015119155506172,0.0063572894106064,72,fitted,
2019-08-31,2019-07-31,ML Gradient Boosting + VRP,Gradient Boosting,equity_ret + bond_ret + log_rv_ann + log_iv_ann + vrp_proxy + log_iv_rv,6,0.20706216268503647,0,1,0.2916666666666667,-0.015323467937162138,0.026556258419461798,0.6757627023889783,0.3242372976110217,0.12566270279754876,-0.0022914837682777855,-0.0024171464710753343,-0.0167431178325256,0.0529314210345212,72,fitted,
2019-09-30,2019-08-31,ML Gradient Boosting + VRP,Gradient Boosting,equity_ret + bond_ret + log_rv_ann + log_iv_ann + vrp_proxy + log_iv_rv,6,0.786553768295663,1,0,0.2916666666666667,-0.015323467937162138,0.027888837636994485,0.3280677390226022,0.6719322609773978,0.6953899267327521,0.0022702687006704875,0.0015748787739377356,0.019457607137904,0.0069507188464891,72,fitted,
2019-10-31,2019-09-30,ML Gradient Boosting + VRP,Gradient Boosting,equity_ret + bond_ret + log_rv_ann + log_iv_ann + vrp_proxy + log_iv_rv,6,0.7389870132360123,1,0,0.2916666666666667,-0.015323467937162138,0.027888837636994485,0.3566077920583926,0.6433922079416075,0.057080106071580705,0.009221919230233865,0.009164839124162284,0.022104910520698,0.0121560388082833,72,fitted,
2019-11-30,2019-10-31,ML Gradient Boosting + VRP,Gradient Boosting,equity_ret + bond_ret + log_rv_ann + log_iv_ann + vrp_proxy + log_iv_rv,6,0.20825505633549946,0,0,0.2916666666666667,-0.015323467937162138,0.027888837636994485,0.6750469661987004,0.3249530338012996,0.6368783482806157,0.024323085346999368,0.02368620699871875,0.0361980390510503,0.0037265753735674,72,fitted,
2019-12-31,2019-11-30,ML Gradient Boosting + VRP,Gradient Boosting,equity_ret + bond_ret + log_rv_ann + log_iv_ann + vrp_proxy + log_iv_rv,6,0.40522212592147033,0,0,0.2916666666666667,-0.015323467937162138,0.027888837636994485,0.5568667244471178,0.4431332755528822,0.2363604835031652,0.01597272631992465,0.015736365836421483,0.0290553857921926,0.0058181637561704,72,fitted,
2020-01-31,2019-12-31,ML Gradient Boosting + VRP,Gradient Boosting,equity_ret + bond_ret + log_rv_ann + log_iv_ann + vrp_proxy + log_iv_rv,6,0.2997733900744905,0,0,0.2916666666666667,-0.015323467937162138,0.027888837636994485,0.6201359659553056,0.3798640340446944,0.1265384830163756,0.0074569864253523944,0.007330447942336019,-0.0004039100321869,0.0142020296605696,72,fitted,
2020-02-29,2020-01-31,ML Gradient Boosting + VRP,Gradient Boosting,equity_ret + bond_ret + log_rv_ann + log_iv_ann + vrp_proxy + log_iv_rv,6,0.12694462646225266,0,1,0.2916666666666667,-0.01372445817045412,0.027888837636994485,0.7238332241226484,0.2761667758773516,0.20739451633468553,-0.052926429668531866,-0.05313382418486655,-0.0791656798108233,0.0634267713446377,72,fitted,
2020-03-31,2020-02-29,ML Gradient Boosting + VRP,Gradient Boosting,equity_ret + bond_ret + log_rv_ann + log_iv_ann + vrp_proxy + log_iv_rv,6,0.4340510459906361,0,1,0.2777777777777778,-0.015323467937162138,0.03137255550498972,0.5395693724056183,0.4604306275943817,0.36852770343406016,-0.06980209933580928,-0.07017062703924333,-0.1248710855259812,0.8051106406451516,72,fitted,
2020-04-30,2020-03-31,ML Gradient Boosting + VRP,Gradient Boosting,equity_ret + bond_ret + log_rv_ann + log_iv_ann + vrp_proxy + log_iv_rv,6,0.8888000270807891,1,1,0.2638888888888889,-0.01653555801856568,0.03224220076321822,0.26671998375152656,0.7332800162484734,0.5456987773081834,0.04647461586862595,0.04592891709131777,0.1269835643306984,0.1613253614718995,72,fitted,
2020-05-31,2020-04-30,ML Gradient Boosting + VRP,Gradient Boosting,equity_ret + bond_ret + log_rv_ann + log_iv_ann + vrp_proxy + log_iv_rv,6,0.5909155189862246,1,1,0.2777777777777778,-0.01653555801856568,0.03343323956213717,0.44545068860826526,0.5545493113917348,0.3574614097134773,0.024953167527365174,0.024595706117651696,0.0476451398891062,0.0477456220094945,72,fitted,
2020-06-30,2020-05-31,ML Gradient Boosting + VRP,Gradient Boosting,equity_ret + bond_ret + log_rv_ann + log_iv_ann + vrp_proxy + log_iv_rv,6,0.6134545302975941,1,1,0.2777777777777778,-0.01653555801856568,0.03460715472686576,0.4319272818214436,0.5680727181785564,0.027046813573643302,0.011404247642484466,0.011377200828910822,0.0177345013421075,0.0850247449024201,72,fitted,
2020-07-31,2020-06-30,ML Gradient Boosting + VRP,Gradient Boosting,equity_ret + bond_ret + log_rv_ann + log_iv_ann + vrp_proxy + log_iv_rv,6,0.8290463448743977,1,0,0.2777777777777778,-0.01653555801856568,0.03489814604700694,0.30257219307536143,0.6974278069246386,0.2587101774921643,0.027117205054115877,0.02685849487662371,0.058892149898498,0.0181833778382797,72,fitted,
2020-08-31,2020-07-31,ML Gradient Boosting + VRP,Gradient Boosting,equity_ret + bond_ret + log_rv_ann + log_iv_ann + vrp_proxy + log_iv_rv,6,0.6285785416363587,1,0,0.2777777777777778,-0.01653555801856568,0.03489814604700694,0.42285287501818475,0.5771471249818152,0.2405613638856467,0.024760397562817425,0.024519836198931777,0.0697968738185985,0.0089494184556946,72,fitted,
2020-09-30,2020-08-31,ML Gradient Boosting + VRP,Gradient Boosting,equity_ret + bond_ret + log_rv_ann + log_iv_ann + vrp_proxy + log_iv_rv,6,0.6180682972381863,1,1,0.2777777777777778,-0.01653555801856568,0.03489814604700694,0.4291590216570882,0.5708409783429118,0.01261229327780683,-0.01662490890151988,-0.016637521194797687,-0.0374436483963509,0.0584435139542133,72,fitted,
2020-10-31,2020-09-30,ML Gradient Boosting + VRP,Gradient Boosting,equity_ret + bond_ret + log_rv_ann + log_iv_ann + vrp_proxy + log_iv_rv,6,0.7550329637750245,1,1,0.2777777777777778,-0.0171745670324448,0.0382056083674359,0.34698022173498533,0.6530197782650147,0.16435759984420573,-0.01229728917196876,-0.012461646771812966,-0.0249336012019394,0.0417113427069923,72,fitted,
2020-11-30,2020-10-31,ML Gradient Boosting + VRP,Gradient Boosting,equity_ret + bond_ret + log_rv_ann + log_iv_ann + vrp_proxy + log_iv_rv,6,0.8228539234644096,1,0,0.2638888888888889,-0.01732629922813324,0.0391309151606147,0.30628764592135427,0.6937123540786457,0.08138515162726212,0.04168854928443714,0.041607164132809876,0.1087766095892315,0.0313735993757135,72,fitted,
2020-12-31,2020-11-30,ML Gradient Boosting + VRP,Gradient Boosting,equity_ret + bond_ret + log_rv_ann + log_iv_ann + vrp_proxy + log_iv_rv,6,0.4712266663948975,0,0,0.2638888888888889,-0.01732629922813324,0.0391309151606147,0.5172640001630615,0.4827359998369385,0.4219527084834145,0.01957779302795004,0.019155840319466627,0.037048736202923,0.0067159522540785,72,fitted,
2021-01-31,2020-12-31,ML Gradient Boosting + VRP,Gradient Boosting,equity_ret + bond_ret + log_rv_ann + log_iv_ann + vrp_proxy + log_iv_rv,6,0.7267785590376342,1,0,0.2638888888888889,-0.01732629922813324,0.0391309151606147,0.36393286457741947,0.6360671354225805,0.3066622711712841,-0.008444794957643059,-0.008751457228814343,-0.0101906258057092,0.0245146166345033,72,fitted,
2021-02-28,2021-01-31,ML Gradient Boosting + VRP,Gradient Boosting,equity_ret + bond_ret + log_rv_ann + log_iv_ann + vrp_proxy + log_iv_rv,6,0.8370771295176918,1,0,0.2638888888888889,-0.0171745670324448,0.0391309151606147,0.29775372228938496,0.7022462777106151,0.13235828457606907,-0.002381513778305113,-0.0025138720628811824,0.0278056149599641,0.0239993198244283,72,fitted,
2021-03-31,2021-02-28,ML Gradient Boosting + VRP,Gradient Boosting,equity_ret + bond_ret + log_rv_ann + log_iv_ann + vrp_proxy + log_iv_rv,6,0.6024627397775657,1,0,0.2638888888888889,-0.0171745670324448,0.0391309151606147,0.4385223561334606,0.5614776438665394,0.2815372676881513,0.013471990526443503,0.013190453258755352,0.0453989969246546,0.0211477529194429,72,fitted,
2021-04-30,2021-03-31,ML Gradient Boosting + VRP,Gradient Boosting,equity_ret + bond_ret + log_rv_ann + log_iv_ann + vrp_proxy + log_iv_rv,6,0.7715750511559862,1,0,0.2638888888888889,-0.0171745670324448,0.0391309151606147,0.33705496930640827,0.6629450306935918,0.20293477365410467,0.0226866946092067,0.022483759835552595,0.0529105803307079,0.011960095705553,72,fitted,
2021-05-31,2021-04-30,ML Gradient Boosting + VRP,Gradient Boosting,equity_ret + bond_ret + log_rv_ann + log_iv_ann + vrp_proxy + log_iv_rv,6,0.19965202472292987,0,0,0.2638888888888889,-0.0171745670324448,0.0391309151606147,0.6802087851662422,0.31979121483375783,0.6863076317196679,0.005118069508804496,0.004431761877084829,0.0065659769961186,0.0184358368555118,72,fitted,
2021-06-30,2021-05-31,ML Gradient Boosting + VRP,Gradient Boosting,equity_ret + bond_ret + log_rv_ann + log_iv_ann + vrp_proxy + log_iv_rv,6,0.45499458741903587,0,0,0.2638888888888889,-0.0171745670324448,0.0391309151606147,0.5270032475485785,0.4729967524514215,0.3064110752353273,0.015735380475520703,0.015428969400285375,0.0224276872580317,0.0076236756644047,72,fitted,
2021-07-31,2021-06-30,ML Gradient Boosting + VRP,Gradient Boosting,equity_ret + bond_ret + log_rv_ann + log_iv_ann + vrp_proxy + log_iv_rv,6,0.1444219381056167,0,0,0.25,-0.015432619427162312,0.0391309151606147,0.71334683713663,0.28665316286336995,0.37268717917610306,0.02061533480822388,0.020242647629047775,0.0244125006416975,0.0126017914009117,72,fitted,
2021-08-31,2021-07-31,ML Gradient Boosting + VRP,Gradient Boosting,equity_ret + bond_ret + log_rv_ann + log_iv_ann + vrp_proxy + log_iv_rv,6,0.18472400150298832,0,0,0.25,-0.015432619427162312,0.0391309151606147,0.6891655990982071,0.31083440090179293,0.04836247607684596,0.019886504387631884,0.01983814191155504,0.0297596367958095,0.0072916961285565,72,fitted,
2021-09-30,2021-08-31,ML Gradient Boosting + VRP,Gradient Boosting,equity_ret + bond_ret + log_rv_ann + log_iv_ann + vrp_proxy + log_iv_rv,6,0.3041102930127835,0,1,0.2638888888888889,-0.00831762950936199,0.0382056083674359,0.6175338241923299,0.38246617580767006,0.14326354981175426,-0.03228847909215539,-0.032431742641967146,-0.0466053391645534,0.0169393666259173,72,fitted,
2021-10-31,2021-09-30,ML Gradient Boosting + VRP,Gradient Boosting,equity_ret + bond_ret + log_rv_ann + log_iv_ann + vrp_proxy + log_iv_rv,6,0.3940322572063386,0,0,0.2777777777777778,-0.00831762950936199,0.03489814604700694,0.5635806456761968,0.4364193543238032,0.10790635703226625,0.039504595012784846,0.039396688655752576,0.070163231687061,0.0138465001309024,72,fitted,
2021-11-30,2021-10-31,ML Gradient Boosting + VRP,Gradient Boosting,equity_ret + bond_ret + log_rv_ann + log_iv_ann + vrp_proxy + log_iv_rv,6,0.7438006443030099,1,0,0.2777777777777778,-0.00831762950936199,0.03489814604700694,0.35371961341819413,0.6462803865818059,0.41972206451600536,-0.0010915491675536797,-0.001511271232069685,-0.0080346346338684,0.0158472021138178,72,fitted,
2021-12-31,2021-11-30,ML Gradient Boosting + VRP,Gradient Boosting,equity_ret + bond_ret + log_rv_ann + log_iv_ann + vrp_proxy + log_iv_rv,6,0.6323077309758223,1,0,0.2777777777777778,-0.009759427571341038,0.03489814604700694,0.4206153614145066,0.5793846385854934,0.13379149599262496,0.017374097932687946,0.01724030643669532,0.0462477179391753,0.0280975939519886,72,fitted,
2022-01-31,2021-12-31,ML Gradient Boosting + VRP,Gradient Boosting,equity_ret + bond_ret + log_rv_ann + log_iv_ann + vrp_proxy + log_iv_rv,6,0.761932245537152,1,1,0.2777777777777778,-0.006592836571889351,0.03489814604700694,0.3428406526777088,0.6571593473222912,0.15554941747359563,-0.031215791169368443,-0.03137134058684204,-0.0527411838705357,0.0333761810708161,72,fitted,
2022-02-28,2022-01-31,ML Gradient Boosting + VRP,Gradient Boosting,equity_ret + bond_ret + log_rv_ann + log_iv_ann + vrp_proxy + log_iv_rv,6,0.5029432110442213,1,1,0.2916666666666667,-0.006592836571889351,0.03460715472686576,0.4982340733734672,0.5017659266265329,0.31078684139151674,-0.020454959190090778,-0.020765746031482294,-0.0295169814791933,0.0549600150805621,72,fitted,
2022-03-31,2022-02-28,ML Gradient Boosting + VRP,Gradient Boosting,equity_ret + bond_ret + log_rv_ann + log_iv_ann + vrp_proxy + log_iv_rv,6,0.8397855574154885,1,1,0.2777777777777778,-0.009759427571341038,0.03460715472686576,0.2961286655507069,0.7038713344492931,0.4042108156455205,-0.00866259000301567,-0.00906680081866119,0.0375903093946135,0.0508991242086973,72,fitted,
2022-04-30,2022-03-31,ML Gradient Boosting + VRP,Gradient Boosting,equity_ret + bond_ret + log_rv_ann + log_iv_ann + vrp_proxy + log_iv_rv,6,0.8462102718465448,1,1,0.2777777777777778,-0.009759427571341038,0.03489814604700694,0.2922738368920731,0.7077261631079269,0.0077096573172676375,-0.05258783217890817,-0.05259554183622543,-0.0877689610309558,0.0650108003515997,72,fitted,
2022-05-31,2022-04-30,ML Gradient Boosting + VRP,Gradient Boosting,equity_ret + bond_ret + log_rv_ann + log_iv_ann + vrp_proxy + log_iv_rv,6,0.8504362320607936,1,1,0.2638888888888889,-0.015432619427162312,0.0383085163757907,0.2897382607635239,0.7102617392364761,0.005071152257098366,0.006056207670696562,0.006051136518439464,0.0022570559091426,0.0940260584652756,72,fitted,
2022-06-30,2022-05-31,ML Gradient Boosting + VRP,Gradient Boosting,equity_ret + bond_ret + log_rv_ann + log_iv_ann + vrp_proxy + log_iv_rv,6,0.6319525131141167,1,1,0.2777777777777778,-0.015432619427162312,0.04120040259813453,0.42082849213152995,0.57917150786847,0.2621804627360121,-0.04369635852525856,-0.04395853898799457,-0.082460269627578,0.0889215252801937,72,fitted,
2022-07-31,2022-06-30,ML Gradient Boosting + VRP,Gradient Boosting,equity_ret + bond_ret + log_rv_ann + log_iv_ann + vrp_proxy + log_iv_rv,6,0.8785223221776863,1,0,0.2916666666666667,-0.01721843692815344,0.04653876614899408,0.2728866066933882,0.7271133933066118,0.29588377087628354,0.04358420511967994,0.04328832134880366,0.0920873250468234,0.0382937338439917,72,fitted,
2022-08-31,2022-07-31,ML Gradient Boosting + VRP,Gradient Boosting,equity_ret + bond_ret + log_rv_ann + log_iv_ann + vrp_proxy + log_iv_rv,6,0.46847114947236346,0,1,0.2916666666666667,-0.01721843692815344,0.04653876614899408,0.518917310316582,0.48108268968341805,0.4920614072463875,-0.035808742048624095,-0.03630080345587048,-0.0408018508723103,0.03964988655659,72,fitted,
2022-09-30,2022-08-31,ML Gradient Boosting + VRP,Gradient Boosting,equity_ret + bond_ret + log_rv_ann + log_iv_ann + vrp_proxy + log_iv_rv,6,0.7751798098768976,1,1,0.2916666666666667,-0.02341433430196359,0.04653876614899408,0.33489211407386144,0.6651078859261386,0.368050392485441,-0.058528042708243064,-0.058896093100728505,-0.0924459211402304,0.0607277089411956,72,fitted,
2022-10-31,2022-09-30,ML Gradient Boosting + VRP,Gradient Boosting,equity_ret + bond_ret + log_rv_ann + log_iv_ann + vrp_proxy + log_iv_rv,6,0.8390986551391229,1,1,0.2777777777777778,-0.026915210255425075,0.050268423768856756,0.2965408069165263,0.7034591930834737,0.07670261431467029,0.015107993909989964,0.015031291295675294,0.081275540632878,0.0769434253227362,72,fitted,
2022-11-30,2022-10-31,ML Gradient Boosting + VRP,Gradient Boosting,equity_ret + bond_ret + log_rv_ann + log_iv_ann + vrp_proxy + log_iv_rv,6,0.8440753569018451,1,1,0.2777777777777778,-0.026915210255425075,0.052524961669356426,0.29355478585889294,0.7064452141411071,0.005972042115266696,0.043223521211560104,0.043217549169444834,0.0555915071749977,0.0740758740770046,72,fitted,
2022-12-31,2022-11-30,ML Gradient Boosting + VRP,Gradient Boosting,equity_ret + bond_ret + log_rv_ann + log_iv_ann + vrp_proxy + log_iv_rv,6,0.6196158939123658,1,1,0.2777777777777778,-0.026915210255425075,0.053907272453069366,0.42823046365258055,0.5717695363474194,0.2693513555873752,-0.02965525916015707,-0.029924610515744448,-0.0576283212677928,0.0330097876182882,72,fitted,
2023-01-31,2022-12-31,ML Gradient Boosting + VRP,Gradient Boosting,equity_ret + bond_ret + log_rv_ann + log_iv_ann + vrp_proxy + log_iv_rv,6,0.664128160291611,1,0,0.2777777777777778,-0.029095707687113937,0.053907272453069366,0.40152310382503337,0.5984768961749667,0.05341471965509442,0.04518133064528668,0.04512791592563158,0.0628875637028856,0.0270783137113775,72,fitted,
2023-02-28,2023-01-31,ML Gradient Boosting + VRP,Gradient Boosting,equity_ret + bond_ret + log_rv_ann + log_iv_ann + vrp_proxy + log_iv_rv,6,0.24439839161982443,0,0,0.2777777777777778,-0.029095707687113937,0.053907272453069366,0.6533609650281054,0.34663903497189463,0.5036757224061441,-0.025667419922934094,-0.026171095645340238,-0.0251428085962797,0.0257109474056733,72,fitted,
2023-03-31,2023-02-28,ML Gradient Boosting + VRP,Gradient Boosting,equity_ret + bond_ret + log_rv_ann + log_iv_ann + vrp_proxy + log_iv_rv,6,0.35110518552571446,0,0,0.2777777777777778,-0.029095707687113937,0.053907272453069366,0.5893368886845713,0.41066311131542865,0.12804815268706804,0.03269767821010798,0.03256963005742091,0.0370776993762178,0.0342983710803908,72,fitted,
2023-04-30,2023-03-31,ML Gradient Boosting + VRP,Gradient Boosting,equity_ret + bond_ret + log_rv_ann + log_iv_ann + vrp_proxy + log_iv_rv,6,0.735116146564486,1,0,0.2777777777777778,-0.029095707687113937,0.053907272453069366,0.35893031206130843,0.6410696879386916,0.46081315324652583,0.009423538124407967,0.008962724971161441,0.015975076842235,0.0153013085471043,72,fitted,
2023-05-31,2023-04-30,ML Gradient Boosting + VRP,Gradient Boosting,equity_ret + bond_ret + log_rv_ann + log_iv_ann + vrp_proxy + log_iv_rv,6,0.04086948363893641,0,0,0.2777777777777778,-0.029095707687113937,0.053907272453069366,0.7754783098166381,0.22452169018336188,0.8330959955106594,0.0010106212988706077,0.00017752530335994826,0.0046162773444813,0.0162709612878342,72,fitted,
2023-06-30,2023-05-31,ML Gradient Boosting + VRP,Gradient Boosting,equity_ret + bond_ret + log_rv_ann + log_iv_ann + vrp_proxy + log_iv_rv,6,0.3216269775442828,0,0,0.2777777777777778,-0.029095707687113937,0.053907272453069366,0.6070238134734303,0.39297618652656974,0.3369089926864157,0.03788801518103489,0.037551106188348476,0.0647997868231831,0.0126982381756767,72,fitted,
2023-07-31,2023-06-30,ML Gradient Boosting + VRP,Gradient Boosting,equity_ret + bond_ret + log_rv_ann + log_iv_ann + vrp_proxy + log_iv_rv,6,0.7352376762613633,1,0,0.2777777777777778,-0.029095707687113937,0.053907272453069366,0.3588573942431821,0.6411426057568179,0.49633283846049636,0.011648113695178774,0.011151780856718278,0.0327333273782939,0.0080320331531871,72,fitted,
2023-08-31,2023-07-31,ML Gradient Boosting + VRP,Gradient Boosting,equity_ret + bond_ret + log_rv_ann + log_iv_ann + vrp_proxy + log_iv_rv,6,0.1319597442226042,0,0,0.2777777777777778,-0.029095707687113937,0.053907272453069366,0.7208241534664375,0.27917584653356253,0.7239335184465108,-0.01347747465123934,-0.014201408169685851,-0.0162522872564353,0.0135663756498067,72,fitted,
2023-09-30,2023-08-31,ML Gradient Boosting + VRP,Gradient Boosting,equity_ret + bond_ret + log_rv_ann + log_iv_ann + vrp_proxy + log_iv_rv,6,0.2930395019507159,0,1,0.2777777777777778,-0.029095707687113937,0.053907272453069366,0.6241762988295705,0.3758237011704295,0.19329570927373396,-0.03933982252904636,-0.03953311823832009,-0.0474343383529096,0.0123089230331672,72,fitted,
2023-10-31,2023-09-30,ML Gradient Boosting + VRP,Gradient Boosting,equity_ret + bond_ret + log_rv_ann + log_iv_ann + vrp_proxy + log_iv_rv,6,0.4948114487452814,0,0,0.2916666666666667,-0.03499163376062289,0.053907272453069366,0.5031131307528312,0.49688686924716885,0.24212633615347867,-0.01872635553696112,-0.0189684818731146,-0.0217085890517351,0.01986358683567,72,fitted,
2023-11-30,2023-10-31,ML Gradient Boosting + VRP,Gradient Boosting,equity_ret + bond_ret + log_rv_ann + log_iv_ann + vrp_proxy + log_iv_rv,6,0.1488468256623784,0,0,0.2916666666666667,-0.03499163376062289,0.053907272453069366,0.7106919046025729,0.2893080953974271,0.41515754769948354,0.0782050936736374,0.07778993612593792,0.0913438546150167,0.0161631210576473,72,fitted,
2023-12-31,2023-11-30,ML Gradient Boosting + VRP,Gradient Boosting,equity_ret + bond_ret + log_rv_ann + log_iv_ann + vrp_proxy + log_iv_rv,6,0.27407524989411175,0,0,0.2916666666666667,-0.03499163376062289,0.053907272453069366,0.6355548500635331,0.36444514993646693,0.1502741090780797,0.04249244224283952,0.04234216813376144,0.0456553235023327,0.0095094452987884,72,fitted,
2024-01-31,2023-12-31,ML Gradient Boosting + VRP,Gradient Boosting,equity_ret + bond_ret + log_rv_ann + log_iv_ann + vrp_proxy + log_iv_rv,6,0.3426869759266964,0,0,0.2916666666666667,-0.03499163376062289,0.053907272453069366,0.5943878144439823,0.40561218555601775,0.08233407123910164,0.008853377894678167,0.008771043823439066,0.0159264537676127,0.012022422301711,72,fitted,
2024-02-29,2024-01-31,ML Gradient Boosting + VRP,Gradient Boosting,equity_ret + bond_ret + log_rv_ann + log_iv_ann + vrp_proxy + log_iv_rv,6,0.09069122352383222,0,0,0.2916666666666667,-0.03499163376062289,0.053907272453069366,0.7455852658857007,0.25441473411429927,0.30239490288343696,0.03515817508393405,0.03485578018105061,0.0521867637573512,0.0180361802883255,72,fitted,
2024-03-31,2024-02-29,ML Gradient Boosting + VRP,Gradient Boosting,equity_ret + bond_ret + log_rv_ann + log_iv_ann + vrp_proxy + log_iv_rv,6,0.5124171241318066,1,0,0.2916666666666667,-0.029095707687113937,0.052524961669356426,0.492549725520916,0.507450274479084,0.5060710807295694,0.020687056553944035,0.020180985473214466,0.0327019623256443,0.0093227575805002,72,fitted,
2024-04-30,2024-03-31,ML Gradient Boosting + VRP,Gradient Boosting,equity_ret + bond_ret + log_rv_ann + log_iv_ann + vrp_proxy + log_iv_rv,6,0.10886625843021036,0,1,0.2916666666666667,-0.028642146902610577,0.052524961669356426,0.7346802449418738,0.2653197550581262,0.4842610388419155,-0.03619728726650526,-0.03668154830534717,-0.0403195712622416,0.0183152967077742,72,fitted,
2024-05-31,2024-04-30,ML Gradient Boosting + VRP,Gradient Boosting,equity_ret + bond_ret + log_rv_ann + log_iv_ann + vrp_proxy + log_iv_rv,6,0.20094345073288886,0,0,0.3055555555555556,-0.03585831501291937,0.052524961669356426,0.6794339295602667,0.3205660704397333,0.11049263076321414,0.039717552818049645,0.03960706018728643,0.050579662758128,0.0101744101541005,72,fitted,
2024-06-30,2024-05-31,ML Gradient Boosting + VRP,Gradient Boosting,equity_ret + bond_ret + log_rv_ann + log_iv_ann + vrp_proxy + log_iv_rv,6,0.28496282418725405,0,0,0.3055555555555556,-0.03585831501291937,0.052524961669356426,0.6290223054876476,0.3709776945123524,0.10082324814523824,0.02547706357961233,0.025376240331467095,0.0352802155686315,0.0057546308194498,72,fitted,
2024-07-31,2024-06-30,ML Gradient Boosting + VRP,Gradient Boosting,equity_ret + bond_ret + log_rv_ann + log_iv_ann + vrp_proxy + log_iv_rv,6,0.33830064937079485,0,0,0.3055555555555556,-0.03585831501291937,0.052524961669356426,0.597019610377523,0.40298038962247695,0.06400539022024909,0.01697810415523513,0.016914098765014884,0.0121090001742765,0.0207364655978954,72,fitted,
2024-08-31,2024-07-31,ML Gradient Boosting + VRP,Gradient Boosting,equity_ret + bond_ret + log_rv_ann + log_iv_ann + vrp_proxy + log_iv_rv,6,0.3121475577908964,0,0,0.3055555555555556,-0.03585831501291937,0.052524961669356426,0.6127114653254622,0.38728853467453783,0.03138370989587824,0.019976370747240155,0.019944987037344278,0.0233655116495199,0.0345395476672931,72,fitted,
2024-09-30,2024-08-31,ML Gradient Boosting + VRP,Gradient Boosting,equity_ret + bond_ret + log_rv_ann + log_iv_ann + vrp_proxy + log_iv_rv,6,0.5810257992388981,1,0,0.3055555555555556,-0.03585831501291937,0.052524961669356426,0.45138452045666116,0.5486154795433389,0.32265388973760206,0.016793230815559952,0.01647057692582235,0.0210046691575342,0.0182264857507831,72,fitted,
2024-10-31,2024-09-30,ML Gradient Boosting + VRP,Gradient Boosting,equity_ret + bond_ret + log_rv_ann + log_iv_ann + vrp_proxy + log_iv_rv,6,0.08145868555739823,0,0,0.3055555555555556,-0.03585831501291937,0.052524961669356426,0.7511247886655612,0.2488752113344388,0.5994805364178002,-0.012971073461683642,-0.013570553998101443,-0.0089233226091341,0.0121040367628089,72,fitted,
2024-11-30,2024-10-31,ML Gradient Boosting + VRP,Gradient Boosting,equity_ret + bond_ret + log_rv_ann + log_iv_ann + vrp_proxy + log_iv_rv,6,0.3208303260305473,0,0,0.3055555555555556,-0.028642146902610577,0.050268423768856756,0.6075018043816717,0.3924981956183283,0.28724596856777906,0.040587953307084305,0.040300707338516525,0.0596334124214321,0.0193589143729322,72,fitted,
2024-12-31,2024-11-30,ML Gradient Boosting + VRP,Gradient Boosting,equity_ret + bond_ret + log_rv_ann + log_iv_ann + vrp_proxy + log_iv_rv,6,0.19112636263763874,0,0,0.3055555555555556,-0.028642146902610577,0.050268423768856756,0.6853241824174168,0.31467581758258323,0.1556447560714902,-0.021817592208061617,-0.021973236964133107,-0.0240601679420293,0.0201427399796311,72,fitted,
2025-01-31,2024-12-31,ML Gradient Boosting + VRP,Gradient Boosting,equity_ret + bond_ret + log_rv_ann + log_iv_ann + vrp_proxy + log_iv_rv,6,0.1274601217200008,0,0,0.3194444444444444,-0.025100967117411638,0.04653876614899408,0.7235239269679995,0.2764760730320005,0.07639948910116545,0.02085772968249677,0.020781330193395602,0.0268563430385335,0.0181639146208578,72,fitted,
2025-02-28,2025-01-31,ML Gradient Boosting + VRP,Gradient Boosting,equity_ret + bond_ret + log_rv_ann + log_iv_ann + vrp_proxy + log_iv_rv,6,0.06631935597003859,0,0,0.3194444444444444,-0.025100967117411638,0.04653876614899408,0.760208386417977,0.23979161358202306,0.0733689188999549,-0.004285665795543195,-0.00435903471444315,-0.0126948383346631,0.0156150264513951,72,fitted,
2025-03-31,2025-02-28,ML Gradient Boosting + VRP,Gradient Boosting,equity_ret + bond_ret + log_rv_ann + log_iv_ann + vrp_proxy + log_iv_rv,6,0.45925256250762336,0,1,0.3194444444444444,-0.025100967117411638,0.04653876614899408,0.524448462495426,0.475551537504574,0.4715198478451019,-0.02934690063217473,-0.029818420480019835,-0.0557193109152176,0.0429462964131152,72,fitted,
2025-04-30,2025-03-31,ML Gradient Boosting + VRP,Gradient Boosting,equity_ret + bond_ret + log_rv_ann + log_iv_ann + vrp_proxy + log_iv_rv,6,0.5744303770574394,1,1,0.3194444444444444,-0.028642146902610577,0.04678575689021866,0.4553417737655364,0.5446582262344636,0.13821337745977913,-0.0016000980745022658,-0.0017383114519620448,-0.0086700565441837,0.2567628013799623,72,fitted,
2025-05-31,2025-04-30,ML Gradient Boosting + VRP,Gradient Boosting,equity_ret + bond_ret + log_rv_ann + log_iv_ann + vrp_proxy + log_iv_rv,6,0.785790598598268,1,0,0.3194444444444444,-0.028642146902610577,0.050268423768856756,0.3285256408410392,0.6714743591589608,0.25363226584899445,0.01657108669705799,0.016317454431208994,0.0628449330316358,0.0291108184760711,72,fitted,
2025-06-30,2025-05-31,ML Gradient Boosting + VRP,Gradient Boosting,equity_ret + bond_ret + log_rv_ann + log_iv_ann + vrp_proxy + log_iv_rv,6,0.6784494670241086,1,0,0.3194444444444444,-0.025100967117411638,0.050268423768856756,0.39293031978553483,0.6070696802144652,0.12880935788899128,0.02902620274391164,0.02889739338602265,0.0513862300067524,0.0104482979209881,72,fitted,
2025-07-31,2025-06-30,ML Gradient Boosting + VRP,Gradient Boosting,equity_ret + bond_ret + log_rv_ann + log_iv_ann + vrp_proxy + log_iv_rv,6,0.06256693402050624,0,0,0.3194444444444444,-0.025100967117411638,0.050268423768856756,0.7624598395876964,0.23754016041230364,0.7390590396043231,0.016933559958313988,0.016194500918709664,0.0230314465157532,0.0045755355674042,72,fitted,
2025-08-31,2025-07-31,ML Gradient Boosting + VRP,Gradient Boosting,equity_ret + bond_ret + log_rv_ann + log_iv_ann + vrp_proxy + log_iv_rv,6,0.7354367482496323,1,0,0.3194444444444444,-0.025100967117411638,0.050268423768856756,0.3587379510502206,0.6412620489497793,0.8074437770749514,0.0149944794768895,0.014187035699814549,0.020519581676716,0.0138541544091754,72,fitted,
2025-09-30,2025-08-31,ML Gradient Boosting + VRP,Gradient Boosting,equity_ret + bond_ret + log_rv_ann + log_iv_ann + vrp_proxy + log_iv_rv,6,0.11388623477821078,0,0,0.3194444444444444,-0.025100967117411638,0.04678575689021866,0.7316682591330737,0.26833174086692635,0.745860616165706,0.029085762980054414,0.028339902363888708,0.0356203351082846,0.0055984775803282,72,fitted,
2025-10-31,2025-09-30,ML Gradient Boosting + VRP,Gradient Boosting,equity_ret + bond_ret + log_rv_ann + log_iv_ann + vrp_proxy + log_iv_rv,6,0.33516247390189907,0,0,0.3194444444444444,-0.025100967117411638,0.04678575689021866,0.5989025156588605,0.40109748434113945,0.2655314869484262,0.016744853246996656,0.01647932176004823,0.0238373935763009,0.0199937619170661,72,fitted,
2025-11-30,2025-10-31,ML Gradient Boosting + VRP,Gradient Boosting,equity_ret + bond_ret + log_rv_ann + log_iv_ann + vrp_proxy + log_iv_rv,6,0.05482349790150257,0,0,0.3194444444444444,-0.025100967117411638,0.04678575689021866,0.7671059012590986,0.2328940987409014,0.33640677120047613,0.0029065368290428564,0.0025701300578423805,0.0019500049129079,0.0218304524668779,72,fitted,
2025-12-31,2025-11-30,ML Gradient Boosting + VRP,Gradient Boosting,equity_ret + bond_ret + log_rv_ann + log_iv_ann + vrp_proxy + log_iv_rv,6,0.12731994138617042,0,0,0.3194444444444444,-0.025100967117411638,0.04678575689021866,0.7236080351682977,0.27639196483170225,0.08699573218160173,-0.00019402182630752333,-0.00028101755848912506,0.0007975029584423,0.0072805308906585,72,fitted,
2026-01-31,2025-12-31,ML Gradient Boosting + VRP,Gradient Boosting,equity_ret + bond_ret + log_rv_ann + log_iv_ann + vrp_proxy + log_iv_rv,6,0.2824177633959363,0,0,0.3194444444444444,-0.025100967117411638,0.04678575689021866,0.6305493419624382,0.36945065803756183,0.18611738641171915,0.010217598330600017,0.010031480944188298,0.0147377288395744,0.0104027816905062,72,fitted,
2026-02-28,2026-01-31,ML Gradient Boosting + VRP,Gradient Boosting,equity_ret + bond_ret + log_rv_ann + log_iv_ann + vrp_proxy + log_iv_rv,6,0.08505352747548495,0,0,0.3194444444444444,-0.025100967117411638,0.04678575689021866,0.7489678835147091,0.2510321164852909,0.23683708310454188,-0.0024607428851315576,-0.0026975799682360997,-0.0086419583402239,0.0155355419994685,72,fitted,
2026-03-31,2026-02-28,ML Gradient Boosting + VRP,Gradient Boosting,equity_ret + bond_ret + log_rv_ann + log_iv_ann + vrp_proxy + log_iv_rv,6,0.3071294443416938,0,1,0.3194444444444444,-0.024758914549957378,0.042699305671890626,0.6157223333949837,0.3842776666050163,0.2664911002394508,-0.037300186383820814,-0.037566677484060264,-0.0493795666434433,0.0336631117304774,72,fitted,
2026-04-30,2026-03-31,ML Gradient Boosting + VRP,Gradient Boosting,equity_ret + bond_ret + log_rv_ann + log_iv_ann + vrp_proxy + log_iv_rv,6,0.8335463995042192,1,0,0.3194444444444444,-0.024758914549957378,0.041299051476911854,0.29987216029746855,0.7001278397025315,0.6317003461950303,0.03268424448340904,0.03205254413721401,0.1050526868659724,0.0185667696328473,72,fitted,
2026-05-31,2026-04-30,ML Gradient Boosting + VRP,Gradient Boosting,equity_ret + bond_ret + log_rv_ann + log_iv_ann + vrp_proxy + log_iv_rv,6,0.11178771043961547,0,0,0.3055555555555556,-0.024758914549957378,0.03937865601407035,0.7329273737362307,0.26707262626376926,0.8661104268775244,0.039355015549918194,0.03848890512304067,0.0526257530375027,0.0113541354564915,72,fitted,
2026-06-30,2026-05-31,ML Gradient Boosting + VRP,Gradient Boosting,equity_ret + bond_ret + log_rv_ann + log_iv_ann + vrp_proxy + log_iv_rv,6,0.15051349207132858,0,0,0.3055555555555556,-0.024758914549957378,0.037542896608651996,0.7096919047572029,0.2903080952427971,0.04647093795805568,-0.007538985821510164,-0.00758545675946822,-0.010292566443839,0.0305821878815242,72,fitted,
2026-07-31,2026-06-30,ML Gradient Boosting + VRP,Gradient Boosting,equity_ret + bond_ret + log_rv_ann + log_iv_ann + vrp_proxy + log_iv_rv,6,0.5459636309402663,1,0,0.3055555555555556,-0.024758914549957378,0.034491312349912644,0.4724218214358402,0.5275781785641598,0.47454016664272536,-0.00038093874920407957,-0.0008554789158468049,0.0029192289711224,0.0307701984972596,72,fitted,
